window_id,section_id,start_time,end_time,scheduled_train_count,forecast_utilization_percent,availability_status,traffic_impact_level
WIN-SEC-A01-2026090700,SEC-A01,2026-09-07 00:00:00,2026-09-07 01:00:00,2,57,UNAVAILABLE,HIGH
WIN-SEC-A01-2026090701,SEC-A01,2026-09-07 01:00:00,2026-09-07 02:00:00,1,57,UNAVAILABLE,MEDIUM
WIN-SEC-A01-2026090702,SEC-A01,2026-09-07 02:00:00,2026-09-07 03:00:00,1,57,UNAVAILABLE,MEDIUM
WIN-SEC-A01-2026090703,SEC-A01,2026-09-07 03:00:00,2026-09-07 04:00:00,2,69,UNAVAILABLE,HIGH
WIN-SEC-A01-2026090704,SEC-A01,2026-09-07 04:00:00,2026-09-07 05:00:00,1,69,UNAVAILABLE,MEDIUM
WIN-SEC-A01-2026090705,SEC-A01,2026-09-07 05:00:00,2026-09-07 06:00:00,2,69,UNAVAILABLE,HIGH
WIN-SEC-A01-2026090706,SEC-A01,2026-09-07 06:00:00,2026-09-07 07:00:00,2,93,UNAVAILABLE,HIGH
WIN-SEC-A01-2026090707,SEC-A01,2026-09-07 07:00:00,2026-09-07 08:00:00,2,93,UNAVAILABLE,HIGH
WIN-SEC-A01-2026090708,SEC-A01,2026-09-07 08:00:00,2026-09-07 09:00:00,2,93,UNAVAILABLE,HIGH
WIN-SEC-A01-2026090709,SEC-A01,2026-09-07 09:00:00,2026-09-07 10:00:00,2,77,UNAVAILABLE,HIGH
WIN-SEC-A01-2026090710,SEC-A01,2026-09-07 10:00:00,2026-09-07 11:00:00,2,77,UNAVAILABLE,HIGH
WIN-SEC-A01-2026090711,SEC-A01,2026-09-07 11:00:00,2026-09-07 12:00:00,1,77,UNAVAILABLE,MEDIUM
WIN-SEC-A01-2026090712,SEC-A01,2026-09-07 12:00:00,2026-09-07 13:00:00,1,66,UNAVAILABLE,MEDIUM
WIN-SEC-A01-2026090713,SEC-A01,2026-09-07 13:00:00,2026-09-07 14:00:00,2,66,UNAVAILABLE,HIGH
WIN-SEC-A01-2026090714,SEC-A01,2026-09-07 14:00:00,2026-09-07 15:00:00,1,66,UNAVAILABLE,MEDIUM
WIN-SEC-A01-2026090715,SEC-A01,2026-09-07 15:00:00,2026-09-07 16:00:00,1,78,UNAVAILABLE,MEDIUM
WIN-SEC-A01-2026090716,SEC-A01,2026-09-07 16:00:00,2026-09-07 17:00:00,1,78,UNAVAILABLE,MEDIUM
WIN-SEC-A01-2026090717,SEC-A01,2026-09-07 17:00:00,2026-09-07 18:00:00,2,78,UNAVAILABLE,HIGH
WIN-SEC-A01-2026090718,SEC-A01,2026-09-07 18:00:00,2026-09-07 19:00:00,1,86,UNAVAILABLE,MEDIUM
WIN-SEC-A01-2026090719,SEC-A01,2026-09-07 19:00:00,2026-09-07 20:00:00,2,86,UNAVAILABLE,HIGH
WIN-SEC-A01-2026090720,SEC-A01,2026-09-07 20:00:00,2026-09-07 21:00:00,2,86,UNAVAILABLE,HIGH
WIN-SEC-A01-2026090721,SEC-A01,2026-09-07 21:00:00,2026-09-07 22:00:00,2,87,UNAVAILABLE,HIGH
WIN-SEC-A01-2026090722,SEC-A01,2026-09-07 22:00:00,2026-09-07 23:00:00,2,87,UNAVAILABLE,HIGH
WIN-SEC-A01-2026090723,SEC-A01,2026-09-07 23:00:00,2026-09-08 00:00:00,1,87,UNAVAILABLE,MEDIUM
WIN-SEC-A02-2026090700,SEC-A02,2026-09-07 00:00:00,2026-09-07 01:00:00,1,66,UNAVAILABLE,MEDIUM
WIN-SEC-A02-2026090701,SEC-A02,2026-09-07 01:00:00,2026-09-07 02:00:00,1,66,UNAVAILABLE,MEDIUM
WIN-SEC-A02-2026090702,SEC-A02,2026-09-07 02:00:00,2026-09-07 03:00:00,1,66,UNAVAILABLE,MEDIUM
WIN-SEC-A02-2026090703,SEC-A02,2026-09-07 03:00:00,2026-09-07 04:00:00,1,66,UNAVAILABLE,MEDIUM
WIN-SEC-A02-2026090704,SEC-A02,2026-09-07 04:00:00,2026-09-07 05:00:00,1,66,UNAVAILABLE,MEDIUM
WIN-SEC-A02-2026090705,SEC-A02,2026-09-07 05:00:00,2026-09-07 06:00:00,2,66,UNAVAILABLE,HIGH
WIN-SEC-A02-2026090706,SEC-A02,2026-09-07 06:00:00,2026-09-07 07:00:00,1,76,UNAVAILABLE,MEDIUM
WIN-SEC-A02-2026090707,SEC-A02,2026-09-07 07:00:00,2026-09-07 08:00:00,2,76,UNAVAILABLE,HIGH
WIN-SEC-A02-2026090708,SEC-A02,2026-09-07 08:00:00,2026-09-07 09:00:00,2,76,UNAVAILABLE,HIGH
WIN-SEC-A02-2026090709,SEC-A02,2026-09-07 09:00:00,2026-09-07 10:00:00,2,90,UNAVAILABLE,HIGH
WIN-SEC-A02-2026090710,SEC-A02,2026-09-07 10:00:00,2026-09-07 11:00:00,1,90,UNAVAILABLE,MEDIUM
WIN-SEC-A02-2026090711,SEC-A02,2026-09-07 11:00:00,2026-09-07 12:00:00,2,90,UNAVAILABLE,HIGH
WIN-SEC-A02-2026090712,SEC-A02,2026-09-07 12:00:00,2026-09-07 13:00:00,1,79,UNAVAILABLE,MEDIUM
WIN-SEC-A02-2026090713,SEC-A02,2026-09-07 13:00:00,2026-09-07 14:00:00,1,79,UNAVAILABLE,MEDIUM
WIN-SEC-A02-2026090714,SEC-A02,2026-09-07 14:00:00,2026-09-07 15:00:00,1,79,UNAVAILABLE,MEDIUM
WIN-SEC-A02-2026090715,SEC-A02,2026-09-07 15:00:00,2026-09-07 16:00:00,1,71,UNAVAILABLE,MEDIUM
WIN-SEC-A02-2026090716,SEC-A02,2026-09-07 16:00:00,2026-09-07 17:00:00,1,71,UNAVAILABLE,MEDIUM
WIN-SEC-A02-2026090717,SEC-A02,2026-09-07 17:00:00,2026-09-07 18:00:00,2,71,UNAVAILABLE,HIGH
WIN-SEC-A02-2026090718,SEC-A02,2026-09-07 18:00:00,2026-09-07 19:00:00,1,84,UNAVAILABLE,MEDIUM
WIN-SEC-A02-2026090719,SEC-A02,2026-09-07 19:00:00,2026-09-07 20:00:00,2,84,UNAVAILABLE,HIGH
WIN-SEC-A02-2026090720,SEC-A02,2026-09-07 20:00:00,2026-09-07 21:00:00,2,84,UNAVAILABLE,HIGH
WIN-SEC-A02-2026090721,SEC-A02,2026-09-07 21:00:00,2026-09-07 22:00:00,1,75,UNAVAILABLE,MEDIUM
WIN-SEC-A02-2026090722,SEC-A02,2026-09-07 22:00:00,2026-09-07 23:00:00,2,75,UNAVAILABLE,HIGH
WIN-SEC-A02-2026090723,SEC-A02,2026-09-07 23:00:00,2026-09-08 00:00:00,1,75,UNAVAILABLE,MEDIUM
WIN-SEC-B01-2026090700,SEC-B01,2026-09-07 00:00:00,2026-09-07 01:00:00,1,47,UNAVAILABLE,MEDIUM
WIN-SEC-B01-2026090701,SEC-B01,2026-09-07 01:00:00,2026-09-07 02:00:00,1,47,UNAVAILABLE,MEDIUM
WIN-SEC-B01-2026090702,SEC-B01,2026-09-07 02:00:00,2026-09-07 03:00:00,1,47,UNAVAILABLE,MEDIUM
WIN-SEC-B01-2026090703,SEC-B01,2026-09-07 03:00:00,2026-09-07 04:00:00,1,47,UNAVAILABLE,MEDIUM
WIN-SEC-B01-2026090704,SEC-B01,2026-09-07 04:00:00,2026-09-07 05:00:00,1,47,UNAVAILABLE,MEDIUM
WIN-SEC-B01-2026090705,SEC-B01,2026-09-07 05:00:00,2026-09-07 06:00:00,0,47,AVAILABLE,LOW
WIN-SEC-B01-2026090706,SEC-B01,2026-09-07 06:00:00,2026-09-07 07:00:00,1,64,UNAVAILABLE,MEDIUM
WIN-SEC-B01-2026090707,SEC-B01,2026-09-07 07:00:00,2026-09-07 08:00:00,1,64,UNAVAILABLE,MEDIUM
WIN-SEC-B01-2026090708,SEC-B01,2026-09-07 08:00:00,2026-09-07 09:00:00,2,64,UNAVAILABLE,HIGH
WIN-SEC-B01-2026090709,SEC-B01,2026-09-07 09:00:00,2026-09-07 10:00:00,1,71,UNAVAILABLE,MEDIUM
WIN-SEC-B01-2026090710,SEC-B01,2026-09-07 10:00:00,2026-09-07 11:00:00,1,71,UNAVAILABLE,MEDIUM
WIN-SEC-B01-2026090711,SEC-B01,2026-09-07 11:00:00,2026-09-07 12:00:00,1,71,UNAVAILABLE,MEDIUM
WIN-SEC-B01-2026090712,SEC-B01,2026-09-07 12:00:00,2026-09-07 13:00:00,1,50,UNAVAILABLE,MEDIUM
WIN-SEC-B01-2026090713,SEC-B01,2026-09-07 13:00:00,2026-09-07 14:00:00,1,50,UNAVAILABLE,MEDIUM
WIN-SEC-B01-2026090714,SEC-B01,2026-09-07 14:00:00,2026-09-07 15:00:00,2,50,UNAVAILABLE,HIGH
WIN-SEC-B01-2026090715,SEC-B01,2026-09-07 15:00:00,2026-09-07 16:00:00,1,55,UNAVAILABLE,MEDIUM
WIN-SEC-B01-2026090716,SEC-B01,2026-09-07 16:00:00,2026-09-07 17:00:00,1,55,UNAVAILABLE,MEDIUM
WIN-SEC-B01-2026090717,SEC-B01,2026-09-07 17:00:00,2026-09-07 18:00:00,1,55,UNAVAILABLE,MEDIUM
WIN-SEC-B01-2026090718,SEC-B01,2026-09-07 18:00:00,2026-09-07 19:00:00,1,58,UNAVAILABLE,MEDIUM
WIN-SEC-B01-2026090719,SEC-B01,2026-09-07 19:00:00,2026-09-07 20:00:00,1,58,UNAVAILABLE,MEDIUM
WIN-SEC-B01-2026090720,SEC-B01,2026-09-07 20:00:00,2026-09-07 21:00:00,1,58,UNAVAILABLE,MEDIUM
WIN-SEC-B01-2026090721,SEC-B01,2026-09-07 21:00:00,2026-09-07 22:00:00,1,64,UNAVAILABLE,MEDIUM
WIN-SEC-B01-2026090722,SEC-B01,2026-09-07 22:00:00,2026-09-07 23:00:00,1,64,UNAVAILABLE,MEDIUM
WIN-SEC-B01-2026090723,SEC-B01,2026-09-07 23:00:00,2026-09-08 00:00:00,1,64,UNAVAILABLE,MEDIUM
WIN-SEC-B02-2026090700,SEC-B02,2026-09-07 00:00:00,2026-09-07 01:00:00,0,43,AVAILABLE,LOW
WIN-SEC-B02-2026090701,SEC-B02,2026-09-07 01:00:00,2026-09-07 02:00:00,1,43,UNAVAILABLE,MEDIUM
WIN-SEC-B02-2026090702,SEC-B02,2026-09-07 02:00:00,2026-09-07 03:00:00,2,43,UNAVAILABLE,HIGH
WIN-SEC-B02-2026090703,SEC-B02,2026-09-07 03:00:00,2026-09-07 04:00:00,1,45,UNAVAILABLE,MEDIUM
WIN-SEC-B02-2026090704,SEC-B02,2026-09-07 04:00:00,2026-09-07 05:00:00,1,45,UNAVAILABLE,MEDIUM
WIN-SEC-B02-2026090705,SEC-B02,2026-09-07 05:00:00,2026-09-07 06:00:00,2,45,UNAVAILABLE,HIGH
WIN-SEC-B02-2026090706,SEC-B02,2026-09-07 06:00:00,2026-09-07 07:00:00,1,62,UNAVAILABLE,MEDIUM
WIN-SEC-B02-2026090707,SEC-B02,2026-09-07 07:00:00,2026-09-07 08:00:00,1,62,UNAVAILABLE,MEDIUM
WIN-SEC-B02-2026090708,SEC-B02,2026-09-07 08:00:00,2026-09-07 09:00:00,1,62,UNAVAILABLE,MEDIUM
WIN-SEC-B02-2026090709,SEC-B02,2026-09-07 09:00:00,2026-09-07 10:00:00,1,63,UNAVAILABLE,MEDIUM
WIN-SEC-B02-2026090710,SEC-B02,2026-09-07 10:00:00,2026-09-07 11:00:00,1,63,UNAVAILABLE,MEDIUM
WIN-SEC-B02-2026090711,SEC-B02,2026-09-07 11:00:00,2026-09-07 12:00:00,1,63,UNAVAILABLE,MEDIUM
WIN-SEC-B02-2026090712,SEC-B02,2026-09-07 12:00:00,2026-09-07 13:00:00,1,57,UNAVAILABLE,MEDIUM
WIN-SEC-B02-2026090713,SEC-B02,2026-09-07 13:00:00,2026-09-07 14:00:00,1,57,UNAVAILABLE,MEDIUM
WIN-SEC-B02-2026090714,SEC-B02,2026-09-07 14:00:00,2026-09-07 15:00:00,1,57,UNAVAILABLE,MEDIUM
WIN-SEC-B02-2026090715,SEC-B02,2026-09-07 15:00:00,2026-09-07 16:00:00,1,49,UNAVAILABLE,MEDIUM
WIN-SEC-B02-2026090716,SEC-B02,2026-09-07 16:00:00,2026-09-07 17:00:00,1,49,UNAVAILABLE,MEDIUM
WIN-SEC-B02-2026090717,SEC-B02,2026-09-07 17:00:00,2026-09-07 18:00:00,2,49,UNAVAILABLE,HIGH
WIN-SEC-B02-2026090718,SEC-B02,2026-09-07 18:00:00,2026-09-07 19:00:00,1,54,UNAVAILABLE,MEDIUM
WIN-SEC-B02-2026090719,SEC-B02,2026-09-07 19:00:00,2026-09-07 20:00:00,1,54,UNAVAILABLE,MEDIUM
WIN-SEC-B02-2026090720,SEC-B02,2026-09-07 20:00:00,2026-09-07 21:00:00,2,54,UNAVAILABLE,HIGH
WIN-SEC-B02-2026090721,SEC-B02,2026-09-07 21:00:00,2026-09-07 22:00:00,1,74,UNAVAILABLE,MEDIUM
WIN-SEC-B02-2026090722,SEC-B02,2026-09-07 22:00:00,2026-09-07 23:00:00,1,74,UNAVAILABLE,MEDIUM
WIN-SEC-B02-2026090723,SEC-B02,2026-09-07 23:00:00,2026-09-08 00:00:00,2,74,UNAVAILABLE,HIGH
WIN-SEC-C01-2026090700,SEC-C01,2026-09-07 00:00:00,2026-09-07 01:00:00,1,32,UNAVAILABLE,MEDIUM
WIN-SEC-C01-2026090701,SEC-C01,2026-09-07 01:00:00,2026-09-07 02:00:00,0,32,AVAILABLE,LOW
WIN-SEC-C01-2026090702,SEC-C01,2026-09-07 02:00:00,2026-09-07 03:00:00,1,32,UNAVAILABLE,MEDIUM
WIN-SEC-C01-2026090703,SEC-C01,2026-09-07 03:00:00,2026-09-07 04:00:00,1,16,UNAVAILABLE,MEDIUM
WIN-SEC-C01-2026090704,SEC-C01,2026-09-07 04:00:00,2026-09-07 05:00:00,1,16,UNAVAILABLE,MEDIUM
WIN-SEC-C01-2026090705,SEC-C01,2026-09-07 05:00:00,2026-09-07 06:00:00,1,16,UNAVAILABLE,MEDIUM
WIN-SEC-C01-2026090706,SEC-C01,2026-09-07 06:00:00,2026-09-07 07:00:00,0,48,UNAVAILABLE,MEDIUM
WIN-SEC-C01-2026090707,SEC-C01,2026-09-07 07:00:00,2026-09-07 08:00:00,1,48,UNAVAILABLE,MEDIUM
WIN-SEC-C01-2026090708,SEC-C01,2026-09-07 08:00:00,2026-09-07 09:00:00,0,48,UNAVAILABLE,MEDIUM
WIN-SEC-C01-2026090709,SEC-C01,2026-09-07 09:00:00,2026-09-07 10:00:00,1,41,UNAVAILABLE,MEDIUM
WIN-SEC-C01-2026090710,SEC-C01,2026-09-07 10:00:00,2026-09-07 11:00:00,1,41,UNAVAILABLE,MEDIUM
WIN-SEC-C01-2026090711,SEC-C01,2026-09-07 11:00:00,2026-09-07 12:00:00,1,41,UNAVAILABLE,MEDIUM
WIN-SEC-C01-2026090712,SEC-C01,2026-09-07 12:00:00,2026-09-07 13:00:00,1,34,UNAVAILABLE,MEDIUM
WIN-SEC-C01-2026090713,SEC-C01,2026-09-07 13:00:00,2026-09-07 14:00:00,0,34,AVAILABLE,LOW
WIN-SEC-C01-2026090714,SEC-C01,2026-09-07 14:00:00,2026-09-07 15:00:00,1,34,UNAVAILABLE,MEDIUM
WIN-SEC-C01-2026090715,SEC-C01,2026-09-07 15:00:00,2026-09-07 16:00:00,1,34,UNAVAILABLE,MEDIUM
WIN-SEC-C01-2026090716,SEC-C01,2026-09-07 16:00:00,2026-09-07 17:00:00,1,34,UNAVAILABLE,MEDIUM
WIN-SEC-C01-2026090717,SEC-C01,2026-09-07 17:00:00,2026-09-07 18:00:00,1,34,UNAVAILABLE,MEDIUM
WIN-SEC-C01-2026090718,SEC-C01,2026-09-07 18:00:00,2026-09-07 19:00:00,0,43,UNAVAILABLE,MEDIUM
WIN-SEC-C01-2026090719,SEC-C01,2026-09-07 19:00:00,2026-09-07 20:00:00,1,43,UNAVAILABLE,MEDIUM
WIN-SEC-C01-2026090720,SEC-C01,2026-09-07 20:00:00,2026-09-07 21:00:00,0,43,UNAVAILABLE,MEDIUM
WIN-SEC-C01-2026090721,SEC-C01,2026-09-07 21:00:00,2026-09-07 22:00:00,1,39,UNAVAILABLE,MEDIUM
WIN-SEC-C01-2026090722,SEC-C01,2026-09-07 22:00:00,2026-09-07 23:00:00,1,39,UNAVAILABLE,MEDIUM
WIN-SEC-C01-2026090723,SEC-C01,2026-09-07 23:00:00,2026-09-08 00:00:00,0,39,AVAILABLE,LOW
WIN-SEC-A01-2026090800,SEC-A01,2026-09-08 00:00:00,2026-09-08 01:00:00,0,60,AVAILABLE,LOW
WIN-SEC-A01-2026090801,SEC-A01,2026-09-08 01:00:00,2026-09-08 02:00:00,1,60,UNAVAILABLE,MEDIUM
WIN-SEC-A01-2026090802,SEC-A01,2026-09-08 02:00:00,2026-09-08 03:00:00,1,60,UNAVAILABLE,MEDIUM
WIN-SEC-A01-2026090803,SEC-A01,2026-09-08 03:00:00,2026-09-08 04:00:00,1,59,UNAVAILABLE,MEDIUM
WIN-SEC-A01-2026090804,SEC-A01,2026-09-08 04:00:00,2026-09-08 05:00:00,1,59,UNAVAILABLE,MEDIUM
WIN-SEC-A01-2026090805,SEC-A01,2026-09-08 05:00:00,2026-09-08 06:00:00,1,59,UNAVAILABLE,MEDIUM
WIN-SEC-A01-2026090806,SEC-A01,2026-09-08 06:00:00,2026-09-08 07:00:00,2,79,UNAVAILABLE,HIGH
WIN-SEC-A01-2026090807,SEC-A01,2026-09-08 07:00:00,2026-09-08 08:00:00,2,79,UNAVAILABLE,HIGH
WIN-SEC-A01-2026090808,SEC-A01,2026-09-08 08:00:00,2026-09-08 09:00:00,2,79,UNAVAILABLE,HIGH
WIN-SEC-A01-2026090809,SEC-A01,2026-09-08 09:00:00,2026-09-08 10:00:00,2,84,UNAVAILABLE,HIGH
WIN-SEC-A01-2026090810,SEC-A01,2026-09-08 10:00:00,2026-09-08 11:00:00,2,84,UNAVAILABLE,HIGH
WIN-SEC-A01-2026090811,SEC-A01,2026-09-08 11:00:00,2026-09-08 12:00:00,1,84,UNAVAILABLE,MEDIUM
WIN-SEC-A01-2026090812,SEC-A01,2026-09-08 12:00:00,2026-09-08 13:00:00,2,68,UNAVAILABLE,HIGH
WIN-SEC-A01-2026090813,SEC-A01,2026-09-08 13:00:00,2026-09-08 14:00:00,1,68,UNAVAILABLE,MEDIUM
WIN-SEC-A01-2026090814,SEC-A01,2026-09-08 14:00:00,2026-09-08 15:00:00,1,68,UNAVAILABLE,MEDIUM
WIN-SEC-A01-2026090815,SEC-A01,2026-09-08 15:00:00,2026-09-08 16:00:00,1,76,UNAVAILABLE,MEDIUM
WIN-SEC-A01-2026090816,SEC-A01,2026-09-08 16:00:00,2026-09-08 17:00:00,1,76,UNAVAILABLE,MEDIUM
WIN-SEC-A01-2026090817,SEC-A01,2026-09-08 17:00:00,2026-09-08 18:00:00,2,76,UNAVAILABLE,HIGH
WIN-SEC-A01-2026090818,SEC-A01,2026-09-08 18:00:00,2026-09-08 19:00:00,2,93,UNAVAILABLE,HIGH
WIN-SEC-A01-2026090819,SEC-A01,2026-09-08 19:00:00,2026-09-08 20:00:00,2,93,UNAVAILABLE,HIGH
WIN-SEC-A01-2026090820,SEC-A01,2026-09-08 20:00:00,2026-09-08 21:00:00,2,93,UNAVAILABLE,HIGH
WIN-SEC-A01-2026090821,SEC-A01,2026-09-08 21:00:00,2026-09-08 22:00:00,2,81,UNAVAILABLE,HIGH
WIN-SEC-A01-2026090822,SEC-A01,2026-09-08 22:00:00,2026-09-08 23:00:00,1,81,UNAVAILABLE,MEDIUM
WIN-SEC-A01-2026090823,SEC-A01,2026-09-08 23:00:00,2026-09-09 00:00:00,2,81,UNAVAILABLE,HIGH
WIN-SEC-A02-2026090800,SEC-A02,2026-09-08 00:00:00,2026-09-08 01:00:00,1,65,UNAVAILABLE,MEDIUM
WIN-SEC-A02-2026090801,SEC-A02,2026-09-08 01:00:00,2026-09-08 02:00:00,1,65,UNAVAILABLE,MEDIUM
WIN-SEC-A02-2026090802,SEC-A02,2026-09-08 02:00:00,2026-09-08 03:00:00,1,65,UNAVAILABLE,MEDIUM
WIN-SEC-A02-2026090803,SEC-A02,2026-09-08 03:00:00,2026-09-08 04:00:00,1,67,UNAVAILABLE,MEDIUM
WIN-SEC-A02-2026090804,SEC-A02,2026-09-08 04:00:00,2026-09-08 05:00:00,1,67,UNAVAILABLE,MEDIUM
WIN-SEC-A02-2026090805,SEC-A02,2026-09-08 05:00:00,2026-09-08 06:00:00,1,67,UNAVAILABLE,MEDIUM
WIN-SEC-A02-2026090806,SEC-A02,2026-09-08 06:00:00,2026-09-08 07:00:00,1,87,UNAVAILABLE,MEDIUM
WIN-SEC-A02-2026090807,SEC-A02,2026-09-08 07:00:00,2026-09-08 08:00:00,2,87,UNAVAILABLE,HIGH
WIN-SEC-A02-2026090808,SEC-A02,2026-09-08 08:00:00,2026-09-08 09:00:00,2,87,UNAVAILABLE,HIGH
WIN-SEC-A02-2026090809,SEC-A02,2026-09-08 09:00:00,2026-09-08 10:00:00,2,84,UNAVAILABLE,HIGH
WIN-SEC-A02-2026090810,SEC-A02,2026-09-08 10:00:00,2026-09-08 11:00:00,2,84,UNAVAILABLE,HIGH
WIN-SEC-A02-2026090811,SEC-A02,2026-09-08 11:00:00,2026-09-08 12:00:00,2,84,UNAVAILABLE,HIGH
WIN-SEC-A02-2026090812,SEC-A02,2026-09-08 12:00:00,2026-09-08 13:00:00,2,76,UNAVAILABLE,HIGH
WIN-SEC-A02-2026090813,SEC-A02,2026-09-08 13:00:00,2026-09-08 14:00:00,1,76,UNAVAILABLE,MEDIUM
WIN-SEC-A02-2026090814,SEC-A02,2026-09-08 14:00:00,2026-09-08 15:00:00,1,76,UNAVAILABLE,MEDIUM
WIN-SEC-A02-2026090815,SEC-A02,2026-09-08 15:00:00,2026-09-08 16:00:00,1,75,UNAVAILABLE,MEDIUM
WIN-SEC-A02-2026090816,SEC-A02,2026-09-08 16:00:00,2026-09-08 17:00:00,1,75,UNAVAILABLE,MEDIUM
WIN-SEC-A02-2026090817,SEC-A02,2026-09-08 17:00:00,2026-09-08 18:00:00,1,75,UNAVAILABLE,MEDIUM
WIN-SEC-A02-2026090818,SEC-A02,2026-09-08 18:00:00,2026-09-08 19:00:00,1,77,UNAVAILABLE,MEDIUM
WIN-SEC-A02-2026090819,SEC-A02,2026-09-08 19:00:00,2026-09-08 20:00:00,2,77,UNAVAILABLE,HIGH
WIN-SEC-A02-2026090820,SEC-A02,2026-09-08 20:00:00,2026-09-08 21:00:00,2,77,UNAVAILABLE,HIGH
WIN-SEC-A02-2026090821,SEC-A02,2026-09-08 21:00:00,2026-09-08 22:00:00,2,89,UNAVAILABLE,HIGH
WIN-SEC-A02-2026090822,SEC-A02,2026-09-08 22:00:00,2026-09-08 23:00:00,2,89,UNAVAILABLE,HIGH
WIN-SEC-A02-2026090823,SEC-A02,2026-09-08 23:00:00,2026-09-09 00:00:00,2,89,UNAVAILABLE,HIGH
WIN-SEC-B01-2026090800,SEC-B01,2026-09-08 00:00:00,2026-09-08 01:00:00,0,49,AVAILABLE,LOW
WIN-SEC-B01-2026090801,SEC-B01,2026-09-08 01:00:00,2026-09-08 02:00:00,1,49,UNAVAILABLE,MEDIUM
WIN-SEC-B01-2026090802,SEC-B01,2026-09-08 02:00:00,2026-09-08 03:00:00,2,49,UNAVAILABLE,HIGH
WIN-SEC-B01-2026090803,SEC-B01,2026-09-08 03:00:00,2026-09-08 04:00:00,1,39,UNAVAILABLE,MEDIUM
WIN-SEC-B01-2026090804,SEC-B01,2026-09-08 04:00:00,2026-09-08 05:00:00,1,39,UNAVAILABLE,MEDIUM
WIN-SEC-B01-2026090805,SEC-B01,2026-09-08 05:00:00,2026-09-08 06:00:00,1,39,UNAVAILABLE,MEDIUM
WIN-SEC-B01-2026090806,SEC-B01,2026-09-08 06:00:00,2026-09-08 07:00:00,1,64,UNAVAILABLE,MEDIUM
WIN-SEC-B01-2026090807,SEC-B01,2026-09-08 07:00:00,2026-09-08 08:00:00,1,64,UNAVAILABLE,MEDIUM
WIN-SEC-B01-2026090808,SEC-B01,2026-09-08 08:00:00,2026-09-08 09:00:00,2,64,UNAVAILABLE,HIGH
WIN-SEC-B01-2026090809,SEC-B01,2026-09-08 09:00:00,2026-09-08 10:00:00,1,68,UNAVAILABLE,MEDIUM
WIN-SEC-B01-2026090810,SEC-B01,2026-09-08 10:00:00,2026-09-08 11:00:00,1,68,UNAVAILABLE,MEDIUM
WIN-SEC-B01-2026090811,SEC-B01,2026-09-08 11:00:00,2026-09-08 12:00:00,2,68,UNAVAILABLE,HIGH
WIN-SEC-B01-2026090812,SEC-B01,2026-09-08 12:00:00,2026-09-08 13:00:00,1,51,UNAVAILABLE,MEDIUM
WIN-SEC-B01-2026090813,SEC-B01,2026-09-08 13:00:00,2026-09-08 14:00:00,1,51,UNAVAILABLE,MEDIUM
WIN-SEC-B01-2026090814,SEC-B01,2026-09-08 14:00:00,2026-09-08 15:00:00,0,51,AVAILABLE,LOW
WIN-SEC-B01-2026090815,SEC-B01,2026-09-08 15:00:00,2026-09-08 16:00:00,1,58,UNAVAILABLE,MEDIUM
WIN-SEC-B01-2026090816,SEC-B01,2026-09-08 16:00:00,2026-09-08 17:00:00,1,58,UNAVAILABLE,MEDIUM
WIN-SEC-B01-2026090817,SEC-B01,2026-09-08 17:00:00,2026-09-08 18:00:00,1,58,UNAVAILABLE,MEDIUM
WIN-SEC-B01-2026090818,SEC-B01,2026-09-08 18:00:00,2026-09-08 19:00:00,1,78,UNAVAILABLE,MEDIUM
WIN-SEC-B01-2026090819,SEC-B01,2026-09-08 19:00:00,2026-09-08 20:00:00,1,78,UNAVAILABLE,MEDIUM
WIN-SEC-B01-2026090820,SEC-B01,2026-09-08 20:00:00,2026-09-08 21:00:00,2,78,UNAVAILABLE,HIGH
WIN-SEC-B01-2026090821,SEC-B01,2026-09-08 21:00:00,2026-09-08 22:00:00,1,59,UNAVAILABLE,MEDIUM
WIN-SEC-B01-2026090822,SEC-B01,2026-09-08 22:00:00,2026-09-08 23:00:00,1,59,UNAVAILABLE,MEDIUM
WIN-SEC-B01-2026090823,SEC-B01,2026-09-08 23:00:00,2026-09-09 00:00:00,1,59,UNAVAILABLE,MEDIUM
WIN-SEC-B02-2026090800,SEC-B02,2026-09-08 00:00:00,2026-09-08 01:00:00,1,36,UNAVAILABLE,MEDIUM
WIN-SEC-B02-2026090801,SEC-B02,2026-09-08 01:00:00,2026-09-08 02:00:00,1,36,UNAVAILABLE,MEDIUM
WIN-SEC-B02-2026090802,SEC-B02,2026-09-08 02:00:00,2026-09-08 03:00:00,1,36,UNAVAILABLE,MEDIUM
WIN-SEC-B02-2026090803,SEC-B02,2026-09-08 03:00:00,2026-09-08 04:00:00,1,46,UNAVAILABLE,MEDIUM
WIN-SEC-B02-2026090804,SEC-B02,2026-09-08 04:00:00,2026-09-08 05:00:00,1,46,UNAVAILABLE,MEDIUM
WIN-SEC-B02-2026090805,SEC-B02,2026-09-08 05:00:00,2026-09-08 06:00:00,1,46,UNAVAILABLE,MEDIUM
WIN-SEC-B02-2026090806,SEC-B02,2026-09-08 06:00:00,2026-09-08 07:00:00,1,68,UNAVAILABLE,MEDIUM
WIN-SEC-B02-2026090807,SEC-B02,2026-09-08 07:00:00,2026-09-08 08:00:00,1,68,UNAVAILABLE,MEDIUM
WIN-SEC-B02-2026090808,SEC-B02,2026-09-08 08:00:00,2026-09-08 09:00:00,1,68,UNAVAILABLE,MEDIUM
WIN-SEC-B02-2026090809,SEC-B02,2026-09-08 09:00:00,2026-09-08 10:00:00,1,63,UNAVAILABLE,MEDIUM
WIN-SEC-B02-2026090810,SEC-B02,2026-09-08 10:00:00,2026-09-08 11:00:00,1,63,UNAVAILABLE,MEDIUM
WIN-SEC-B02-2026090811,SEC-B02,2026-09-08 11:00:00,2026-09-08 12:00:00,1,63,UNAVAILABLE,MEDIUM
WIN-SEC-B02-2026090812,SEC-B02,2026-09-08 12:00:00,2026-09-08 13:00:00,1,61,UNAVAILABLE,MEDIUM
WIN-SEC-B02-2026090813,SEC-B02,2026-09-08 13:00:00,2026-09-08 14:00:00,1,61,UNAVAILABLE,MEDIUM
WIN-SEC-B02-2026090814,SEC-B02,2026-09-08 14:00:00,2026-09-08 15:00:00,1,61,UNAVAILABLE,MEDIUM
WIN-SEC-B02-2026090815,SEC-B02,2026-09-08 15:00:00,2026-09-08 16:00:00,1,44,UNAVAILABLE,MEDIUM
WIN-SEC-B02-2026090816,SEC-B02,2026-09-08 16:00:00,2026-09-08 17:00:00,1,44,UNAVAILABLE,MEDIUM
WIN-SEC-B02-2026090817,SEC-B02,2026-09-08 17:00:00,2026-09-08 18:00:00,2,44,UNAVAILABLE,HIGH
WIN-SEC-B02-2026090818,SEC-B02,2026-09-08 18:00:00,2026-09-08 19:00:00,1,68,UNAVAILABLE,MEDIUM
WIN-SEC-B02-2026090819,SEC-B02,2026-09-08 19:00:00,2026-09-08 20:00:00,1,68,UNAVAILABLE,MEDIUM
WIN-SEC-B02-2026090820,SEC-B02,2026-09-08 20:00:00,2026-09-08 21:00:00,1,68,UNAVAILABLE,MEDIUM
WIN-SEC-B02-2026090821,SEC-B02,2026-09-08 21:00:00,2026-09-08 22:00:00,1,60,UNAVAILABLE,MEDIUM
WIN-SEC-B02-2026090822,SEC-B02,2026-09-08 22:00:00,2026-09-08 23:00:00,1,60,UNAVAILABLE,MEDIUM
WIN-SEC-B02-2026090823,SEC-B02,2026-09-08 23:00:00,2026-09-09 00:00:00,2,60,UNAVAILABLE,HIGH
WIN-SEC-C01-2026090800,SEC-C01,2026-09-08 00:00:00,2026-09-08 01:00:00,0,34,AVAILABLE,LOW
WIN-SEC-C01-2026090801,SEC-C01,2026-09-08 01:00:00,2026-09-08 02:00:00,0,34,AVAILABLE,LOW
WIN-SEC-C01-2026090802,SEC-C01,2026-09-08 02:00:00,2026-09-08 03:00:00,1,34,UNAVAILABLE,MEDIUM
WIN-SEC-C01-2026090803,SEC-C01,2026-09-08 03:00:00,2026-09-08 04:00:00,1,36,UNAVAILABLE,MEDIUM
WIN-SEC-C01-2026090804,SEC-C01,2026-09-08 04:00:00,2026-09-08 05:00:00,1,36,UNAVAILABLE,MEDIUM
WIN-SEC-C01-2026090805,SEC-C01,2026-09-08 05:00:00,2026-09-08 06:00:00,1,36,UNAVAILABLE,MEDIUM
WIN-SEC-C01-2026090806,SEC-C01,2026-09-08 06:00:00,2026-09-08 07:00:00,0,39,UNAVAILABLE,MEDIUM
WIN-SEC-C01-2026090807,SEC-C01,2026-09-08 07:00:00,2026-09-08 08:00:00,1,39,UNAVAILABLE,MEDIUM
WIN-SEC-C01-2026090808,SEC-C01,2026-09-08 08:00:00,2026-09-08 09:00:00,0,39,UNAVAILABLE,MEDIUM
WIN-SEC-C01-2026090809,SEC-C01,2026-09-08 09:00:00,2026-09-08 10:00:00,1,41,UNAVAILABLE,MEDIUM
WIN-SEC-C01-2026090810,SEC-C01,2026-09-08 10:00:00,2026-09-08 11:00:00,1,41,UNAVAILABLE,MEDIUM
WIN-SEC-C01-2026090811,SEC-C01,2026-09-08 11:00:00,2026-09-08 12:00:00,1,41,UNAVAILABLE,MEDIUM
WIN-SEC-C01-2026090812,SEC-C01,2026-09-08 12:00:00,2026-09-08 13:00:00,1,37,UNAVAILABLE,MEDIUM
WIN-SEC-C01-2026090813,SEC-C01,2026-09-08 13:00:00,2026-09-08 14:00:00,0,37,AVAILABLE,LOW
WIN-SEC-C01-2026090814,SEC-C01,2026-09-08 14:00:00,2026-09-08 15:00:00,1,37,UNAVAILABLE,MEDIUM
WIN-SEC-C01-2026090815,SEC-C01,2026-09-08 15:00:00,2026-09-08 16:00:00,1,30,UNAVAILABLE,MEDIUM
WIN-SEC-C01-2026090816,SEC-C01,2026-09-08 16:00:00,2026-09-08 17:00:00,1,30,UNAVAILABLE,MEDIUM
WIN-SEC-C01-2026090817,SEC-C01,2026-09-08 17:00:00,2026-09-08 18:00:00,1,30,UNAVAILABLE,MEDIUM
WIN-SEC-C01-2026090818,SEC-C01,2026-09-08 18:00:00,2026-09-08 19:00:00,1,44,UNAVAILABLE,MEDIUM
WIN-SEC-C01-2026090819,SEC-C01,2026-09-08 19:00:00,2026-09-08 20:00:00,1,44,UNAVAILABLE,MEDIUM
WIN-SEC-C01-2026090820,SEC-C01,2026-09-08 20:00:00,2026-09-08 21:00:00,0,44,UNAVAILABLE,MEDIUM
WIN-SEC-C01-2026090821,SEC-C01,2026-09-08 21:00:00,2026-09-08 22:00:00,1,44,UNAVAILABLE,MEDIUM
WIN-SEC-C01-2026090822,SEC-C01,2026-09-08 22:00:00,2026-09-08 23:00:00,1,44,UNAVAILABLE,MEDIUM
WIN-SEC-C01-2026090823,SEC-C01,2026-09-08 23:00:00,2026-09-09 00:00:00,1,44,UNAVAILABLE,MEDIUM
WIN-SEC-A01-2026090900,SEC-A01,2026-09-09 00:00:00,2026-09-09 01:00:00,2,52,UNAVAILABLE,HIGH
WIN-SEC-A01-2026090901,SEC-A01,2026-09-09 01:00:00,2026-09-09 02:00:00,1,52,UNAVAILABLE,MEDIUM
WIN-SEC-A01-2026090902,SEC-A01,2026-09-09 02:00:00,2026-09-09 03:00:00,1,52,UNAVAILABLE,MEDIUM
WIN-SEC-A01-2026090903,SEC-A01,2026-09-09 03:00:00,2026-09-09 04:00:00,1,64,UNAVAILABLE,MEDIUM
WIN-SEC-A01-2026090904,SEC-A01,2026-09-09 04:00:00,2026-09-09 05:00:00,1,64,UNAVAILABLE,MEDIUM
WIN-SEC-A01-2026090905,SEC-A01,2026-09-09 05:00:00,2026-09-09 06:00:00,1,64,UNAVAILABLE,MEDIUM
WIN-SEC-A01-2026090906,SEC-A01,2026-09-09 06:00:00,2026-09-09 07:00:00,2,80,UNAVAILABLE,HIGH
WIN-SEC-A01-2026090907,SEC-A01,2026-09-09 07:00:00,2026-09-09 08:00:00,2,80,UNAVAILABLE,HIGH
WIN-SEC-A01-2026090908,SEC-A01,2026-09-09 08:00:00,2026-09-09 09:00:00,2,80,UNAVAILABLE,HIGH
WIN-SEC-A01-2026090909,SEC-A01,2026-09-09 09:00:00,2026-09-09 10:00:00,1,81,UNAVAILABLE,MEDIUM
WIN-SEC-A01-2026090910,SEC-A01,2026-09-09 10:00:00,2026-09-09 11:00:00,1,81,UNAVAILABLE,MEDIUM
WIN-SEC-A01-2026090911,SEC-A01,2026-09-09 11:00:00,2026-09-09 12:00:00,2,81,UNAVAILABLE,HIGH
WIN-SEC-A01-2026090912,SEC-A01,2026-09-09 12:00:00,2026-09-09 13:00:00,1,81,UNAVAILABLE,MEDIUM
WIN-SEC-A01-2026090913,SEC-A01,2026-09-09 13:00:00,2026-09-09 14:00:00,1,81,UNAVAILABLE,MEDIUM
WIN-SEC-A01-2026090914,SEC-A01,2026-09-09 14:00:00,2026-09-09 15:00:00,1,81,UNAVAILABLE,MEDIUM
WIN-SEC-A01-2026090915,SEC-A01,2026-09-09 15:00:00,2026-09-09 16:00:00,1,64,UNAVAILABLE,MEDIUM
WIN-SEC-A01-2026090916,SEC-A01,2026-09-09 16:00:00,2026-09-09 17:00:00,1,64,UNAVAILABLE,MEDIUM
WIN-SEC-A01-2026090917,SEC-A01,2026-09-09 17:00:00,2026-09-09 18:00:00,2,64,UNAVAILABLE,HIGH
WIN-SEC-A01-2026090918,SEC-A01,2026-09-09 18:00:00,2026-09-09 19:00:00,1,89,UNAVAILABLE,MEDIUM
WIN-SEC-A01-2026090919,SEC-A01,2026-09-09 19:00:00,2026-09-09 20:00:00,2,89,UNAVAILABLE,HIGH
WIN-SEC-A01-2026090920,SEC-A01,2026-09-09 20:00:00,2026-09-09 21:00:00,2,89,UNAVAILABLE,HIGH
WIN-SEC-A01-2026090921,SEC-A01,2026-09-09 21:00:00,2026-09-09 22:00:00,1,82,UNAVAILABLE,MEDIUM
WIN-SEC-A01-2026090922,SEC-A01,2026-09-09 22:00:00,2026-09-09 23:00:00,2,82,UNAVAILABLE,HIGH
WIN-SEC-A01-2026090923,SEC-A01,2026-09-09 23:00:00,2026-09-10 00:00:00,1,82,UNAVAILABLE,MEDIUM
WIN-SEC-A02-2026090900,SEC-A02,2026-09-09 00:00:00,2026-09-09 01:00:00,1,62,UNAVAILABLE,MEDIUM
WIN-SEC-A02-2026090901,SEC-A02,2026-09-09 01:00:00,2026-09-09 02:00:00,1,62,UNAVAILABLE,MEDIUM
WIN-SEC-A02-2026090902,SEC-A02,2026-09-09 02:00:00,2026-09-09 03:00:00,1,62,UNAVAILABLE,MEDIUM
WIN-SEC-A02-2026090903,SEC-A02,2026-09-09 03:00:00,2026-09-09 04:00:00,1,69,UNAVAILABLE,MEDIUM
WIN-SEC-A02-2026090904,SEC-A02,2026-09-09 04:00:00,2026-09-09 05:00:00,1,69,UNAVAILABLE,MEDIUM
WIN-SEC-A02-2026090905,SEC-A02,2026-09-09 05:00:00,2026-09-09 06:00:00,2,69,UNAVAILABLE,HIGH
WIN-SEC-A02-2026090906,SEC-A02,2026-09-09 06:00:00,2026-09-09 07:00:00,1,86,UNAVAILABLE,MEDIUM
WIN-SEC-A02-2026090907,SEC-A02,2026-09-09 07:00:00,2026-09-09 08:00:00,2,86,UNAVAILABLE,HIGH
WIN-SEC-A02-2026090908,SEC-A02,2026-09-09 08:00:00,2026-09-09 09:00:00,2,86,UNAVAILABLE,HIGH
WIN-SEC-A02-2026090909,SEC-A02,2026-09-09 09:00:00,2026-09-09 10:00:00,2,87,UNAVAILABLE,HIGH
WIN-SEC-A02-2026090910,SEC-A02,2026-09-09 10:00:00,2026-09-09 11:00:00,2,87,UNAVAILABLE,HIGH
WIN-SEC-A02-2026090911,SEC-A02,2026-09-09 11:00:00,2026-09-09 12:00:00,1,87,UNAVAILABLE,MEDIUM
WIN-SEC-A02-2026090912,SEC-A02,2026-09-09 12:00:00,2026-09-09 13:00:00,2,78,UNAVAILABLE,HIGH
WIN-SEC-A02-2026090913,SEC-A02,2026-09-09 13:00:00,2026-09-09 14:00:00,1,78,UNAVAILABLE,MEDIUM
WIN-SEC-A02-2026090914,SEC-A02,2026-09-09 14:00:00,2026-09-09 15:00:00,1,78,UNAVAILABLE,MEDIUM
WIN-SEC-A02-2026090915,SEC-A02,2026-09-09 15:00:00,2026-09-09 16:00:00,1,70,UNAVAILABLE,MEDIUM
WIN-SEC-A02-2026090916,SEC-A02,2026-09-09 16:00:00,2026-09-09 17:00:00,1,70,UNAVAILABLE,MEDIUM
WIN-SEC-A02-2026090917,SEC-A02,2026-09-09 17:00:00,2026-09-09 18:00:00,1,70,UNAVAILABLE,MEDIUM
WIN-SEC-A02-2026090918,SEC-A02,2026-09-09 18:00:00,2026-09-09 19:00:00,2,80,UNAVAILABLE,HIGH
WIN-SEC-A02-2026090919,SEC-A02,2026-09-09 19:00:00,2026-09-09 20:00:00,2,80,UNAVAILABLE,HIGH
WIN-SEC-A02-2026090920,SEC-A02,2026-09-09 20:00:00,2026-09-09 21:00:00,2,80,UNAVAILABLE,HIGH
WIN-SEC-A02-2026090921,SEC-A02,2026-09-09 21:00:00,2026-09-09 22:00:00,2,77,UNAVAILABLE,HIGH
WIN-SEC-A02-2026090922,SEC-A02,2026-09-09 22:00:00,2026-09-09 23:00:00,1,77,UNAVAILABLE,MEDIUM
WIN-SEC-A02-2026090923,SEC-A02,2026-09-09 23:00:00,2026-09-10 00:00:00,2,77,UNAVAILABLE,HIGH
WIN-SEC-B01-2026090900,SEC-B01,2026-09-09 00:00:00,2026-09-09 01:00:00,1,39,UNAVAILABLE,MEDIUM
WIN-SEC-B01-2026090901,SEC-B01,2026-09-09 01:00:00,2026-09-09 02:00:00,1,39,UNAVAILABLE,MEDIUM
WIN-SEC-B01-2026090902,SEC-B01,2026-09-09 02:00:00,2026-09-09 03:00:00,1,39,UNAVAILABLE,MEDIUM
WIN-SEC-B01-2026090903,SEC-B01,2026-09-09 03:00:00,2026-09-09 04:00:00,1,62,UNAVAILABLE,MEDIUM
WIN-SEC-B01-2026090904,SEC-B01,2026-09-09 04:00:00,2026-09-09 05:00:00,1,62,UNAVAILABLE,MEDIUM
WIN-SEC-B01-2026090905,SEC-B01,2026-09-09 05:00:00,2026-09-09 06:00:00,0,62,AVAILABLE,LOW
WIN-SEC-B01-2026090906,SEC-B01,2026-09-09 06:00:00,2026-09-09 07:00:00,1,71,UNAVAILABLE,MEDIUM
WIN-SEC-B01-2026090907,SEC-B01,2026-09-09 07:00:00,2026-09-09 08:00:00,1,71,UNAVAILABLE,MEDIUM
WIN-SEC-B01-2026090908,SEC-B01,2026-09-09 08:00:00,2026-09-09 09:00:00,1,71,UNAVAILABLE,MEDIUM
WIN-SEC-B01-2026090909,SEC-B01,2026-09-09 09:00:00,2026-09-09 10:00:00,1,56,UNAVAILABLE,MEDIUM
WIN-SEC-B01-2026090910,SEC-B01,2026-09-09 10:00:00,2026-09-09 11:00:00,1,56,UNAVAILABLE,MEDIUM
WIN-SEC-B01-2026090911,SEC-B01,2026-09-09 11:00:00,2026-09-09 12:00:00,2,56,UNAVAILABLE,HIGH
WIN-SEC-B01-2026090912,SEC-B01,2026-09-09 12:00:00,2026-09-09 13:00:00,1,44,UNAVAILABLE,MEDIUM
WIN-SEC-B01-2026090913,SEC-B01,2026-09-09 13:00:00,2026-09-09 14:00:00,1,44,UNAVAILABLE,MEDIUM
WIN-SEC-B01-2026090914,SEC-B01,2026-09-09 14:00:00,2026-09-09 15:00:00,2,44,UNAVAILABLE,HIGH
WIN-SEC-B01-2026090915,SEC-B01,2026-09-09 15:00:00,2026-09-09 16:00:00,1,55,UNAVAILABLE,MEDIUM
WIN-SEC-B01-2026090916,SEC-B01,2026-09-09 16:00:00,2026-09-09 17:00:00,1,55,UNAVAILABLE,MEDIUM
WIN-SEC-B01-2026090917,SEC-B01,2026-09-09 17:00:00,2026-09-09 18:00:00,2,55,UNAVAILABLE,HIGH
WIN-SEC-B01-2026090918,SEC-B01,2026-09-09 18:00:00,2026-09-09 19:00:00,1,67,UNAVAILABLE,MEDIUM
WIN-SEC-B01-2026090919,SEC-B01,2026-09-09 19:00:00,2026-09-09 20:00:00,1,67,UNAVAILABLE,MEDIUM
WIN-SEC-B01-2026090920,SEC-B01,2026-09-09 20:00:00,2026-09-09 21:00:00,1,67,UNAVAILABLE,MEDIUM
WIN-SEC-B01-2026090921,SEC-B01,2026-09-09 21:00:00,2026-09-09 22:00:00,1,67,UNAVAILABLE,MEDIUM
WIN-SEC-B01-2026090922,SEC-B01,2026-09-09 22:00:00,2026-09-09 23:00:00,1,67,UNAVAILABLE,MEDIUM
WIN-SEC-B01-2026090923,SEC-B01,2026-09-09 23:00:00,2026-09-10 00:00:00,2,67,UNAVAILABLE,HIGH
WIN-SEC-B02-2026090900,SEC-B02,2026-09-09 00:00:00,2026-09-09 01:00:00,2,42,UNAVAILABLE,HIGH
WIN-SEC-B02-2026090901,SEC-B02,2026-09-09 01:00:00,2026-09-09 02:00:00,1,42,UNAVAILABLE,MEDIUM
WIN-SEC-B02-2026090902,SEC-B02,2026-09-09 02:00:00,2026-09-09 03:00:00,0,42,AVAILABLE,LOW
WIN-SEC-B02-2026090903,SEC-B02,2026-09-09 03:00:00,2026-09-09 04:00:00,1,43,UNAVAILABLE,MEDIUM
WIN-SEC-B02-2026090904,SEC-B02,2026-09-09 04:00:00,2026-09-09 05:00:00,1,43,UNAVAILABLE,MEDIUM
WIN-SEC-B02-2026090905,SEC-B02,2026-09-09 05:00:00,2026-09-09 06:00:00,1,43,UNAVAILABLE,MEDIUM
WIN-SEC-B02-2026090906,SEC-B02,2026-09-09 06:00:00,2026-09-09 07:00:00,1,66,UNAVAILABLE,MEDIUM
WIN-SEC-B02-2026090907,SEC-B02,2026-09-09 07:00:00,2026-09-09 08:00:00,1,66,UNAVAILABLE,MEDIUM
WIN-SEC-B02-2026090908,SEC-B02,2026-09-09 08:00:00,2026-09-09 09:00:00,2,66,UNAVAILABLE,HIGH
WIN-SEC-B02-2026090909,SEC-B02,2026-09-09 09:00:00,2026-09-09 10:00:00,1,65,UNAVAILABLE,MEDIUM
WIN-SEC-B02-2026090910,SEC-B02,2026-09-09 10:00:00,2026-09-09 11:00:00,1,65,UNAVAILABLE,MEDIUM
WIN-SEC-B02-2026090911,SEC-B02,2026-09-09 11:00:00,2026-09-09 12:00:00,0,65,UNAVAILABLE,MEDIUM
WIN-SEC-B02-2026090912,SEC-B02,2026-09-09 12:00:00,2026-09-09 13:00:00,1,39,UNAVAILABLE,MEDIUM
WIN-SEC-B02-2026090913,SEC-B02,2026-09-09 13:00:00,2026-09-09 14:00:00,1,39,UNAVAILABLE,MEDIUM
WIN-SEC-B02-2026090914,SEC-B02,2026-09-09 14:00:00,2026-09-09 15:00:00,1,39,UNAVAILABLE,MEDIUM
WIN-SEC-B02-2026090915,SEC-B02,2026-09-09 15:00:00,2026-09-09 16:00:00,1,51,UNAVAILABLE,MEDIUM
WIN-SEC-B02-2026090916,SEC-B02,2026-09-09 16:00:00,2026-09-09 17:00:00,1,51,UNAVAILABLE,MEDIUM
WIN-SEC-B02-2026090917,SEC-B02,2026-09-09 17:00:00,2026-09-09 18:00:00,1,51,UNAVAILABLE,MEDIUM
WIN-SEC-B02-2026090918,SEC-B02,2026-09-09 18:00:00,2026-09-09 19:00:00,1,59,UNAVAILABLE,MEDIUM
WIN-SEC-B02-2026090919,SEC-B02,2026-09-09 19:00:00,2026-09-09 20:00:00,1,59,UNAVAILABLE,MEDIUM
WIN-SEC-B02-2026090920,SEC-B02,2026-09-09 20:00:00,2026-09-09 21:00:00,1,59,UNAVAILABLE,MEDIUM
WIN-SEC-B02-2026090921,SEC-B02,2026-09-09 21:00:00,2026-09-09 22:00:00,1,65,UNAVAILABLE,MEDIUM
WIN-SEC-B02-2026090922,SEC-B02,2026-09-09 22:00:00,2026-09-09 23:00:00,1,65,UNAVAILABLE,MEDIUM
WIN-SEC-B02-2026090923,SEC-B02,2026-09-09 23:00:00,2026-09-10 00:00:00,0,65,UNAVAILABLE,MEDIUM
WIN-SEC-C01-2026090900,SEC-C01,2026-09-09 00:00:00,2026-09-09 01:00:00,2,42,UNAVAILABLE,HIGH
WIN-SEC-C01-2026090901,SEC-C01,2026-09-09 01:00:00,2026-09-09 02:00:00,0,42,AVAILABLE,LOW
WIN-SEC-C01-2026090902,SEC-C01,2026-09-09 02:00:00,2026-09-09 03:00:00,1,42,UNAVAILABLE,MEDIUM
WIN-SEC-C01-2026090903,SEC-C01,2026-09-09 03:00:00,2026-09-09 04:00:00,1,26,UNAVAILABLE,MEDIUM
WIN-SEC-C01-2026090904,SEC-C01,2026-09-09 04:00:00,2026-09-09 05:00:00,1,26,UNAVAILABLE,MEDIUM
WIN-SEC-C01-2026090905,SEC-C01,2026-09-09 05:00:00,2026-09-09 06:00:00,1,26,UNAVAILABLE,MEDIUM
WIN-SEC-C01-2026090906,SEC-C01,2026-09-09 06:00:00,2026-09-09 07:00:00,0,42,UNAVAILABLE,MEDIUM
WIN-SEC-C01-2026090907,SEC-C01,2026-09-09 07:00:00,2026-09-09 08:00:00,1,42,UNAVAILABLE,MEDIUM
WIN-SEC-C01-2026090908,SEC-C01,2026-09-09 08:00:00,2026-09-09 09:00:00,1,42,UNAVAILABLE,MEDIUM
WIN-SEC-C01-2026090909,SEC-C01,2026-09-09 09:00:00,2026-09-09 10:00:00,1,50,UNAVAILABLE,MEDIUM
WIN-SEC-C01-2026090910,SEC-C01,2026-09-09 10:00:00,2026-09-09 11:00:00,1,50,UNAVAILABLE,MEDIUM
WIN-SEC-C01-2026090911,SEC-C01,2026-09-09 11:00:00,2026-09-09 12:00:00,1,50,UNAVAILABLE,MEDIUM
WIN-SEC-C01-2026090912,SEC-C01,2026-09-09 12:00:00,2026-09-09 13:00:00,1,35,UNAVAILABLE,MEDIUM
WIN-SEC-C01-2026090913,SEC-C01,2026-09-09 13:00:00,2026-09-09 14:00:00,0,35,AVAILABLE,LOW
WIN-SEC-C01-2026090914,SEC-C01,2026-09-09 14:00:00,2026-09-09 15:00:00,1,35,UNAVAILABLE,MEDIUM
WIN-SEC-C01-2026090915,SEC-C01,2026-09-09 15:00:00,2026-09-09 16:00:00,0,35,AVAILABLE,LOW
WIN-SEC-C01-2026090916,SEC-C01,2026-09-09 16:00:00,2026-09-09 17:00:00,1,35,UNAVAILABLE,MEDIUM
WIN-SEC-C01-2026090917,SEC-C01,2026-09-09 17:00:00,2026-09-09 18:00:00,1,35,UNAVAILABLE,MEDIUM
WIN-SEC-C01-2026090918,SEC-C01,2026-09-09 18:00:00,2026-09-09 19:00:00,0,48,UNAVAILABLE,MEDIUM
WIN-SEC-C01-2026090919,SEC-C01,2026-09-09 19:00:00,2026-09-09 20:00:00,1,48,UNAVAILABLE,MEDIUM
WIN-SEC-C01-2026090920,SEC-C01,2026-09-09 20:00:00,2026-09-09 21:00:00,0,48,UNAVAILABLE,MEDIUM
WIN-SEC-C01-2026090921,SEC-C01,2026-09-09 21:00:00,2026-09-09 22:00:00,1,56,UNAVAILABLE,MEDIUM
WIN-SEC-C01-2026090922,SEC-C01,2026-09-09 22:00:00,2026-09-09 23:00:00,1,56,UNAVAILABLE,MEDIUM
WIN-SEC-C01-2026090923,SEC-C01,2026-09-09 23:00:00,2026-09-10 00:00:00,0,56,AVAILABLE,LOW
WIN-SEC-A01-2026091000,SEC-A01,2026-09-10 00:00:00,2026-09-10 01:00:00,1,57,UNAVAILABLE,MEDIUM
WIN-SEC-A01-2026091001,SEC-A01,2026-09-10 01:00:00,2026-09-10 02:00:00,2,57,UNAVAILABLE,HIGH
WIN-SEC-A01-2026091002,SEC-A01,2026-09-10 02:00:00,2026-09-10 03:00:00,1,57,UNAVAILABLE,MEDIUM
WIN-SEC-A01-2026091003,SEC-A01,2026-09-10 03:00:00,2026-09-10 04:00:00,1,67,UNAVAILABLE,MEDIUM
WIN-SEC-A01-2026091004,SEC-A01,2026-09-10 04:00:00,2026-09-10 05:00:00,1,67,UNAVAILABLE,MEDIUM
WIN-SEC-A01-2026091005,SEC-A01,2026-09-10 05:00:00,2026-09-10 06:00:00,1,67,UNAVAILABLE,MEDIUM
WIN-SEC-A01-2026091006,SEC-A01,2026-09-10 06:00:00,2026-09-10 07:00:00,1,78,UNAVAILABLE,MEDIUM
WIN-SEC-A01-2026091007,SEC-A01,2026-09-10 07:00:00,2026-09-10 08:00:00,2,78,UNAVAILABLE,HIGH
WIN-SEC-A01-2026091008,SEC-A01,2026-09-10 08:00:00,2026-09-10 09:00:00,2,78,UNAVAILABLE,HIGH
WIN-SEC-A01-2026091009,SEC-A01,2026-09-10 09:00:00,2026-09-10 10:00:00,1,87,UNAVAILABLE,MEDIUM
WIN-SEC-A01-2026091010,SEC-A01,2026-09-10 10:00:00,2026-09-10 11:00:00,2,87,UNAVAILABLE,HIGH
WIN-SEC-A01-2026091011,SEC-A01,2026-09-10 11:00:00,2026-09-10 12:00:00,1,87,UNAVAILABLE,MEDIUM
WIN-SEC-A01-2026091012,SEC-A01,2026-09-10 12:00:00,2026-09-10 13:00:00,1,66,UNAVAILABLE,MEDIUM
WIN-SEC-A01-2026091013,SEC-A01,2026-09-10 13:00:00,2026-09-10 14:00:00,1,66,UNAVAILABLE,MEDIUM
WIN-SEC-A01-2026091014,SEC-A01,2026-09-10 14:00:00,2026-09-10 15:00:00,1,66,UNAVAILABLE,MEDIUM
WIN-SEC-A01-2026091015,SEC-A01,2026-09-10 15:00:00,2026-09-10 16:00:00,1,69,UNAVAILABLE,MEDIUM
WIN-SEC-A01-2026091016,SEC-A01,2026-09-10 16:00:00,2026-09-10 17:00:00,1,69,UNAVAILABLE,MEDIUM
WIN-SEC-A01-2026091017,SEC-A01,2026-09-10 17:00:00,2026-09-10 18:00:00,2,69,UNAVAILABLE,HIGH
WIN-SEC-A01-2026091018,SEC-A01,2026-09-10 18:00:00,2026-09-10 19:00:00,2,82,UNAVAILABLE,HIGH
WIN-SEC-A01-2026091019,SEC-A01,2026-09-10 19:00:00,2026-09-10 20:00:00,2,82,UNAVAILABLE,HIGH
WIN-SEC-A01-2026091020,SEC-A01,2026-09-10 20:00:00,2026-09-10 21:00:00,1,82,UNAVAILABLE,MEDIUM
WIN-SEC-A01-2026091021,SEC-A01,2026-09-10 21:00:00,2026-09-10 22:00:00,2,90,UNAVAILABLE,HIGH
WIN-SEC-A01-2026091022,SEC-A01,2026-09-10 22:00:00,2026-09-10 23:00:00,2,90,UNAVAILABLE,HIGH
WIN-SEC-A01-2026091023,SEC-A01,2026-09-10 23:00:00,2026-09-11 00:00:00,1,90,UNAVAILABLE,MEDIUM
WIN-SEC-A02-2026091000,SEC-A02,2026-09-10 00:00:00,2026-09-10 01:00:00,1,70,UNAVAILABLE,MEDIUM
WIN-SEC-A02-2026091001,SEC-A02,2026-09-10 01:00:00,2026-09-10 02:00:00,2,70,UNAVAILABLE,HIGH
WIN-SEC-A02-2026091002,SEC-A02,2026-09-10 02:00:00,2026-09-10 03:00:00,1,70,UNAVAILABLE,MEDIUM
WIN-SEC-A02-2026091003,SEC-A02,2026-09-10 03:00:00,2026-09-10 04:00:00,1,57,UNAVAILABLE,MEDIUM
WIN-SEC-A02-2026091004,SEC-A02,2026-09-10 04:00:00,2026-09-10 05:00:00,2,57,UNAVAILABLE,HIGH
WIN-SEC-A02-2026091005,SEC-A02,2026-09-10 05:00:00,2026-09-10 06:00:00,1,57,UNAVAILABLE,MEDIUM
WIN-SEC-A02-2026091006,SEC-A02,2026-09-10 06:00:00,2026-09-10 07:00:00,2,84,UNAVAILABLE,HIGH
WIN-SEC-A02-2026091007,SEC-A02,2026-09-10 07:00:00,2026-09-10 08:00:00,2,84,UNAVAILABLE,HIGH
WIN-SEC-A02-2026091008,SEC-A02,2026-09-10 08:00:00,2026-09-10 09:00:00,2,84,UNAVAILABLE,HIGH
WIN-SEC-A02-2026091009,SEC-A02,2026-09-10 09:00:00,2026-09-10 10:00:00,2,80,UNAVAILABLE,HIGH
WIN-SEC-A02-2026091010,SEC-A02,2026-09-10 10:00:00,2026-09-10 11:00:00,2,80,UNAVAILABLE,HIGH
WIN-SEC-A02-2026091011,SEC-A02,2026-09-10 11:00:00,2026-09-10 12:00:00,2,80,UNAVAILABLE,HIGH
WIN-SEC-A02-2026091012,SEC-A02,2026-09-10 12:00:00,2026-09-10 13:00:00,2,64,UNAVAILABLE,HIGH
WIN-SEC-A02-2026091013,SEC-A02,2026-09-10 13:00:00,2026-09-10 14:00:00,1,64,UNAVAILABLE,MEDIUM
WIN-SEC-A02-2026091014,SEC-A02,2026-09-10 14:00:00,2026-09-10 15:00:00,1,64,UNAVAILABLE,MEDIUM
WIN-SEC-A02-2026091015,SEC-A02,2026-09-10 15:00:00,2026-09-10 16:00:00,1,71,UNAVAILABLE,MEDIUM
WIN-SEC-A02-2026091016,SEC-A02,2026-09-10 16:00:00,2026-09-10 17:00:00,1,71,UNAVAILABLE,MEDIUM
WIN-SEC-A02-2026091017,SEC-A02,2026-09-10 17:00:00,2026-09-10 18:00:00,2,71,UNAVAILABLE,HIGH
WIN-SEC-A02-2026091018,SEC-A02,2026-09-10 18:00:00,2026-09-10 19:00:00,2,82,UNAVAILABLE,HIGH
WIN-SEC-A02-2026091019,SEC-A02,2026-09-10 19:00:00,2026-09-10 20:00:00,2,82,UNAVAILABLE,HIGH
WIN-SEC-A02-2026091020,SEC-A02,2026-09-10 20:00:00,2026-09-10 21:00:00,2,82,UNAVAILABLE,HIGH
WIN-SEC-A02-2026091021,SEC-A02,2026-09-10 21:00:00,2026-09-10 22:00:00,1,98,UNAVAILABLE,MEDIUM
WIN-SEC-A02-2026091022,SEC-A02,2026-09-10 22:00:00,2026-09-10 23:00:00,2,98,UNAVAILABLE,HIGH
WIN-SEC-A02-2026091023,SEC-A02,2026-09-10 23:00:00,2026-09-11 00:00:00,2,98,UNAVAILABLE,HIGH
WIN-SEC-B01-2026091000,SEC-B01,2026-09-10 00:00:00,2026-09-10 01:00:00,2,47,UNAVAILABLE,HIGH
WIN-SEC-B01-2026091001,SEC-B01,2026-09-10 01:00:00,2026-09-10 02:00:00,1,47,UNAVAILABLE,MEDIUM
WIN-SEC-B01-2026091002,SEC-B01,2026-09-10 02:00:00,2026-09-10 03:00:00,1,47,UNAVAILABLE,MEDIUM
WIN-SEC-B01-2026091003,SEC-B01,2026-09-10 03:00:00,2026-09-10 04:00:00,1,36,UNAVAILABLE,MEDIUM
WIN-SEC-B01-2026091004,SEC-B01,2026-09-10 04:00:00,2026-09-10 05:00:00,1,36,UNAVAILABLE,MEDIUM
WIN-SEC-B01-2026091005,SEC-B01,2026-09-10 05:00:00,2026-09-10 06:00:00,1,36,UNAVAILABLE,MEDIUM
WIN-SEC-B01-2026091006,SEC-B01,2026-09-10 06:00:00,2026-09-10 07:00:00,1,61,UNAVAILABLE,MEDIUM
WIN-SEC-B01-2026091007,SEC-B01,2026-09-10 07:00:00,2026-09-10 08:00:00,1,61,UNAVAILABLE,MEDIUM
WIN-SEC-B01-2026091008,SEC-B01,2026-09-10 08:00:00,2026-09-10 09:00:00,0,61,UNAVAILABLE,MEDIUM
WIN-SEC-B01-2026091009,SEC-B01,2026-09-10 09:00:00,2026-09-10 10:00:00,1,70,UNAVAILABLE,MEDIUM
WIN-SEC-B01-2026091010,SEC-B01,2026-09-10 10:00:00,2026-09-10 11:00:00,1,70,UNAVAILABLE,MEDIUM
WIN-SEC-B01-2026091011,SEC-B01,2026-09-10 11:00:00,2026-09-10 12:00:00,1,70,UNAVAILABLE,MEDIUM
WIN-SEC-B01-2026091012,SEC-B01,2026-09-10 12:00:00,2026-09-10 13:00:00,1,65,UNAVAILABLE,MEDIUM
WIN-SEC-B01-2026091013,SEC-B01,2026-09-10 13:00:00,2026-09-10 14:00:00,1,65,UNAVAILABLE,MEDIUM
WIN-SEC-B01-2026091014,SEC-B01,2026-09-10 14:00:00,2026-09-10 15:00:00,1,65,UNAVAILABLE,MEDIUM
WIN-SEC-B01-2026091015,SEC-B01,2026-09-10 15:00:00,2026-09-10 16:00:00,1,42,UNAVAILABLE,MEDIUM
WIN-SEC-B01-2026091016,SEC-B01,2026-09-10 16:00:00,2026-09-10 17:00:00,1,42,UNAVAILABLE,MEDIUM
WIN-SEC-B01-2026091017,SEC-B01,2026-09-10 17:00:00,2026-09-10 18:00:00,0,42,UNAVAILABLE,MEDIUM
WIN-SEC-B01-2026091018,SEC-B01,2026-09-10 18:00:00,2026-09-10 19:00:00,1,53,UNAVAILABLE,MEDIUM
WIN-SEC-B01-2026091019,SEC-B01,2026-09-10 19:00:00,2026-09-10 20:00:00,1,53,UNAVAILABLE,MEDIUM
WIN-SEC-B01-2026091020,SEC-B01,2026-09-10 20:00:00,2026-09-10 21:00:00,0,53,UNAVAILABLE,MEDIUM
WIN-SEC-B01-2026091021,SEC-B01,2026-09-10 21:00:00,2026-09-10 22:00:00,1,75,UNAVAILABLE,MEDIUM
WIN-SEC-B01-2026091022,SEC-B01,2026-09-10 22:00:00,2026-09-10 23:00:00,1,75,UNAVAILABLE,MEDIUM
WIN-SEC-B01-2026091023,SEC-B01,2026-09-10 23:00:00,2026-09-11 00:00:00,1,75,UNAVAILABLE,MEDIUM
WIN-SEC-B02-2026091000,SEC-B02,2026-09-10 00:00:00,2026-09-10 01:00:00,1,46,UNAVAILABLE,MEDIUM
WIN-SEC-B02-2026091001,SEC-B02,2026-09-10 01:00:00,2026-09-10 02:00:00,1,46,UNAVAILABLE,MEDIUM
WIN-SEC-B02-2026091002,SEC-B02,2026-09-10 02:00:00,2026-09-10 03:00:00,1,46,UNAVAILABLE,MEDIUM
WIN-SEC-B02-2026091003,SEC-B02,2026-09-10 03:00:00,2026-09-10 04:00:00,1,39,UNAVAILABLE,MEDIUM
WIN-SEC-B02-2026091004,SEC-B02,2026-09-10 04:00:00,2026-09-10 05:00:00,1,39,UNAVAILABLE,MEDIUM
WIN-SEC-B02-2026091005,SEC-B02,2026-09-10 05:00:00,2026-09-10 06:00:00,1,39,UNAVAILABLE,MEDIUM
WIN-SEC-B02-2026091006,SEC-B02,2026-09-10 06:00:00,2026-09-10 07:00:00,1,67,UNAVAILABLE,MEDIUM
WIN-SEC-B02-2026091007,SEC-B02,2026-09-10 07:00:00,2026-09-10 08:00:00,1,67,UNAVAILABLE,MEDIUM
WIN-SEC-B02-2026091008,SEC-B02,2026-09-10 08:00:00,2026-09-10 09:00:00,0,67,UNAVAILABLE,MEDIUM
WIN-SEC-B02-2026091009,SEC-B02,2026-09-10 09:00:00,2026-09-10 10:00:00,1,48,UNAVAILABLE,MEDIUM
WIN-SEC-B02-2026091010,SEC-B02,2026-09-10 10:00:00,2026-09-10 11:00:00,1,48,UNAVAILABLE,MEDIUM
WIN-SEC-B02-2026091011,SEC-B02,2026-09-10 11:00:00,2026-09-10 12:00:00,0,48,AVAILABLE,LOW
WIN-SEC-B02-2026091012,SEC-B02,2026-09-10 12:00:00,2026-09-10 13:00:00,1,52,UNAVAILABLE,MEDIUM
WIN-SEC-B02-2026091013,SEC-B02,2026-09-10 13:00:00,2026-09-10 14:00:00,1,52,UNAVAILABLE,MEDIUM
WIN-SEC-B02-2026091014,SEC-B02,2026-09-10 14:00:00,2026-09-10 15:00:00,1,52,UNAVAILABLE,MEDIUM
WIN-SEC-B02-2026091015,SEC-B02,2026-09-10 15:00:00,2026-09-10 16:00:00,1,54,UNAVAILABLE,MEDIUM
WIN-SEC-B02-2026091016,SEC-B02,2026-09-10 16:00:00,2026-09-10 17:00:00,1,54,UNAVAILABLE,MEDIUM
WIN-SEC-B02-2026091017,SEC-B02,2026-09-10 17:00:00,2026-09-10 18:00:00,2,54,UNAVAILABLE,HIGH
WIN-SEC-B02-2026091018,SEC-B02,2026-09-10 18:00:00,2026-09-10 19:00:00,1,70,UNAVAILABLE,MEDIUM
WIN-SEC-B02-2026091019,SEC-B02,2026-09-10 19:00:00,2026-09-10 20:00:00,1,70,UNAVAILABLE,MEDIUM
WIN-SEC-B02-2026091020,SEC-B02,2026-09-10 20:00:00,2026-09-10 21:00:00,2,70,UNAVAILABLE,HIGH
WIN-SEC-B02-2026091021,SEC-B02,2026-09-10 21:00:00,2026-09-10 22:00:00,1,58,UNAVAILABLE,MEDIUM
WIN-SEC-B02-2026091022,SEC-B02,2026-09-10 22:00:00,2026-09-10 23:00:00,1,58,UNAVAILABLE,MEDIUM
WIN-SEC-B02-2026091023,SEC-B02,2026-09-10 23:00:00,2026-09-11 00:00:00,0,58,AVAILABLE,LOW
WIN-SEC-C01-2026091000,SEC-C01,2026-09-10 00:00:00,2026-09-10 01:00:00,0,25,AVAILABLE,LOW
WIN-SEC-C01-2026091001,SEC-C01,2026-09-10 01:00:00,2026-09-10 02:00:00,0,25,AVAILABLE,LOW
WIN-SEC-C01-2026091002,SEC-C01,2026-09-10 02:00:00,2026-09-10 03:00:00,1,25,UNAVAILABLE,MEDIUM
WIN-SEC-C01-2026091003,SEC-C01,2026-09-10 03:00:00,2026-09-10 04:00:00,0,18,AVAILABLE,LOW
WIN-SEC-C01-2026091004,SEC-C01,2026-09-10 04:00:00,2026-09-10 05:00:00,1,18,UNAVAILABLE,MEDIUM
WIN-SEC-C01-2026091005,SEC-C01,2026-09-10 05:00:00,2026-09-10 06:00:00,1,18,UNAVAILABLE,MEDIUM
WIN-SEC-C01-2026091006,SEC-C01,2026-09-10 06:00:00,2026-09-10 07:00:00,0,46,UNAVAILABLE,MEDIUM
WIN-SEC-C01-2026091007,SEC-C01,2026-09-10 07:00:00,2026-09-10 08:00:00,1,46,UNAVAILABLE,MEDIUM
WIN-SEC-C01-2026091008,SEC-C01,2026-09-10 08:00:00,2026-09-10 09:00:00,0,46,UNAVAILABLE,MEDIUM
WIN-SEC-C01-2026091009,SEC-C01,2026-09-10 09:00:00,2026-09-10 10:00:00,1,39,UNAVAILABLE,MEDIUM
WIN-SEC-C01-2026091010,SEC-C01,2026-09-10 10:00:00,2026-09-10 11:00:00,1,39,UNAVAILABLE,MEDIUM
WIN-SEC-C01-2026091011,SEC-C01,2026-09-10 11:00:00,2026-09-10 12:00:00,0,39,AVAILABLE,LOW
WIN-SEC-C01-2026091012,SEC-C01,2026-09-10 12:00:00,2026-09-10 13:00:00,1,30,UNAVAILABLE,MEDIUM
WIN-SEC-C01-2026091013,SEC-C01,2026-09-10 13:00:00,2026-09-10 14:00:00,0,30,AVAILABLE,LOW
WIN-SEC-C01-2026091014,SEC-C01,2026-09-10 14:00:00,2026-09-10 15:00:00,1,30,UNAVAILABLE,MEDIUM
WIN-SEC-C01-2026091015,SEC-C01,2026-09-10 15:00:00,2026-09-10 16:00:00,0,26,AVAILABLE,LOW
WIN-SEC-C01-2026091016,SEC-C01,2026-09-10 16:00:00,2026-09-10 17:00:00,1,26,UNAVAILABLE,MEDIUM
WIN-SEC-C01-2026091017,SEC-C01,2026-09-10 17:00:00,2026-09-10 18:00:00,1,26,UNAVAILABLE,MEDIUM
WIN-SEC-C01-2026091018,SEC-C01,2026-09-10 18:00:00,2026-09-10 19:00:00,0,48,UNAVAILABLE,MEDIUM
WIN-SEC-C01-2026091019,SEC-C01,2026-09-10 19:00:00,2026-09-10 20:00:00,1,48,UNAVAILABLE,MEDIUM
WIN-SEC-C01-2026091020,SEC-C01,2026-09-10 20:00:00,2026-09-10 21:00:00,0,48,UNAVAILABLE,MEDIUM
WIN-SEC-C01-2026091021,SEC-C01,2026-09-10 21:00:00,2026-09-10 22:00:00,1,49,UNAVAILABLE,MEDIUM
WIN-SEC-C01-2026091022,SEC-C01,2026-09-10 22:00:00,2026-09-10 23:00:00,1,49,UNAVAILABLE,MEDIUM
WIN-SEC-C01-2026091023,SEC-C01,2026-09-10 23:00:00,2026-09-11 00:00:00,1,49,UNAVAILABLE,MEDIUM
WIN-SEC-A01-2026091100,SEC-A01,2026-09-11 00:00:00,2026-09-11 01:00:00,0,63,AVAILABLE,LOW
WIN-SEC-A01-2026091101,SEC-A01,2026-09-11 01:00:00,2026-09-11 02:00:00,1,63,UNAVAILABLE,MEDIUM
WIN-SEC-A01-2026091102,SEC-A01,2026-09-11 02:00:00,2026-09-11 03:00:00,1,63,UNAVAILABLE,MEDIUM
WIN-SEC-A01-2026091103,SEC-A01,2026-09-11 03:00:00,2026-09-11 04:00:00,1,64,UNAVAILABLE,MEDIUM
WIN-SEC-A01-2026091104,SEC-A01,2026-09-11 04:00:00,2026-09-11 05:00:00,1,64,UNAVAILABLE,MEDIUM
WIN-SEC-A01-2026091105,SEC-A01,2026-09-11 05:00:00,2026-09-11 06:00:00,1,64,UNAVAILABLE,MEDIUM
WIN-SEC-A01-2026091106,SEC-A01,2026-09-11 06:00:00,2026-09-11 07:00:00,2,75,UNAVAILABLE,HIGH
WIN-SEC-A01-2026091107,SEC-A01,2026-09-11 07:00:00,2026-09-11 08:00:00,1,75,UNAVAILABLE,MEDIUM
WIN-SEC-A01-2026091108,SEC-A01,2026-09-11 08:00:00,2026-09-11 09:00:00,2,75,UNAVAILABLE,HIGH
WIN-SEC-A01-2026091109,SEC-A01,2026-09-11 09:00:00,2026-09-11 10:00:00,2,82,UNAVAILABLE,HIGH
WIN-SEC-A01-2026091110,SEC-A01,2026-09-11 10:00:00,2026-09-11 11:00:00,2,82,UNAVAILABLE,HIGH
WIN-SEC-A01-2026091111,SEC-A01,2026-09-11 11:00:00,2026-09-11 12:00:00,1,82,UNAVAILABLE,MEDIUM
WIN-SEC-A01-2026091112,SEC-A01,2026-09-11 12:00:00,2026-09-11 13:00:00,1,72,UNAVAILABLE,MEDIUM
WIN-SEC-A01-2026091113,SEC-A01,2026-09-11 13:00:00,2026-09-11 14:00:00,1,72,UNAVAILABLE,MEDIUM
WIN-SEC-A01-2026091114,SEC-A01,2026-09-11 14:00:00,2026-09-11 15:00:00,1,72,UNAVAILABLE,MEDIUM
WIN-SEC-A01-2026091115,SEC-A01,2026-09-11 15:00:00,2026-09-11 16:00:00,1,88,UNAVAILABLE,MEDIUM
WIN-SEC-A01-2026091116,SEC-A01,2026-09-11 16:00:00,2026-09-11 17:00:00,1,88,UNAVAILABLE,MEDIUM
WIN-SEC-A01-2026091117,SEC-A01,2026-09-11 17:00:00,2026-09-11 18:00:00,1,88,UNAVAILABLE,MEDIUM
WIN-SEC-A01-2026091118,SEC-A01,2026-09-11 18:00:00,2026-09-11 19:00:00,2,77,UNAVAILABLE,HIGH
WIN-SEC-A01-2026091119,SEC-A01,2026-09-11 19:00:00,2026-09-11 20:00:00,1,77,UNAVAILABLE,MEDIUM
WIN-SEC-A01-2026091120,SEC-A01,2026-09-11 20:00:00,2026-09-11 21:00:00,2,77,UNAVAILABLE,HIGH
WIN-SEC-A01-2026091121,SEC-A01,2026-09-11 21:00:00,2026-09-11 22:00:00,1,93,UNAVAILABLE,MEDIUM
WIN-SEC-A01-2026091122,SEC-A01,2026-09-11 22:00:00,2026-09-11 23:00:00,2,93,UNAVAILABLE,HIGH
WIN-SEC-A01-2026091123,SEC-A01,2026-09-11 23:00:00,2026-09-12 00:00:00,2,93,UNAVAILABLE,HIGH
WIN-SEC-A02-2026091100,SEC-A02,2026-09-11 00:00:00,2026-09-11 01:00:00,1,70,UNAVAILABLE,MEDIUM
WIN-SEC-A02-2026091101,SEC-A02,2026-09-11 01:00:00,2026-09-11 02:00:00,1,70,UNAVAILABLE,MEDIUM
WIN-SEC-A02-2026091102,SEC-A02,2026-09-11 02:00:00,2026-09-11 03:00:00,1,70,UNAVAILABLE,MEDIUM
WIN-SEC-A02-2026091103,SEC-A02,2026-09-11 03:00:00,2026-09-11 04:00:00,1,66,UNAVAILABLE,MEDIUM
WIN-SEC-A02-2026091104,SEC-A02,2026-09-11 04:00:00,2026-09-11 05:00:00,1,66,UNAVAILABLE,MEDIUM
WIN-SEC-A02-2026091105,SEC-A02,2026-09-11 05:00:00,2026-09-11 06:00:00,1,66,UNAVAILABLE,MEDIUM
WIN-SEC-A02-2026091106,SEC-A02,2026-09-11 06:00:00,2026-09-11 07:00:00,1,95,UNAVAILABLE,MEDIUM
WIN-SEC-A02-2026091107,SEC-A02,2026-09-11 07:00:00,2026-09-11 08:00:00,1,95,UNAVAILABLE,MEDIUM
WIN-SEC-A02-2026091108,SEC-A02,2026-09-11 08:00:00,2026-09-11 09:00:00,2,95,UNAVAILABLE,HIGH
WIN-SEC-A02-2026091109,SEC-A02,2026-09-11 09:00:00,2026-09-11 10:00:00,2,86,UNAVAILABLE,HIGH
WIN-SEC-A02-2026091110,SEC-A02,2026-09-11 10:00:00,2026-09-11 11:00:00,2,86,UNAVAILABLE,HIGH
WIN-SEC-A02-2026091111,SEC-A02,2026-09-11 11:00:00,2026-09-11 12:00:00,1,86,UNAVAILABLE,MEDIUM
WIN-SEC-A02-2026091112,SEC-A02,2026-09-11 12:00:00,2026-09-11 13:00:00,1,74,UNAVAILABLE,MEDIUM
WIN-SEC-A02-2026091113,SEC-A02,2026-09-11 13:00:00,2026-09-11 14:00:00,2,74,UNAVAILABLE,HIGH
WIN-SEC-A02-2026091114,SEC-A02,2026-09-11 14:00:00,2026-09-11 15:00:00,1,74,UNAVAILABLE,MEDIUM
WIN-SEC-A02-2026091115,SEC-A02,2026-09-11 15:00:00,2026-09-11 16:00:00,1,72,UNAVAILABLE,MEDIUM
WIN-SEC-A02-2026091116,SEC-A02,2026-09-11 16:00:00,2026-09-11 17:00:00,1,72,UNAVAILABLE,MEDIUM
WIN-SEC-A02-2026091117,SEC-A02,2026-09-11 17:00:00,2026-09-11 18:00:00,2,72,UNAVAILABLE,HIGH
WIN-SEC-A02-2026091118,SEC-A02,2026-09-11 18:00:00,2026-09-11 19:00:00,2,91,UNAVAILABLE,HIGH
WIN-SEC-A02-2026091119,SEC-A02,2026-09-11 19:00:00,2026-09-11 20:00:00,2,91,UNAVAILABLE,HIGH
WIN-SEC-A02-2026091120,SEC-A02,2026-09-11 20:00:00,2026-09-11 21:00:00,2,91,UNAVAILABLE,HIGH
WIN-SEC-A02-2026091121,SEC-A02,2026-09-11 21:00:00,2026-09-11 22:00:00,2,91,UNAVAILABLE,HIGH
WIN-SEC-A02-2026091122,SEC-A02,2026-09-11 22:00:00,2026-09-11 23:00:00,2,91,UNAVAILABLE,HIGH
WIN-SEC-A02-2026091123,SEC-A02,2026-09-11 23:00:00,2026-09-12 00:00:00,2,91,UNAVAILABLE,HIGH
WIN-SEC-B01-2026091100,SEC-B01,2026-09-11 00:00:00,2026-09-11 01:00:00,1,40,UNAVAILABLE,MEDIUM
WIN-SEC-B01-2026091101,SEC-B01,2026-09-11 01:00:00,2026-09-11 02:00:00,1,40,UNAVAILABLE,MEDIUM
WIN-SEC-B01-2026091102,SEC-B01,2026-09-11 02:00:00,2026-09-11 03:00:00,1,40,UNAVAILABLE,MEDIUM
WIN-SEC-B01-2026091103,SEC-B01,2026-09-11 03:00:00,2026-09-11 04:00:00,1,36,UNAVAILABLE,MEDIUM
WIN-SEC-B01-2026091104,SEC-B01,2026-09-11 04:00:00,2026-09-11 05:00:00,1,36,UNAVAILABLE,MEDIUM
WIN-SEC-B01-2026091105,SEC-B01,2026-09-11 05:00:00,2026-09-11 06:00:00,2,36,UNAVAILABLE,HIGH
WIN-SEC-B01-2026091106,SEC-B01,2026-09-11 06:00:00,2026-09-11 07:00:00,1,63,UNAVAILABLE,MEDIUM
WIN-SEC-B01-2026091107,SEC-B01,2026-09-11 07:00:00,2026-09-11 08:00:00,1,63,UNAVAILABLE,MEDIUM
WIN-SEC-B01-2026091108,SEC-B01,2026-09-11 08:00:00,2026-09-11 09:00:00,1,63,UNAVAILABLE,MEDIUM
WIN-SEC-B01-2026091109,SEC-B01,2026-09-11 09:00:00,2026-09-11 10:00:00,1,59,UNAVAILABLE,MEDIUM
WIN-SEC-B01-2026091110,SEC-B01,2026-09-11 10:00:00,2026-09-11 11:00:00,1,59,UNAVAILABLE,MEDIUM
WIN-SEC-B01-2026091111,SEC-B01,2026-09-11 11:00:00,2026-09-11 12:00:00,0,59,AVAILABLE,LOW
WIN-SEC-B01-2026091112,SEC-B01,2026-09-11 12:00:00,2026-09-11 13:00:00,1,52,UNAVAILABLE,MEDIUM
WIN-SEC-B01-2026091113,SEC-B01,2026-09-11 13:00:00,2026-09-11 14:00:00,1,52,UNAVAILABLE,MEDIUM
WIN-SEC-B01-2026091114,SEC-B01,2026-09-11 14:00:00,2026-09-11 15:00:00,1,52,UNAVAILABLE,MEDIUM
WIN-SEC-B01-2026091115,SEC-B01,2026-09-11 15:00:00,2026-09-11 16:00:00,1,59,UNAVAILABLE,MEDIUM
WIN-SEC-B01-2026091116,SEC-B01,2026-09-11 16:00:00,2026-09-11 17:00:00,1,59,UNAVAILABLE,MEDIUM
WIN-SEC-B01-2026091117,SEC-B01,2026-09-11 17:00:00,2026-09-11 18:00:00,1,59,UNAVAILABLE,MEDIUM
WIN-SEC-B01-2026091118,SEC-B01,2026-09-11 18:00:00,2026-09-11 19:00:00,1,61,UNAVAILABLE,MEDIUM
WIN-SEC-B01-2026091119,SEC-B01,2026-09-11 19:00:00,2026-09-11 20:00:00,1,61,UNAVAILABLE,MEDIUM
WIN-SEC-B01-2026091120,SEC-B01,2026-09-11 20:00:00,2026-09-11 21:00:00,1,61,UNAVAILABLE,MEDIUM
WIN-SEC-B01-2026091121,SEC-B01,2026-09-11 21:00:00,2026-09-11 22:00:00,1,64,UNAVAILABLE,MEDIUM
WIN-SEC-B01-2026091122,SEC-B01,2026-09-11 22:00:00,2026-09-11 23:00:00,1,64,UNAVAILABLE,MEDIUM
WIN-SEC-B01-2026091123,SEC-B01,2026-09-11 23:00:00,2026-09-12 00:00:00,0,64,AVAILABLE,LOW
WIN-SEC-B02-2026091100,SEC-B02,2026-09-11 00:00:00,2026-09-11 01:00:00,1,44,UNAVAILABLE,MEDIUM
WIN-SEC-B02-2026091101,SEC-B02,2026-09-11 01:00:00,2026-09-11 02:00:00,1,44,UNAVAILABLE,MEDIUM
WIN-SEC-B02-2026091102,SEC-B02,2026-09-11 02:00:00,2026-09-11 03:00:00,0,44,AVAILABLE,LOW
WIN-SEC-B02-2026091103,SEC-B02,2026-09-11 03:00:00,2026-09-11 04:00:00,1,49,UNAVAILABLE,MEDIUM
WIN-SEC-B02-2026091104,SEC-B02,2026-09-11 04:00:00,2026-09-11 05:00:00,1,49,UNAVAILABLE,MEDIUM
WIN-SEC-B02-2026091105,SEC-B02,2026-09-11 05:00:00,2026-09-11 06:00:00,1,49,UNAVAILABLE,MEDIUM
WIN-SEC-B02-2026091106,SEC-B02,2026-09-11 06:00:00,2026-09-11 07:00:00,1,51,UNAVAILABLE,MEDIUM
WIN-SEC-B02-2026091107,SEC-B02,2026-09-11 07:00:00,2026-09-11 08:00:00,1,51,UNAVAILABLE,MEDIUM
WIN-SEC-B02-2026091108,SEC-B02,2026-09-11 08:00:00,2026-09-11 09:00:00,0,51,UNAVAILABLE,MEDIUM
WIN-SEC-B02-2026091109,SEC-B02,2026-09-11 09:00:00,2026-09-11 10:00:00,1,60,UNAVAILABLE,MEDIUM
WIN-SEC-B02-2026091110,SEC-B02,2026-09-11 10:00:00,2026-09-11 11:00:00,1,60,UNAVAILABLE,MEDIUM
WIN-SEC-B02-2026091111,SEC-B02,2026-09-11 11:00:00,2026-09-11 12:00:00,1,60,UNAVAILABLE,MEDIUM
WIN-SEC-B02-2026091112,SEC-B02,2026-09-11 12:00:00,2026-09-11 13:00:00,1,53,UNAVAILABLE,MEDIUM
WIN-SEC-B02-2026091113,SEC-B02,2026-09-11 13:00:00,2026-09-11 14:00:00,1,53,UNAVAILABLE,MEDIUM
WIN-SEC-B02-2026091114,SEC-B02,2026-09-11 14:00:00,2026-09-11 15:00:00,2,53,UNAVAILABLE,HIGH
WIN-SEC-B02-2026091115,SEC-B02,2026-09-11 15:00:00,2026-09-11 16:00:00,1,59,UNAVAILABLE,MEDIUM
WIN-SEC-B02-2026091116,SEC-B02,2026-09-11 16:00:00,2026-09-11 17:00:00,1,59,UNAVAILABLE,MEDIUM
WIN-SEC-B02-2026091117,SEC-B02,2026-09-11 17:00:00,2026-09-11 18:00:00,0,59,UNAVAILABLE,MEDIUM
WIN-SEC-B02-2026091118,SEC-B02,2026-09-11 18:00:00,2026-09-11 19:00:00,1,61,UNAVAILABLE,MEDIUM
WIN-SEC-B02-2026091119,SEC-B02,2026-09-11 19:00:00,2026-09-11 20:00:00,1,61,UNAVAILABLE,MEDIUM
WIN-SEC-B02-2026091120,SEC-B02,2026-09-11 20:00:00,2026-09-11 21:00:00,1,61,UNAVAILABLE,MEDIUM
WIN-SEC-B02-2026091121,SEC-B02,2026-09-11 21:00:00,2026-09-11 22:00:00,1,53,UNAVAILABLE,MEDIUM
WIN-SEC-B02-2026091122,SEC-B02,2026-09-11 22:00:00,2026-09-11 23:00:00,1,53,UNAVAILABLE,MEDIUM
WIN-SEC-B02-2026091123,SEC-B02,2026-09-11 23:00:00,2026-09-12 00:00:00,1,53,UNAVAILABLE,MEDIUM
WIN-SEC-C01-2026091100,SEC-C01,2026-09-11 00:00:00,2026-09-11 01:00:00,1,28,UNAVAILABLE,MEDIUM
WIN-SEC-C01-2026091101,SEC-C01,2026-09-11 01:00:00,2026-09-11 02:00:00,0,28,AVAILABLE,LOW
WIN-SEC-C01-2026091102,SEC-C01,2026-09-11 02:00:00,2026-09-11 03:00:00,1,28,UNAVAILABLE,MEDIUM
WIN-SEC-C01-2026091103,SEC-C01,2026-09-11 03:00:00,2026-09-11 04:00:00,1,20,UNAVAILABLE,MEDIUM
WIN-SEC-C01-2026091104,SEC-C01,2026-09-11 04:00:00,2026-09-11 05:00:00,1,20,UNAVAILABLE,MEDIUM
WIN-SEC-C01-2026091105,SEC-C01,2026-09-11 05:00:00,2026-09-11 06:00:00,1,20,UNAVAILABLE,MEDIUM
WIN-SEC-C01-2026091106,SEC-C01,2026-09-11 06:00:00,2026-09-11 07:00:00,0,37,UNAVAILABLE,MEDIUM
WIN-SEC-C01-2026091107,SEC-C01,2026-09-11 07:00:00,2026-09-11 08:00:00,1,37,UNAVAILABLE,MEDIUM
WIN-SEC-C01-2026091108,SEC-C01,2026-09-11 08:00:00,2026-09-11 09:00:00,0,37,UNAVAILABLE,MEDIUM
WIN-SEC-C01-2026091109,SEC-C01,2026-09-11 09:00:00,2026-09-11 10:00:00,1,40,UNAVAILABLE,MEDIUM
WIN-SEC-C01-2026091110,SEC-C01,2026-09-11 10:00:00,2026-09-11 11:00:00,1,40,UNAVAILABLE,MEDIUM
WIN-SEC-C01-2026091111,SEC-C01,2026-09-11 11:00:00,2026-09-11 12:00:00,0,40,AVAILABLE,LOW
WIN-SEC-C01-2026091112,SEC-C01,2026-09-11 12:00:00,2026-09-11 13:00:00,1,31,UNAVAILABLE,MEDIUM
WIN-SEC-C01-2026091113,SEC-C01,2026-09-11 13:00:00,2026-09-11 14:00:00,0,31,AVAILABLE,LOW
WIN-SEC-C01-2026091114,SEC-C01,2026-09-11 14:00:00,2026-09-11 15:00:00,1,31,UNAVAILABLE,MEDIUM
WIN-SEC-C01-2026091115,SEC-C01,2026-09-11 15:00:00,2026-09-11 16:00:00,1,28,UNAVAILABLE,MEDIUM
WIN-SEC-C01-2026091116,SEC-C01,2026-09-11 16:00:00,2026-09-11 17:00:00,1,28,UNAVAILABLE,MEDIUM
WIN-SEC-C01-2026091117,SEC-C01,2026-09-11 17:00:00,2026-09-11 18:00:00,1,28,UNAVAILABLE,MEDIUM
WIN-SEC-C01-2026091118,SEC-C01,2026-09-11 18:00:00,2026-09-11 19:00:00,0,31,UNAVAILABLE,MEDIUM
WIN-SEC-C01-2026091119,SEC-C01,2026-09-11 19:00:00,2026-09-11 20:00:00,1,31,UNAVAILABLE,MEDIUM
WIN-SEC-C01-2026091120,SEC-C01,2026-09-11 20:00:00,2026-09-11 21:00:00,0,31,UNAVAILABLE,MEDIUM
WIN-SEC-C01-2026091121,SEC-C01,2026-09-11 21:00:00,2026-09-11 22:00:00,1,49,UNAVAILABLE,MEDIUM
WIN-SEC-C01-2026091122,SEC-C01,2026-09-11 22:00:00,2026-09-11 23:00:00,0,49,AVAILABLE,LOW
WIN-SEC-C01-2026091123,SEC-C01,2026-09-11 23:00:00,2026-09-12 00:00:00,1,49,UNAVAILABLE,MEDIUM
WIN-SEC-A01-2026091200,SEC-A01,2026-09-12 00:00:00,2026-09-12 01:00:00,2,72,UNAVAILABLE,HIGH
WIN-SEC-A01-2026091201,SEC-A01,2026-09-12 01:00:00,2026-09-12 02:00:00,1,72,UNAVAILABLE,MEDIUM
WIN-SEC-A01-2026091202,SEC-A01,2026-09-12 02:00:00,2026-09-12 03:00:00,1,72,UNAVAILABLE,MEDIUM
WIN-SEC-A01-2026091203,SEC-A01,2026-09-12 03:00:00,2026-09-12 04:00:00,1,68,UNAVAILABLE,MEDIUM
WIN-SEC-A01-2026091204,SEC-A01,2026-09-12 04:00:00,2026-09-12 05:00:00,1,68,UNAVAILABLE,MEDIUM
WIN-SEC-A01-2026091205,SEC-A01,2026-09-12 05:00:00,2026-09-12 06:00:00,1,68,UNAVAILABLE,MEDIUM
WIN-SEC-A01-2026091206,SEC-A01,2026-09-12 06:00:00,2026-09-12 07:00:00,2,77,UNAVAILABLE,HIGH
WIN-SEC-A01-2026091207,SEC-A01,2026-09-12 07:00:00,2026-09-12 08:00:00,2,77,UNAVAILABLE,HIGH
WIN-SEC-A01-2026091208,SEC-A01,2026-09-12 08:00:00,2026-09-12 09:00:00,1,77,UNAVAILABLE,MEDIUM
WIN-SEC-A01-2026091209,SEC-A01,2026-09-12 09:00:00,2026-09-12 10:00:00,2,83,UNAVAILABLE,HIGH
WIN-SEC-A01-2026091210,SEC-A01,2026-09-12 10:00:00,2026-09-12 11:00:00,2,83,UNAVAILABLE,HIGH
WIN-SEC-A01-2026091211,SEC-A01,2026-09-12 11:00:00,2026-09-12 12:00:00,1,83,UNAVAILABLE,MEDIUM
WIN-SEC-A01-2026091212,SEC-A01,2026-09-12 12:00:00,2026-09-12 13:00:00,1,72,UNAVAILABLE,MEDIUM
WIN-SEC-A01-2026091213,SEC-A01,2026-09-12 13:00:00,2026-09-12 14:00:00,2,72,UNAVAILABLE,HIGH
WIN-SEC-A01-2026091214,SEC-A01,2026-09-12 14:00:00,2026-09-12 15:00:00,1,72,UNAVAILABLE,MEDIUM
WIN-SEC-A01-2026091215,SEC-A01,2026-09-12 15:00:00,2026-09-12 16:00:00,1,76,UNAVAILABLE,MEDIUM
WIN-SEC-A01-2026091216,SEC-A01,2026-09-12 16:00:00,2026-09-12 17:00:00,2,76,UNAVAILABLE,HIGH
WIN-SEC-A01-2026091217,SEC-A01,2026-09-12 17:00:00,2026-09-12 18:00:00,2,76,UNAVAILABLE,HIGH
WIN-SEC-A01-2026091218,SEC-A01,2026-09-12 18:00:00,2026-09-12 19:00:00,2,88,UNAVAILABLE,HIGH
WIN-SEC-A01-2026091219,SEC-A01,2026-09-12 19:00:00,2026-09-12 20:00:00,1,88,UNAVAILABLE,MEDIUM
WIN-SEC-A01-2026091220,SEC-A01,2026-09-12 20:00:00,2026-09-12 21:00:00,2,88,UNAVAILABLE,HIGH
WIN-SEC-A01-2026091221,SEC-A01,2026-09-12 21:00:00,2026-09-12 22:00:00,2,80,UNAVAILABLE,HIGH
WIN-SEC-A01-2026091222,SEC-A01,2026-09-12 22:00:00,2026-09-12 23:00:00,2,80,UNAVAILABLE,HIGH
WIN-SEC-A01-2026091223,SEC-A01,2026-09-12 23:00:00,2026-09-13 00:00:00,1,80,UNAVAILABLE,MEDIUM
WIN-SEC-A02-2026091200,SEC-A02,2026-09-12 00:00:00,2026-09-12 01:00:00,2,64,UNAVAILABLE,HIGH
WIN-SEC-A02-2026091201,SEC-A02,2026-09-12 01:00:00,2026-09-12 02:00:00,1,64,UNAVAILABLE,MEDIUM
WIN-SEC-A02-2026091202,SEC-A02,2026-09-12 02:00:00,2026-09-12 03:00:00,1,64,UNAVAILABLE,MEDIUM
WIN-SEC-A02-2026091203,SEC-A02,2026-09-12 03:00:00,2026-09-12 04:00:00,2,67,UNAVAILABLE,HIGH
WIN-SEC-A02-2026091204,SEC-A02,2026-09-12 04:00:00,2026-09-12 05:00:00,1,67,UNAVAILABLE,MEDIUM
WIN-SEC-A02-2026091205,SEC-A02,2026-09-12 05:00:00,2026-09-12 06:00:00,2,67,UNAVAILABLE,HIGH
WIN-SEC-A02-2026091206,SEC-A02,2026-09-12 06:00:00,2026-09-12 07:00:00,1,93,UNAVAILABLE,MEDIUM
WIN-SEC-A02-2026091207,SEC-A02,2026-09-12 07:00:00,2026-09-12 08:00:00,2,93,UNAVAILABLE,HIGH
WIN-SEC-A02-2026091208,SEC-A02,2026-09-12 08:00:00,2026-09-12 09:00:00,2,93,UNAVAILABLE,HIGH
WIN-SEC-A02-2026091209,SEC-A02,2026-09-12 09:00:00,2026-09-12 10:00:00,2,88,UNAVAILABLE,HIGH
WIN-SEC-A02-2026091210,SEC-A02,2026-09-12 10:00:00,2026-09-12 11:00:00,2,88,UNAVAILABLE,HIGH
WIN-SEC-A02-2026091211,SEC-A02,2026-09-12 11:00:00,2026-09-12 12:00:00,1,88,UNAVAILABLE,MEDIUM
WIN-SEC-A02-2026091212,SEC-A02,2026-09-12 12:00:00,2026-09-12 13:00:00,1,77,UNAVAILABLE,MEDIUM
WIN-SEC-A02-2026091213,SEC-A02,2026-09-12 13:00:00,2026-09-12 14:00:00,1,77,UNAVAILABLE,MEDIUM
WIN-SEC-A02-2026091214,SEC-A02,2026-09-12 14:00:00,2026-09-12 15:00:00,1,77,UNAVAILABLE,MEDIUM
WIN-SEC-A02-2026091215,SEC-A02,2026-09-12 15:00:00,2026-09-12 16:00:00,1,73,UNAVAILABLE,MEDIUM
WIN-SEC-A02-2026091216,SEC-A02,2026-09-12 16:00:00,2026-09-12 17:00:00,1,73,UNAVAILABLE,MEDIUM
WIN-SEC-A02-2026091217,SEC-A02,2026-09-12 17:00:00,2026-09-12 18:00:00,2,73,UNAVAILABLE,HIGH
WIN-SEC-A02-2026091218,SEC-A02,2026-09-12 18:00:00,2026-09-12 19:00:00,2,92,UNAVAILABLE,HIGH
WIN-SEC-A02-2026091219,SEC-A02,2026-09-12 19:00:00,2026-09-12 20:00:00,2,92,UNAVAILABLE,HIGH
WIN-SEC-A02-2026091220,SEC-A02,2026-09-12 20:00:00,2026-09-12 21:00:00,2,92,UNAVAILABLE,HIGH
WIN-SEC-A02-2026091221,SEC-A02,2026-09-12 21:00:00,2026-09-12 22:00:00,1,86,UNAVAILABLE,MEDIUM
WIN-SEC-A02-2026091222,SEC-A02,2026-09-12 22:00:00,2026-09-12 23:00:00,1,86,UNAVAILABLE,MEDIUM
WIN-SEC-A02-2026091223,SEC-A02,2026-09-12 23:00:00,2026-09-13 00:00:00,2,86,UNAVAILABLE,HIGH
WIN-SEC-B01-2026091200,SEC-B01,2026-09-12 00:00:00,2026-09-12 01:00:00,0,39,AVAILABLE,LOW
WIN-SEC-B01-2026091201,SEC-B01,2026-09-12 01:00:00,2026-09-12 02:00:00,1,39,UNAVAILABLE,MEDIUM
WIN-SEC-B01-2026091202,SEC-B01,2026-09-12 02:00:00,2026-09-12 03:00:00,1,39,UNAVAILABLE,MEDIUM
WIN-SEC-B01-2026091203,SEC-B01,2026-09-12 03:00:00,2026-09-12 04:00:00,1,52,UNAVAILABLE,MEDIUM
WIN-SEC-B01-2026091204,SEC-B01,2026-09-12 04:00:00,2026-09-12 05:00:00,1,52,UNAVAILABLE,MEDIUM
WIN-SEC-B01-2026091205,SEC-B01,2026-09-12 05:00:00,2026-09-12 06:00:00,1,52,UNAVAILABLE,MEDIUM
WIN-SEC-B01-2026091206,SEC-B01,2026-09-12 06:00:00,2026-09-12 07:00:00,1,68,UNAVAILABLE,MEDIUM
WIN-SEC-B01-2026091207,SEC-B01,2026-09-12 07:00:00,2026-09-12 08:00:00,1,68,UNAVAILABLE,MEDIUM
WIN-SEC-B01-2026091208,SEC-B01,2026-09-12 08:00:00,2026-09-12 09:00:00,1,68,UNAVAILABLE,MEDIUM
WIN-SEC-B01-2026091209,SEC-B01,2026-09-12 09:00:00,2026-09-12 10:00:00,1,61,UNAVAILABLE,MEDIUM
WIN-SEC-B01-2026091210,SEC-B01,2026-09-12 10:00:00,2026-09-12 11:00:00,1,61,UNAVAILABLE,MEDIUM
WIN-SEC-B01-2026091211,SEC-B01,2026-09-12 11:00:00,2026-09-12 12:00:00,0,61,AVAILABLE,LOW
WIN-SEC-B01-2026091212,SEC-B01,2026-09-12 12:00:00,2026-09-12 13:00:00,1,49,UNAVAILABLE,MEDIUM
WIN-SEC-B01-2026091213,SEC-B01,2026-09-12 13:00:00,2026-09-12 14:00:00,1,49,UNAVAILABLE,MEDIUM
WIN-SEC-B01-2026091214,SEC-B01,2026-09-12 14:00:00,2026-09-12 15:00:00,1,49,UNAVAILABLE,MEDIUM
WIN-SEC-B01-2026091215,SEC-B01,2026-09-12 15:00:00,2026-09-12 16:00:00,1,54,UNAVAILABLE,MEDIUM
WIN-SEC-B01-2026091216,SEC-B01,2026-09-12 16:00:00,2026-09-12 17:00:00,1,54,UNAVAILABLE,MEDIUM
WIN-SEC-B01-2026091217,SEC-B01,2026-09-12 17:00:00,2026-09-12 18:00:00,1,54,UNAVAILABLE,MEDIUM
WIN-SEC-B01-2026091218,SEC-B01,2026-09-12 18:00:00,2026-09-12 19:00:00,1,67,UNAVAILABLE,MEDIUM
WIN-SEC-B01-2026091219,SEC-B01,2026-09-12 19:00:00,2026-09-12 20:00:00,1,67,UNAVAILABLE,MEDIUM
WIN-SEC-B01-2026091220,SEC-B01,2026-09-12 20:00:00,2026-09-12 21:00:00,0,67,UNAVAILABLE,MEDIUM
WIN-SEC-B01-2026091221,SEC-B01,2026-09-12 21:00:00,2026-09-12 22:00:00,1,65,UNAVAILABLE,MEDIUM
WIN-SEC-B01-2026091222,SEC-B01,2026-09-12 22:00:00,2026-09-12 23:00:00,1,65,UNAVAILABLE,MEDIUM
WIN-SEC-B01-2026091223,SEC-B01,2026-09-12 23:00:00,2026-09-13 00:00:00,1,65,UNAVAILABLE,MEDIUM
WIN-SEC-B02-2026091200,SEC-B02,2026-09-12 00:00:00,2026-09-12 01:00:00,1,46,UNAVAILABLE,MEDIUM
WIN-SEC-B02-2026091201,SEC-B02,2026-09-12 01:00:00,2026-09-12 02:00:00,1,46,UNAVAILABLE,MEDIUM
WIN-SEC-B02-2026091202,SEC-B02,2026-09-12 02:00:00,2026-09-12 03:00:00,2,46,UNAVAILABLE,HIGH
WIN-SEC-B02-2026091203,SEC-B02,2026-09-12 03:00:00,2026-09-12 04:00:00,1,54,UNAVAILABLE,MEDIUM
WIN-SEC-B02-2026091204,SEC-B02,2026-09-12 04:00:00,2026-09-12 05:00:00,1,54,UNAVAILABLE,MEDIUM
WIN-SEC-B02-2026091205,SEC-B02,2026-09-12 05:00:00,2026-09-12 06:00:00,2,54,UNAVAILABLE,HIGH
WIN-SEC-B02-2026091206,SEC-B02,2026-09-12 06:00:00,2026-09-12 07:00:00,1,70,UNAVAILABLE,MEDIUM
WIN-SEC-B02-2026091207,SEC-B02,2026-09-12 07:00:00,2026-09-12 08:00:00,1,70,UNAVAILABLE,MEDIUM
WIN-SEC-B02-2026091208,SEC-B02,2026-09-12 08:00:00,2026-09-12 09:00:00,1,70,UNAVAILABLE,MEDIUM
WIN-SEC-B02-2026091209,SEC-B02,2026-09-12 09:00:00,2026-09-12 10:00:00,1,65,UNAVAILABLE,MEDIUM
WIN-SEC-B02-2026091210,SEC-B02,2026-09-12 10:00:00,2026-09-12 11:00:00,1,65,UNAVAILABLE,MEDIUM
WIN-SEC-B02-2026091211,SEC-B02,2026-09-12 11:00:00,2026-09-12 12:00:00,2,65,UNAVAILABLE,HIGH
WIN-SEC-B02-2026091212,SEC-B02,2026-09-12 12:00:00,2026-09-12 13:00:00,1,58,UNAVAILABLE,MEDIUM
WIN-SEC-B02-2026091213,SEC-B02,2026-09-12 13:00:00,2026-09-12 14:00:00,1,58,UNAVAILABLE,MEDIUM
WIN-SEC-B02-2026091214,SEC-B02,2026-09-12 14:00:00,2026-09-12 15:00:00,2,58,UNAVAILABLE,HIGH
WIN-SEC-B02-2026091215,SEC-B02,2026-09-12 15:00:00,2026-09-12 16:00:00,1,46,UNAVAILABLE,MEDIUM
WIN-SEC-B02-2026091216,SEC-B02,2026-09-12 16:00:00,2026-09-12 17:00:00,1,46,UNAVAILABLE,MEDIUM
WIN-SEC-B02-2026091217,SEC-B02,2026-09-12 17:00:00,2026-09-12 18:00:00,1,46,UNAVAILABLE,MEDIUM
WIN-SEC-B02-2026091218,SEC-B02,2026-09-12 18:00:00,2026-09-12 19:00:00,1,66,UNAVAILABLE,MEDIUM
WIN-SEC-B02-2026091219,SEC-B02,2026-09-12 19:00:00,2026-09-12 20:00:00,1,66,UNAVAILABLE,MEDIUM
WIN-SEC-B02-2026091220,SEC-B02,2026-09-12 20:00:00,2026-09-12 21:00:00,2,66,UNAVAILABLE,HIGH
WIN-SEC-B02-2026091221,SEC-B02,2026-09-12 21:00:00,2026-09-12 22:00:00,1,75,UNAVAILABLE,MEDIUM
WIN-SEC-B02-2026091222,SEC-B02,2026-09-12 22:00:00,2026-09-12 23:00:00,1,75,UNAVAILABLE,MEDIUM
WIN-SEC-B02-2026091223,SEC-B02,2026-09-12 23:00:00,2026-09-13 00:00:00,1,75,UNAVAILABLE,MEDIUM
WIN-SEC-C01-2026091200,SEC-C01,2026-09-12 00:00:00,2026-09-12 01:00:00,1,23,UNAVAILABLE,MEDIUM
WIN-SEC-C01-2026091201,SEC-C01,2026-09-12 01:00:00,2026-09-12 02:00:00,0,23,AVAILABLE,LOW
WIN-SEC-C01-2026091202,SEC-C01,2026-09-12 02:00:00,2026-09-12 03:00:00,1,23,UNAVAILABLE,MEDIUM
WIN-SEC-C01-2026091203,SEC-C01,2026-09-12 03:00:00,2026-09-12 04:00:00,1,19,UNAVAILABLE,MEDIUM
WIN-SEC-C01-2026091204,SEC-C01,2026-09-12 04:00:00,2026-09-12 05:00:00,1,19,UNAVAILABLE,MEDIUM
WIN-SEC-C01-2026091205,SEC-C01,2026-09-12 05:00:00,2026-09-12 06:00:00,1,19,UNAVAILABLE,MEDIUM
WIN-SEC-C01-2026091206,SEC-C01,2026-09-12 06:00:00,2026-09-12 07:00:00,0,40,UNAVAILABLE,MEDIUM
WIN-SEC-C01-2026091207,SEC-C01,2026-09-12 07:00:00,2026-09-12 08:00:00,1,40,UNAVAILABLE,MEDIUM
WIN-SEC-C01-2026091208,SEC-C01,2026-09-12 08:00:00,2026-09-12 09:00:00,0,40,UNAVAILABLE,MEDIUM
WIN-SEC-C01-2026091209,SEC-C01,2026-09-12 09:00:00,2026-09-12 10:00:00,1,37,UNAVAILABLE,MEDIUM
WIN-SEC-C01-2026091210,SEC-C01,2026-09-12 10:00:00,2026-09-12 11:00:00,1,37,UNAVAILABLE,MEDIUM
WIN-SEC-C01-2026091211,SEC-C01,2026-09-12 11:00:00,2026-09-12 12:00:00,0,37,AVAILABLE,LOW
WIN-SEC-C01-2026091212,SEC-C01,2026-09-12 12:00:00,2026-09-12 13:00:00,1,27,UNAVAILABLE,MEDIUM
WIN-SEC-C01-2026091213,SEC-C01,2026-09-12 13:00:00,2026-09-12 14:00:00,0,27,AVAILABLE,LOW
WIN-SEC-C01-2026091214,SEC-C01,2026-09-12 14:00:00,2026-09-12 15:00:00,1,27,UNAVAILABLE,MEDIUM
WIN-SEC-C01-2026091215,SEC-C01,2026-09-12 15:00:00,2026-09-12 16:00:00,1,30,UNAVAILABLE,MEDIUM
WIN-SEC-C01-2026091216,SEC-C01,2026-09-12 16:00:00,2026-09-12 17:00:00,0,30,AVAILABLE,LOW
WIN-SEC-C01-2026091217,SEC-C01,2026-09-12 17:00:00,2026-09-12 18:00:00,1,30,UNAVAILABLE,MEDIUM
WIN-SEC-C01-2026091218,SEC-C01,2026-09-12 18:00:00,2026-09-12 19:00:00,0,36,UNAVAILABLE,MEDIUM
WIN-SEC-C01-2026091219,SEC-C01,2026-09-12 19:00:00,2026-09-12 20:00:00,1,36,UNAVAILABLE,MEDIUM
WIN-SEC-C01-2026091220,SEC-C01,2026-09-12 20:00:00,2026-09-12 21:00:00,0,36,UNAVAILABLE,MEDIUM
WIN-SEC-C01-2026091221,SEC-C01,2026-09-12 21:00:00,2026-09-12 22:00:00,1,44,UNAVAILABLE,MEDIUM
WIN-SEC-C01-2026091222,SEC-C01,2026-09-12 22:00:00,2026-09-12 23:00:00,1,44,UNAVAILABLE,MEDIUM
WIN-SEC-C01-2026091223,SEC-C01,2026-09-12 23:00:00,2026-09-13 00:00:00,1,44,UNAVAILABLE,MEDIUM
WIN-SEC-A01-2026091300,SEC-A01,2026-09-13 00:00:00,2026-09-13 01:00:00,0,69,UNAVAILABLE,MEDIUM
WIN-SEC-A01-2026091301,SEC-A01,2026-09-13 01:00:00,2026-09-13 02:00:00,1,69,UNAVAILABLE,MEDIUM
WIN-SEC-A01-2026091302,SEC-A01,2026-09-13 02:00:00,2026-09-13 03:00:00,1,69,UNAVAILABLE,MEDIUM
WIN-SEC-A01-2026091303,SEC-A01,2026-09-13 03:00:00,2026-09-13 04:00:00,1,59,UNAVAILABLE,MEDIUM
WIN-SEC-A01-2026091304,SEC-A01,2026-09-13 04:00:00,2026-09-13 05:00:00,1,59,UNAVAILABLE,MEDIUM
WIN-SEC-A01-2026091305,SEC-A01,2026-09-13 05:00:00,2026-09-13 06:00:00,2,59,UNAVAILABLE,HIGH
WIN-SEC-A01-2026091306,SEC-A01,2026-09-13 06:00:00,2026-09-13 07:00:00,2,93,UNAVAILABLE,HIGH
WIN-SEC-A01-2026091307,SEC-A01,2026-09-13 07:00:00,2026-09-13 08:00:00,2,93,UNAVAILABLE,HIGH
WIN-SEC-A01-2026091308,SEC-A01,2026-09-13 08:00:00,2026-09-13 09:00:00,1,93,UNAVAILABLE,MEDIUM
WIN-SEC-A01-2026091309,SEC-A01,2026-09-13 09:00:00,2026-09-13 10:00:00,1,87,UNAVAILABLE,MEDIUM
WIN-SEC-A01-2026091310,SEC-A01,2026-09-13 10:00:00,2026-09-13 11:00:00,1,87,UNAVAILABLE,MEDIUM
WIN-SEC-A01-2026091311,SEC-A01,2026-09-13 11:00:00,2026-09-13 12:00:00,1,87,UNAVAILABLE,MEDIUM
WIN-SEC-A01-2026091312,SEC-A01,2026-09-13 12:00:00,2026-09-13 13:00:00,1,78,UNAVAILABLE,MEDIUM
WIN-SEC-A01-2026091313,SEC-A01,2026-09-13 13:00:00,2026-09-13 14:00:00,1,78,UNAVAILABLE,MEDIUM
WIN-SEC-A01-2026091314,SEC-A01,2026-09-13 14:00:00,2026-09-13 15:00:00,1,78,UNAVAILABLE,MEDIUM
WIN-SEC-A01-2026091315,SEC-A01,2026-09-13 15:00:00,2026-09-13 16:00:00,1,68,UNAVAILABLE,MEDIUM
WIN-SEC-A01-2026091316,SEC-A01,2026-09-13 16:00:00,2026-09-13 17:00:00,1,68,UNAVAILABLE,MEDIUM
WIN-SEC-A01-2026091317,SEC-A01,2026-09-13 17:00:00,2026-09-13 18:00:00,2,68,UNAVAILABLE,HIGH
WIN-SEC-A01-2026091318,SEC-A01,2026-09-13 18:00:00,2026-09-13 19:00:00,2,89,UNAVAILABLE,HIGH
WIN-SEC-A01-2026091319,SEC-A01,2026-09-13 19:00:00,2026-09-13 20:00:00,1,89,UNAVAILABLE,MEDIUM
WIN-SEC-A01-2026091320,SEC-A01,2026-09-13 20:00:00,2026-09-13 21:00:00,2,89,UNAVAILABLE,HIGH
WIN-SEC-A01-2026091321,SEC-A01,2026-09-13 21:00:00,2026-09-13 22:00:00,2,77,UNAVAILABLE,HIGH
WIN-SEC-A01-2026091322,SEC-A01,2026-09-13 22:00:00,2026-09-13 23:00:00,1,77,UNAVAILABLE,MEDIUM
WIN-SEC-A01-2026091323,SEC-A01,2026-09-13 23:00:00,2026-09-14 00:00:00,2,77,UNAVAILABLE,HIGH
WIN-SEC-A02-2026091300,SEC-A02,2026-09-13 00:00:00,2026-09-13 01:00:00,1,69,UNAVAILABLE,MEDIUM
WIN-SEC-A02-2026091301,SEC-A02,2026-09-13 01:00:00,2026-09-13 02:00:00,1,69,UNAVAILABLE,MEDIUM
WIN-SEC-A02-2026091302,SEC-A02,2026-09-13 02:00:00,2026-09-13 03:00:00,1,69,UNAVAILABLE,MEDIUM
WIN-SEC-A02-2026091303,SEC-A02,2026-09-13 03:00:00,2026-09-13 04:00:00,1,65,UNAVAILABLE,MEDIUM
WIN-SEC-A02-2026091304,SEC-A02,2026-09-13 04:00:00,2026-09-13 05:00:00,1,65,UNAVAILABLE,MEDIUM
WIN-SEC-A02-2026091305,SEC-A02,2026-09-13 05:00:00,2026-09-13 06:00:00,1,65,UNAVAILABLE,MEDIUM
WIN-SEC-A02-2026091306,SEC-A02,2026-09-13 06:00:00,2026-09-13 07:00:00,1,87,UNAVAILABLE,MEDIUM
WIN-SEC-A02-2026091307,SEC-A02,2026-09-13 07:00:00,2026-09-13 08:00:00,2,87,UNAVAILABLE,HIGH
WIN-SEC-A02-2026091308,SEC-A02,2026-09-13 08:00:00,2026-09-13 09:00:00,2,87,UNAVAILABLE,HIGH
WIN-SEC-A02-2026091309,SEC-A02,2026-09-13 09:00:00,2026-09-13 10:00:00,1,77,UNAVAILABLE,MEDIUM
WIN-SEC-A02-2026091310,SEC-A02,2026-09-13 10:00:00,2026-09-13 11:00:00,2,77,UNAVAILABLE,HIGH
WIN-SEC-A02-2026091311,SEC-A02,2026-09-13 11:00:00,2026-09-13 12:00:00,1,77,UNAVAILABLE,MEDIUM
WIN-SEC-A02-2026091312,SEC-A02,2026-09-13 12:00:00,2026-09-13 13:00:00,1,67,UNAVAILABLE,MEDIUM
WIN-SEC-A02-2026091313,SEC-A02,2026-09-13 13:00:00,2026-09-13 14:00:00,1,67,UNAVAILABLE,MEDIUM
WIN-SEC-A02-2026091314,SEC-A02,2026-09-13 14:00:00,2026-09-13 15:00:00,1,67,UNAVAILABLE,MEDIUM
WIN-SEC-A02-2026091315,SEC-A02,2026-09-13 15:00:00,2026-09-13 16:00:00,1,76,UNAVAILABLE,MEDIUM
WIN-SEC-A02-2026091316,SEC-A02,2026-09-13 16:00:00,2026-09-13 17:00:00,1,76,UNAVAILABLE,MEDIUM
WIN-SEC-A02-2026091317,SEC-A02,2026-09-13 17:00:00,2026-09-13 18:00:00,2,76,UNAVAILABLE,HIGH
WIN-SEC-A02-2026091318,SEC-A02,2026-09-13 18:00:00,2026-09-13 19:00:00,2,78,UNAVAILABLE,HIGH
WIN-SEC-A02-2026091319,SEC-A02,2026-09-13 19:00:00,2026-09-13 20:00:00,2,78,UNAVAILABLE,HIGH
WIN-SEC-A02-2026091320,SEC-A02,2026-09-13 20:00:00,2026-09-13 21:00:00,2,78,UNAVAILABLE,HIGH
WIN-SEC-A02-2026091321,SEC-A02,2026-09-13 21:00:00,2026-09-13 22:00:00,1,87,UNAVAILABLE,MEDIUM
WIN-SEC-A02-2026091322,SEC-A02,2026-09-13 22:00:00,2026-09-13 23:00:00,1,87,UNAVAILABLE,MEDIUM
WIN-SEC-A02-2026091323,SEC-A02,2026-09-13 23:00:00,2026-09-14 00:00:00,2,87,UNAVAILABLE,HIGH
WIN-SEC-B01-2026091300,SEC-B01,2026-09-13 00:00:00,2026-09-13 01:00:00,2,36,UNAVAILABLE,HIGH
WIN-SEC-B01-2026091301,SEC-B01,2026-09-13 01:00:00,2026-09-13 02:00:00,1,36,UNAVAILABLE,MEDIUM
WIN-SEC-B01-2026091302,SEC-B01,2026-09-13 02:00:00,2026-09-13 03:00:00,0,36,AVAILABLE,LOW
WIN-SEC-B01-2026091303,SEC-B01,2026-09-13 03:00:00,2026-09-13 04:00:00,1,49,UNAVAILABLE,MEDIUM
WIN-SEC-B01-2026091304,SEC-B01,2026-09-13 04:00:00,2026-09-13 05:00:00,1,49,UNAVAILABLE,MEDIUM
WIN-SEC-B01-2026091305,SEC-B01,2026-09-13 05:00:00,2026-09-13 06:00:00,0,49,AVAILABLE,LOW
WIN-SEC-B01-2026091306,SEC-B01,2026-09-13 06:00:00,2026-09-13 07:00:00,1,57,UNAVAILABLE,MEDIUM
WIN-SEC-B01-2026091307,SEC-B01,2026-09-13 07:00:00,2026-09-13 08:00:00,1,57,UNAVAILABLE,MEDIUM
WIN-SEC-B01-2026091308,SEC-B01,2026-09-13 08:00:00,2026-09-13 09:00:00,0,57,UNAVAILABLE,MEDIUM
WIN-SEC-B01-2026091309,SEC-B01,2026-09-13 09:00:00,2026-09-13 10:00:00,1,67,UNAVAILABLE,MEDIUM
WIN-SEC-B01-2026091310,SEC-B01,2026-09-13 10:00:00,2026-09-13 11:00:00,1,67,UNAVAILABLE,MEDIUM
WIN-SEC-B01-2026091311,SEC-B01,2026-09-13 11:00:00,2026-09-13 12:00:00,2,67,UNAVAILABLE,HIGH
WIN-SEC-B01-2026091312,SEC-B01,2026-09-13 12:00:00,2026-09-13 13:00:00,1,56,UNAVAILABLE,MEDIUM
WIN-SEC-B01-2026091313,SEC-B01,2026-09-13 13:00:00,2026-09-13 14:00:00,1,56,UNAVAILABLE,MEDIUM
WIN-SEC-B01-2026091314,SEC-B01,2026-09-13 14:00:00,2026-09-13 15:00:00,1,56,UNAVAILABLE,MEDIUM
WIN-SEC-B01-2026091315,SEC-B01,2026-09-13 15:00:00,2026-09-13 16:00:00,1,48,UNAVAILABLE,MEDIUM
WIN-SEC-B01-2026091316,SEC-B01,2026-09-13 16:00:00,2026-09-13 17:00:00,1,48,UNAVAILABLE,MEDIUM
WIN-SEC-B01-2026091317,SEC-B01,2026-09-13 17:00:00,2026-09-13 18:00:00,1,48,UNAVAILABLE,MEDIUM
WIN-SEC-B01-2026091318,SEC-B01,2026-09-13 18:00:00,2026-09-13 19:00:00,1,67,UNAVAILABLE,MEDIUM
WIN-SEC-B01-2026091319,SEC-B01,2026-09-13 19:00:00,2026-09-13 20:00:00,1,67,UNAVAILABLE,MEDIUM
WIN-SEC-B01-2026091320,SEC-B01,2026-09-13 20:00:00,2026-09-13 21:00:00,1,67,UNAVAILABLE,MEDIUM
WIN-SEC-B01-2026091321,SEC-B01,2026-09-13 21:00:00,2026-09-13 22:00:00,1,66,UNAVAILABLE,MEDIUM
WIN-SEC-B01-2026091322,SEC-B01,2026-09-13 22:00:00,2026-09-13 23:00:00,1,66,UNAVAILABLE,MEDIUM
WIN-SEC-B01-2026091323,SEC-B01,2026-09-13 23:00:00,2026-09-14 00:00:00,0,66,UNAVAILABLE,MEDIUM
WIN-SEC-B02-2026091300,SEC-B02,2026-09-13 00:00:00,2026-09-13 01:00:00,0,41,AVAILABLE,LOW
WIN-SEC-B02-2026091301,SEC-B02,2026-09-13 01:00:00,2026-09-13 02:00:00,1,41,UNAVAILABLE,MEDIUM
WIN-SEC-B02-2026091302,SEC-B02,2026-09-13 02:00:00,2026-09-13 03:00:00,1,41,UNAVAILABLE,MEDIUM
WIN-SEC-B02-2026091303,SEC-B02,2026-09-13 03:00:00,2026-09-13 04:00:00,1,38,UNAVAILABLE,MEDIUM
WIN-SEC-B02-2026091304,SEC-B02,2026-09-13 04:00:00,2026-09-13 05:00:00,1,38,UNAVAILABLE,MEDIUM
WIN-SEC-B02-2026091305,SEC-B02,2026-09-13 05:00:00,2026-09-13 06:00:00,0,38,AVAILABLE,LOW
WIN-SEC-B02-2026091306,SEC-B02,2026-09-13 06:00:00,2026-09-13 07:00:00,1,52,UNAVAILABLE,MEDIUM
WIN-SEC-B02-2026091307,SEC-B02,2026-09-13 07:00:00,2026-09-13 08:00:00,1,52,UNAVAILABLE,MEDIUM
WIN-SEC-B02-2026091308,SEC-B02,2026-09-13 08:00:00,2026-09-13 09:00:00,0,52,UNAVAILABLE,MEDIUM
WIN-SEC-B02-2026091309,SEC-B02,2026-09-13 09:00:00,2026-09-13 10:00:00,1,66,UNAVAILABLE,MEDIUM
WIN-SEC-B02-2026091310,SEC-B02,2026-09-13 10:00:00,2026-09-13 11:00:00,1,66,UNAVAILABLE,MEDIUM
WIN-SEC-B02-2026091311,SEC-B02,2026-09-13 11:00:00,2026-09-13 12:00:00,0,66,UNAVAILABLE,MEDIUM
WIN-SEC-B02-2026091312,SEC-B02,2026-09-13 12:00:00,2026-09-13 13:00:00,1,43,UNAVAILABLE,MEDIUM
WIN-SEC-B02-2026091313,SEC-B02,2026-09-13 13:00:00,2026-09-13 14:00:00,1,43,UNAVAILABLE,MEDIUM
WIN-SEC-B02-2026091314,SEC-B02,2026-09-13 14:00:00,2026-09-13 15:00:00,2,43,UNAVAILABLE,HIGH
WIN-SEC-B02-2026091315,SEC-B02,2026-09-13 15:00:00,2026-09-13 16:00:00,1,53,UNAVAILABLE,MEDIUM
WIN-SEC-B02-2026091316,SEC-B02,2026-09-13 16:00:00,2026-09-13 17:00:00,1,53,UNAVAILABLE,MEDIUM
WIN-SEC-B02-2026091317,SEC-B02,2026-09-13 17:00:00,2026-09-13 18:00:00,0,53,UNAVAILABLE,MEDIUM
WIN-SEC-B02-2026091318,SEC-B02,2026-09-13 18:00:00,2026-09-13 19:00:00,1,62,UNAVAILABLE,MEDIUM
WIN-SEC-B02-2026091319,SEC-B02,2026-09-13 19:00:00,2026-09-13 20:00:00,1,62,UNAVAILABLE,MEDIUM
WIN-SEC-B02-2026091320,SEC-B02,2026-09-13 20:00:00,2026-09-13 21:00:00,1,62,UNAVAILABLE,MEDIUM
WIN-SEC-B02-2026091321,SEC-B02,2026-09-13 21:00:00,2026-09-13 22:00:00,1,68,UNAVAILABLE,MEDIUM
WIN-SEC-B02-2026091322,SEC-B02,2026-09-13 22:00:00,2026-09-13 23:00:00,1,68,UNAVAILABLE,MEDIUM
WIN-SEC-B02-2026091323,SEC-B02,2026-09-13 23:00:00,2026-09-14 00:00:00,2,68,UNAVAILABLE,HIGH
WIN-SEC-C01-2026091300,SEC-C01,2026-09-13 00:00:00,2026-09-13 01:00:00,2,22,UNAVAILABLE,HIGH
WIN-SEC-C01-2026091301,SEC-C01,2026-09-13 01:00:00,2026-09-13 02:00:00,0,22,AVAILABLE,LOW
WIN-SEC-C01-2026091302,SEC-C01,2026-09-13 02:00:00,2026-09-13 03:00:00,1,22,UNAVAILABLE,MEDIUM
WIN-SEC-C01-2026091303,SEC-C01,2026-09-13 03:00:00,2026-09-13 04:00:00,1,22,UNAVAILABLE,MEDIUM
WIN-SEC-C01-2026091304,SEC-C01,2026-09-13 04:00:00,2026-09-13 05:00:00,1,22,UNAVAILABLE,MEDIUM
WIN-SEC-C01-2026091305,SEC-C01,2026-09-13 05:00:00,2026-09-13 06:00:00,0,22,AVAILABLE,LOW
WIN-SEC-C01-2026091306,SEC-C01,2026-09-13 06:00:00,2026-09-13 07:00:00,0,48,UNAVAILABLE,MEDIUM
WIN-SEC-C01-2026091307,SEC-C01,2026-09-13 07:00:00,2026-09-13 08:00:00,1,48,UNAVAILABLE,MEDIUM
WIN-SEC-C01-2026091308,SEC-C01,2026-09-13 08:00:00,2026-09-13 09:00:00,1,48,UNAVAILABLE,MEDIUM
WIN-SEC-C01-2026091309,SEC-C01,2026-09-13 09:00:00,2026-09-13 10:00:00,1,46,UNAVAILABLE,MEDIUM
WIN-SEC-C01-2026091310,SEC-C01,2026-09-13 10:00:00,2026-09-13 11:00:00,1,46,UNAVAILABLE,MEDIUM
WIN-SEC-C01-2026091311,SEC-C01,2026-09-13 11:00:00,2026-09-13 12:00:00,1,46,UNAVAILABLE,MEDIUM
WIN-SEC-C01-2026091312,SEC-C01,2026-09-13 12:00:00,2026-09-13 13:00:00,1,34,UNAVAILABLE,MEDIUM
WIN-SEC-C01-2026091313,SEC-C01,2026-09-13 13:00:00,2026-09-13 14:00:00,0,34,AVAILABLE,LOW
WIN-SEC-C01-2026091314,SEC-C01,2026-09-13 14:00:00,2026-09-13 15:00:00,1,34,UNAVAILABLE,MEDIUM
WIN-SEC-C01-2026091315,SEC-C01,2026-09-13 15:00:00,2026-09-13 16:00:00,0,35,AVAILABLE,LOW
WIN-SEC-C01-2026091316,SEC-C01,2026-09-13 16:00:00,2026-09-13 17:00:00,1,35,UNAVAILABLE,MEDIUM
WIN-SEC-C01-2026091317,SEC-C01,2026-09-13 17:00:00,2026-09-13 18:00:00,1,35,UNAVAILABLE,MEDIUM
WIN-SEC-C01-2026091318,SEC-C01,2026-09-13 18:00:00,2026-09-13 19:00:00,0,35,UNAVAILABLE,MEDIUM
WIN-SEC-C01-2026091319,SEC-C01,2026-09-13 19:00:00,2026-09-13 20:00:00,1,35,UNAVAILABLE,MEDIUM
WIN-SEC-C01-2026091320,SEC-C01,2026-09-13 20:00:00,2026-09-13 21:00:00,0,35,UNAVAILABLE,MEDIUM
WIN-SEC-C01-2026091321,SEC-C01,2026-09-13 21:00:00,2026-09-13 22:00:00,1,49,UNAVAILABLE,MEDIUM
WIN-SEC-C01-2026091322,SEC-C01,2026-09-13 22:00:00,2026-09-13 23:00:00,1,49,UNAVAILABLE,MEDIUM
WIN-SEC-C01-2026091323,SEC-C01,2026-09-13 23:00:00,2026-09-14 00:00:00,0,49,AVAILABLE,LOW
WIN-SEC-A01-2026091400,SEC-A01,2026-09-14 00:00:00,2026-09-14 01:00:00,2,68,UNAVAILABLE,HIGH
WIN-SEC-A01-2026091401,SEC-A01,2026-09-14 01:00:00,2026-09-14 02:00:00,2,68,UNAVAILABLE,HIGH
WIN-SEC-A01-2026091402,SEC-A01,2026-09-14 02:00:00,2026-09-14 03:00:00,1,68,UNAVAILABLE,MEDIUM
WIN-SEC-A01-2026091403,SEC-A01,2026-09-14 03:00:00,2026-09-14 04:00:00,1,58,UNAVAILABLE,MEDIUM
WIN-SEC-A01-2026091404,SEC-A01,2026-09-14 04:00:00,2026-09-14 05:00:00,2,58,UNAVAILABLE,HIGH
WIN-SEC-A01-2026091405,SEC-A01,2026-09-14 05:00:00,2026-09-14 06:00:00,1,58,UNAVAILABLE,MEDIUM
WIN-SEC-A01-2026091406,SEC-A01,2026-09-14 06:00:00,2026-09-14 07:00:00,1,83,UNAVAILABLE,MEDIUM
WIN-SEC-A01-2026091407,SEC-A01,2026-09-14 07:00:00,2026-09-14 08:00:00,2,83,UNAVAILABLE,HIGH
WIN-SEC-A01-2026091408,SEC-A01,2026-09-14 08:00:00,2026-09-14 09:00:00,1,83,UNAVAILABLE,MEDIUM
WIN-SEC-A01-2026091409,SEC-A01,2026-09-14 09:00:00,2026-09-14 10:00:00,2,84,UNAVAILABLE,HIGH
WIN-SEC-A01-2026091410,SEC-A01,2026-09-14 10:00:00,2026-09-14 11:00:00,2,84,UNAVAILABLE,HIGH
WIN-SEC-A01-2026091411,SEC-A01,2026-09-14 11:00:00,2026-09-14 12:00:00,1,84,UNAVAILABLE,MEDIUM
WIN-SEC-A01-2026091412,SEC-A01,2026-09-14 12:00:00,2026-09-14 13:00:00,2,71,UNAVAILABLE,HIGH
WIN-SEC-A01-2026091413,SEC-A01,2026-09-14 13:00:00,2026-09-14 14:00:00,1,71,UNAVAILABLE,MEDIUM
WIN-SEC-A01-2026091414,SEC-A01,2026-09-14 14:00:00,2026-09-14 15:00:00,1,71,UNAVAILABLE,MEDIUM
WIN-SEC-A01-2026091415,SEC-A01,2026-09-14 15:00:00,2026-09-14 16:00:00,1,74,UNAVAILABLE,MEDIUM
WIN-SEC-A01-2026091416,SEC-A01,2026-09-14 16:00:00,2026-09-14 17:00:00,1,74,UNAVAILABLE,MEDIUM
WIN-SEC-A01-2026091417,SEC-A01,2026-09-14 17:00:00,2026-09-14 18:00:00,1,74,UNAVAILABLE,MEDIUM
WIN-SEC-A01-2026091418,SEC-A01,2026-09-14 18:00:00,2026-09-14 19:00:00,2,93,UNAVAILABLE,HIGH
WIN-SEC-A01-2026091419,SEC-A01,2026-09-14 19:00:00,2026-09-14 20:00:00,2,93,UNAVAILABLE,HIGH
WIN-SEC-A01-2026091420,SEC-A01,2026-09-14 20:00:00,2026-09-14 21:00:00,2,93,UNAVAILABLE,HIGH
WIN-SEC-A01-2026091421,SEC-A01,2026-09-14 21:00:00,2026-09-14 22:00:00,2,90,UNAVAILABLE,HIGH
WIN-SEC-A01-2026091422,SEC-A01,2026-09-14 22:00:00,2026-09-14 23:00:00,2,90,UNAVAILABLE,HIGH
WIN-SEC-A01-2026091423,SEC-A01,2026-09-14 23:00:00,2026-09-15 00:00:00,1,90,UNAVAILABLE,MEDIUM
WIN-SEC-A02-2026091400,SEC-A02,2026-09-14 00:00:00,2026-09-14 01:00:00,2,56,UNAVAILABLE,HIGH
WIN-SEC-A02-2026091401,SEC-A02,2026-09-14 01:00:00,2026-09-14 02:00:00,2,56,UNAVAILABLE,HIGH
WIN-SEC-A02-2026091402,SEC-A02,2026-09-14 02:00:00,2026-09-14 03:00:00,1,56,UNAVAILABLE,MEDIUM
WIN-SEC-A02-2026091403,SEC-A02,2026-09-14 03:00:00,2026-09-14 04:00:00,1,68,UNAVAILABLE,MEDIUM
WIN-SEC-A02-2026091404,SEC-A02,2026-09-14 04:00:00,2026-09-14 05:00:00,1,68,UNAVAILABLE,MEDIUM
WIN-SEC-A02-2026091405,SEC-A02,2026-09-14 05:00:00,2026-09-14 06:00:00,1,68,UNAVAILABLE,MEDIUM
WIN-SEC-A02-2026091406,SEC-A02,2026-09-14 06:00:00,2026-09-14 07:00:00,1,92,UNAVAILABLE,MEDIUM
WIN-SEC-A02-2026091407,SEC-A02,2026-09-14 07:00:00,2026-09-14 08:00:00,2,92,UNAVAILABLE,HIGH
WIN-SEC-A02-2026091408,SEC-A02,2026-09-14 08:00:00,2026-09-14 09:00:00,2,92,UNAVAILABLE,HIGH
WIN-SEC-A02-2026091409,SEC-A02,2026-09-14 09:00:00,2026-09-14 10:00:00,2,86,UNAVAILABLE,HIGH
WIN-SEC-A02-2026091410,SEC-A02,2026-09-14 10:00:00,2026-09-14 11:00:00,2,86,UNAVAILABLE,HIGH
WIN-SEC-A02-2026091411,SEC-A02,2026-09-14 11:00:00,2026-09-14 12:00:00,1,86,UNAVAILABLE,MEDIUM
WIN-SEC-A02-2026091412,SEC-A02,2026-09-14 12:00:00,2026-09-14 13:00:00,1,79,UNAVAILABLE,MEDIUM
WIN-SEC-A02-2026091413,SEC-A02,2026-09-14 13:00:00,2026-09-14 14:00:00,1,79,UNAVAILABLE,MEDIUM
WIN-SEC-A02-2026091414,SEC-A02,2026-09-14 14:00:00,2026-09-14 15:00:00,1,79,UNAVAILABLE,MEDIUM
WIN-SEC-A02-2026091415,SEC-A02,2026-09-14 15:00:00,2026-09-14 16:00:00,1,84,UNAVAILABLE,MEDIUM
WIN-SEC-A02-2026091416,SEC-A02,2026-09-14 16:00:00,2026-09-14 17:00:00,1,84,UNAVAILABLE,MEDIUM
WIN-SEC-A02-2026091417,SEC-A02,2026-09-14 17:00:00,2026-09-14 18:00:00,2,84,UNAVAILABLE,HIGH
WIN-SEC-A02-2026091418,SEC-A02,2026-09-14 18:00:00,2026-09-14 19:00:00,1,90,UNAVAILABLE,MEDIUM
WIN-SEC-A02-2026091419,SEC-A02,2026-09-14 19:00:00,2026-09-14 20:00:00,2,90,UNAVAILABLE,HIGH
WIN-SEC-A02-2026091420,SEC-A02,2026-09-14 20:00:00,2026-09-14 21:00:00,2,90,UNAVAILABLE,HIGH
WIN-SEC-A02-2026091421,SEC-A02,2026-09-14 21:00:00,2026-09-14 22:00:00,1,85,UNAVAILABLE,MEDIUM
WIN-SEC-A02-2026091422,SEC-A02,2026-09-14 22:00:00,2026-09-14 23:00:00,1,85,UNAVAILABLE,MEDIUM
WIN-SEC-A02-2026091423,SEC-A02,2026-09-14 23:00:00,2026-09-15 00:00:00,1,85,UNAVAILABLE,MEDIUM
WIN-SEC-B01-2026091400,SEC-B01,2026-09-14 00:00:00,2026-09-14 01:00:00,1,50,UNAVAILABLE,MEDIUM
WIN-SEC-B01-2026091401,SEC-B01,2026-09-14 01:00:00,2026-09-14 02:00:00,1,50,UNAVAILABLE,MEDIUM
WIN-SEC-B01-2026091402,SEC-B01,2026-09-14 02:00:00,2026-09-14 03:00:00,2,50,UNAVAILABLE,HIGH
WIN-SEC-B01-2026091403,SEC-B01,2026-09-14 03:00:00,2026-09-14 04:00:00,1,45,UNAVAILABLE,MEDIUM
WIN-SEC-B01-2026091404,SEC-B01,2026-09-14 04:00:00,2026-09-14 05:00:00,1,45,UNAVAILABLE,MEDIUM
WIN-SEC-B01-2026091405,SEC-B01,2026-09-14 05:00:00,2026-09-14 06:00:00,2,45,UNAVAILABLE,HIGH
WIN-SEC-B01-2026091406,SEC-B01,2026-09-14 06:00:00,2026-09-14 07:00:00,1,64,UNAVAILABLE,MEDIUM
WIN-SEC-B01-2026091407,SEC-B01,2026-09-14 07:00:00,2026-09-14 08:00:00,1,64,UNAVAILABLE,MEDIUM
WIN-SEC-B01-2026091408,SEC-B01,2026-09-14 08:00:00,2026-09-14 09:00:00,1,64,UNAVAILABLE,MEDIUM
WIN-SEC-B01-2026091409,SEC-B01,2026-09-14 09:00:00,2026-09-14 10:00:00,1,62,UNAVAILABLE,MEDIUM
WIN-SEC-B01-2026091410,SEC-B01,2026-09-14 10:00:00,2026-09-14 11:00:00,1,62,UNAVAILABLE,MEDIUM
WIN-SEC-B01-2026091411,SEC-B01,2026-09-14 11:00:00,2026-09-14 12:00:00,2,62,UNAVAILABLE,HIGH
WIN-SEC-B01-2026091412,SEC-B01,2026-09-14 12:00:00,2026-09-14 13:00:00,1,61,UNAVAILABLE,MEDIUM
WIN-SEC-B01-2026091413,SEC-B01,2026-09-14 13:00:00,2026-09-14 14:00:00,1,61,UNAVAILABLE,MEDIUM
WIN-SEC-B01-2026091414,SEC-B01,2026-09-14 14:00:00,2026-09-14 15:00:00,0,61,AVAILABLE,LOW
WIN-SEC-B01-2026091415,SEC-B01,2026-09-14 15:00:00,2026-09-14 16:00:00,1,47,UNAVAILABLE,MEDIUM
WIN-SEC-B01-2026091416,SEC-B01,2026-09-14 16:00:00,2026-09-14 17:00:00,1,47,UNAVAILABLE,MEDIUM
WIN-SEC-B01-2026091417,SEC-B01,2026-09-14 17:00:00,2026-09-14 18:00:00,2,47,UNAVAILABLE,HIGH
WIN-SEC-B01-2026091418,SEC-B01,2026-09-14 18:00:00,2026-09-14 19:00:00,1,73,UNAVAILABLE,MEDIUM
WIN-SEC-B01-2026091419,SEC-B01,2026-09-14 19:00:00,2026-09-14 20:00:00,1,73,UNAVAILABLE,MEDIUM
WIN-SEC-B01-2026091420,SEC-B01,2026-09-14 20:00:00,2026-09-14 21:00:00,2,73,UNAVAILABLE,HIGH
WIN-SEC-B01-2026091421,SEC-B01,2026-09-14 21:00:00,2026-09-14 22:00:00,1,67,UNAVAILABLE,MEDIUM
WIN-SEC-B01-2026091422,SEC-B01,2026-09-14 22:00:00,2026-09-14 23:00:00,1,67,UNAVAILABLE,MEDIUM
WIN-SEC-B01-2026091423,SEC-B01,2026-09-14 23:00:00,2026-09-15 00:00:00,0,67,UNAVAILABLE,MEDIUM
WIN-SEC-B02-2026091400,SEC-B02,2026-09-14 00:00:00,2026-09-14 01:00:00,1,36,UNAVAILABLE,MEDIUM
WIN-SEC-B02-2026091401,SEC-B02,2026-09-14 01:00:00,2026-09-14 02:00:00,1,36,UNAVAILABLE,MEDIUM
WIN-SEC-B02-2026091402,SEC-B02,2026-09-14 02:00:00,2026-09-14 03:00:00,1,36,UNAVAILABLE,MEDIUM
WIN-SEC-B02-2026091403,SEC-B02,2026-09-14 03:00:00,2026-09-14 04:00:00,1,46,UNAVAILABLE,MEDIUM
WIN-SEC-B02-2026091404,SEC-B02,2026-09-14 04:00:00,2026-09-14 05:00:00,1,46,UNAVAILABLE,MEDIUM
WIN-SEC-B02-2026091405,SEC-B02,2026-09-14 05:00:00,2026-09-14 06:00:00,1,46,UNAVAILABLE,MEDIUM
WIN-SEC-B02-2026091406,SEC-B02,2026-09-14 06:00:00,2026-09-14 07:00:00,1,51,UNAVAILABLE,MEDIUM
WIN-SEC-B02-2026091407,SEC-B02,2026-09-14 07:00:00,2026-09-14 08:00:00,1,51,UNAVAILABLE,MEDIUM
WIN-SEC-B02-2026091408,SEC-B02,2026-09-14 08:00:00,2026-09-14 09:00:00,1,51,UNAVAILABLE,MEDIUM
WIN-SEC-B02-2026091409,SEC-B02,2026-09-14 09:00:00,2026-09-14 10:00:00,1,68,UNAVAILABLE,MEDIUM
WIN-SEC-B02-2026091410,SEC-B02,2026-09-14 10:00:00,2026-09-14 11:00:00,1,68,UNAVAILABLE,MEDIUM
WIN-SEC-B02-2026091411,SEC-B02,2026-09-14 11:00:00,2026-09-14 12:00:00,1,68,UNAVAILABLE,MEDIUM
WIN-SEC-B02-2026091412,SEC-B02,2026-09-14 12:00:00,2026-09-14 13:00:00,1,57,UNAVAILABLE,MEDIUM
WIN-SEC-B02-2026091413,SEC-B02,2026-09-14 13:00:00,2026-09-14 14:00:00,1,57,UNAVAILABLE,MEDIUM
WIN-SEC-B02-2026091414,SEC-B02,2026-09-14 14:00:00,2026-09-14 15:00:00,1,57,UNAVAILABLE,MEDIUM
WIN-SEC-B02-2026091415,SEC-B02,2026-09-14 15:00:00,2026-09-14 16:00:00,1,48,UNAVAILABLE,MEDIUM
WIN-SEC-B02-2026091416,SEC-B02,2026-09-14 16:00:00,2026-09-14 17:00:00,1,48,UNAVAILABLE,MEDIUM
WIN-SEC-B02-2026091417,SEC-B02,2026-09-14 17:00:00,2026-09-14 18:00:00,1,48,UNAVAILABLE,MEDIUM
WIN-SEC-B02-2026091418,SEC-B02,2026-09-14 18:00:00,2026-09-14 19:00:00,1,65,UNAVAILABLE,MEDIUM
WIN-SEC-B02-2026091419,SEC-B02,2026-09-14 19:00:00,2026-09-14 20:00:00,1,65,UNAVAILABLE,MEDIUM
WIN-SEC-B02-2026091420,SEC-B02,2026-09-14 20:00:00,2026-09-14 21:00:00,1,65,UNAVAILABLE,MEDIUM
WIN-SEC-B02-2026091421,SEC-B02,2026-09-14 21:00:00,2026-09-14 22:00:00,1,76,UNAVAILABLE,MEDIUM
WIN-SEC-B02-2026091422,SEC-B02,2026-09-14 22:00:00,2026-09-14 23:00:00,1,76,UNAVAILABLE,MEDIUM
WIN-SEC-B02-2026091423,SEC-B02,2026-09-14 23:00:00,2026-09-15 00:00:00,2,76,UNAVAILABLE,HIGH
WIN-SEC-C01-2026091400,SEC-C01,2026-09-14 00:00:00,2026-09-14 01:00:00,1,21,UNAVAILABLE,MEDIUM
WIN-SEC-C01-2026091401,SEC-C01,2026-09-14 01:00:00,2026-09-14 02:00:00,0,21,AVAILABLE,LOW
WIN-SEC-C01-2026091402,SEC-C01,2026-09-14 02:00:00,2026-09-14 03:00:00,1,21,UNAVAILABLE,MEDIUM
WIN-SEC-C01-2026091403,SEC-C01,2026-09-14 03:00:00,2026-09-14 04:00:00,1,18,UNAVAILABLE,MEDIUM
WIN-SEC-C01-2026091404,SEC-C01,2026-09-14 04:00:00,2026-09-14 05:00:00,0,18,AVAILABLE,LOW
WIN-SEC-C01-2026091405,SEC-C01,2026-09-14 05:00:00,2026-09-14 06:00:00,1,18,UNAVAILABLE,MEDIUM
WIN-SEC-C01-2026091406,SEC-C01,2026-09-14 06:00:00,2026-09-14 07:00:00,0,53,UNAVAILABLE,MEDIUM
WIN-SEC-C01-2026091407,SEC-C01,2026-09-14 07:00:00,2026-09-14 08:00:00,1,53,UNAVAILABLE,MEDIUM
WIN-SEC-C01-2026091408,SEC-C01,2026-09-14 08:00:00,2026-09-14 09:00:00,0,53,UNAVAILABLE,MEDIUM
WIN-SEC-C01-2026091409,SEC-C01,2026-09-14 09:00:00,2026-09-14 10:00:00,1,56,UNAVAILABLE,MEDIUM
WIN-SEC-C01-2026091410,SEC-C01,2026-09-14 10:00:00,2026-09-14 11:00:00,1,56,UNAVAILABLE,MEDIUM
WIN-SEC-C01-2026091411,SEC-C01,2026-09-14 11:00:00,2026-09-14 12:00:00,0,56,AVAILABLE,LOW
WIN-SEC-C01-2026091412,SEC-C01,2026-09-14 12:00:00,2026-09-14 13:00:00,1,32,UNAVAILABLE,MEDIUM
WIN-SEC-C01-2026091413,SEC-C01,2026-09-14 13:00:00,2026-09-14 14:00:00,0,32,AVAILABLE,LOW
WIN-SEC-C01-2026091414,SEC-C01,2026-09-14 14:00:00,2026-09-14 15:00:00,1,32,UNAVAILABLE,MEDIUM
WIN-SEC-C01-2026091415,SEC-C01,2026-09-14 15:00:00,2026-09-14 16:00:00,0,38,AVAILABLE,LOW
WIN-SEC-C01-2026091416,SEC-C01,2026-09-14 16:00:00,2026-09-14 17:00:00,1,38,UNAVAILABLE,MEDIUM
WIN-SEC-C01-2026091417,SEC-C01,2026-09-14 17:00:00,2026-09-14 18:00:00,1,38,UNAVAILABLE,MEDIUM
WIN-SEC-C01-2026091418,SEC-C01,2026-09-14 18:00:00,2026-09-14 19:00:00,1,52,UNAVAILABLE,MEDIUM
WIN-SEC-C01-2026091419,SEC-C01,2026-09-14 19:00:00,2026-09-14 20:00:00,1,52,UNAVAILABLE,MEDIUM
WIN-SEC-C01-2026091420,SEC-C01,2026-09-14 20:00:00,2026-09-14 21:00:00,0,52,UNAVAILABLE,MEDIUM
WIN-SEC-C01-2026091421,SEC-C01,2026-09-14 21:00:00,2026-09-14 22:00:00,1,40,UNAVAILABLE,MEDIUM
WIN-SEC-C01-2026091422,SEC-C01,2026-09-14 22:00:00,2026-09-14 23:00:00,1,40,UNAVAILABLE,MEDIUM
WIN-SEC-C01-2026091423,SEC-C01,2026-09-14 23:00:00,2026-09-15 00:00:00,0,40,AVAILABLE,LOW
WIN-SEC-A01-2026091500,SEC-A01,2026-09-15 00:00:00,2026-09-15 01:00:00,1,61,UNAVAILABLE,MEDIUM
WIN-SEC-A01-2026091501,SEC-A01,2026-09-15 01:00:00,2026-09-15 02:00:00,1,61,UNAVAILABLE,MEDIUM
WIN-SEC-A01-2026091502,SEC-A01,2026-09-15 02:00:00,2026-09-15 03:00:00,1,61,UNAVAILABLE,MEDIUM
WIN-SEC-A01-2026091503,SEC-A01,2026-09-15 03:00:00,2026-09-15 04:00:00,1,71,UNAVAILABLE,MEDIUM
WIN-SEC-A01-2026091504,SEC-A01,2026-09-15 04:00:00,2026-09-15 05:00:00,1,71,UNAVAILABLE,MEDIUM
WIN-SEC-A01-2026091505,SEC-A01,2026-09-15 05:00:00,2026-09-15 06:00:00,1,71,UNAVAILABLE,MEDIUM
WIN-SEC-A01-2026091506,SEC-A01,2026-09-15 06:00:00,2026-09-15 07:00:00,2,94,UNAVAILABLE,HIGH
WIN-SEC-A01-2026091507,SEC-A01,2026-09-15 07:00:00,2026-09-15 08:00:00,2,94,UNAVAILABLE,HIGH
WIN-SEC-A01-2026091508,SEC-A01,2026-09-15 08:00:00,2026-09-15 09:00:00,2,94,UNAVAILABLE,HIGH
WIN-SEC-A01-2026091509,SEC-A01,2026-09-15 09:00:00,2026-09-15 10:00:00,1,87,UNAVAILABLE,MEDIUM
WIN-SEC-A01-2026091510,SEC-A01,2026-09-15 10:00:00,2026-09-15 11:00:00,2,87,UNAVAILABLE,HIGH
WIN-SEC-A01-2026091511,SEC-A01,2026-09-15 11:00:00,2026-09-15 12:00:00,1,87,UNAVAILABLE,MEDIUM
WIN-SEC-A01-2026091512,SEC-A01,2026-09-15 12:00:00,2026-09-15 13:00:00,1,67,UNAVAILABLE,MEDIUM
WIN-SEC-A01-2026091513,SEC-A01,2026-09-15 13:00:00,2026-09-15 14:00:00,1,67,UNAVAILABLE,MEDIUM
WIN-SEC-A01-2026091514,SEC-A01,2026-09-15 14:00:00,2026-09-15 15:00:00,1,67,UNAVAILABLE,MEDIUM
WIN-SEC-A01-2026091515,SEC-A01,2026-09-15 15:00:00,2026-09-15 16:00:00,2,84,UNAVAILABLE,HIGH
WIN-SEC-A01-2026091516,SEC-A01,2026-09-15 16:00:00,2026-09-15 17:00:00,2,84,UNAVAILABLE,HIGH
WIN-SEC-A01-2026091517,SEC-A01,2026-09-15 17:00:00,2026-09-15 18:00:00,1,84,UNAVAILABLE,MEDIUM
WIN-SEC-A01-2026091518,SEC-A01,2026-09-15 18:00:00,2026-09-15 19:00:00,2,81,UNAVAILABLE,HIGH
WIN-SEC-A01-2026091519,SEC-A01,2026-09-15 19:00:00,2026-09-15 20:00:00,2,81,UNAVAILABLE,HIGH
WIN-SEC-A01-2026091520,SEC-A01,2026-09-15 20:00:00,2026-09-15 21:00:00,2,81,UNAVAILABLE,HIGH
WIN-SEC-A01-2026091521,SEC-A01,2026-09-15 21:00:00,2026-09-15 22:00:00,2,82,UNAVAILABLE,HIGH
WIN-SEC-A01-2026091522,SEC-A01,2026-09-15 22:00:00,2026-09-15 23:00:00,2,82,UNAVAILABLE,HIGH
WIN-SEC-A01-2026091523,SEC-A01,2026-09-15 23:00:00,2026-09-16 00:00:00,1,82,UNAVAILABLE,MEDIUM
WIN-SEC-A02-2026091500,SEC-A02,2026-09-15 00:00:00,2026-09-15 01:00:00,1,66,UNAVAILABLE,MEDIUM
WIN-SEC-A02-2026091501,SEC-A02,2026-09-15 01:00:00,2026-09-15 02:00:00,1,66,UNAVAILABLE,MEDIUM
WIN-SEC-A02-2026091502,SEC-A02,2026-09-15 02:00:00,2026-09-15 03:00:00,1,66,UNAVAILABLE,MEDIUM
WIN-SEC-A02-2026091503,SEC-A02,2026-09-15 03:00:00,2026-09-15 04:00:00,1,73,UNAVAILABLE,MEDIUM
WIN-SEC-A02-2026091504,SEC-A02,2026-09-15 04:00:00,2026-09-15 05:00:00,1,73,UNAVAILABLE,MEDIUM
WIN-SEC-A02-2026091505,SEC-A02,2026-09-15 05:00:00,2026-09-15 06:00:00,1,73,UNAVAILABLE,MEDIUM
WIN-SEC-A02-2026091506,SEC-A02,2026-09-15 06:00:00,2026-09-15 07:00:00,1,89,UNAVAILABLE,MEDIUM
WIN-SEC-A02-2026091507,SEC-A02,2026-09-15 07:00:00,2026-09-15 08:00:00,2,89,UNAVAILABLE,HIGH
WIN-SEC-A02-2026091508,SEC-A02,2026-09-15 08:00:00,2026-09-15 09:00:00,2,89,UNAVAILABLE,HIGH
WIN-SEC-A02-2026091509,SEC-A02,2026-09-15 09:00:00,2026-09-15 10:00:00,2,86,UNAVAILABLE,HIGH
WIN-SEC-A02-2026091510,SEC-A02,2026-09-15 10:00:00,2026-09-15 11:00:00,2,86,UNAVAILABLE,HIGH
WIN-SEC-A02-2026091511,SEC-A02,2026-09-15 11:00:00,2026-09-15 12:00:00,2,86,UNAVAILABLE,HIGH
WIN-SEC-A02-2026091512,SEC-A02,2026-09-15 12:00:00,2026-09-15 13:00:00,1,75,UNAVAILABLE,MEDIUM
WIN-SEC-A02-2026091513,SEC-A02,2026-09-15 13:00:00,2026-09-15 14:00:00,1,75,UNAVAILABLE,MEDIUM
WIN-SEC-A02-2026091514,SEC-A02,2026-09-15 14:00:00,2026-09-15 15:00:00,1,75,UNAVAILABLE,MEDIUM
WIN-SEC-A02-2026091515,SEC-A02,2026-09-15 15:00:00,2026-09-15 16:00:00,2,72,UNAVAILABLE,HIGH
WIN-SEC-A02-2026091516,SEC-A02,2026-09-15 16:00:00,2026-09-15 17:00:00,1,72,UNAVAILABLE,MEDIUM
WIN-SEC-A02-2026091517,SEC-A02,2026-09-15 17:00:00,2026-09-15 18:00:00,1,72,UNAVAILABLE,MEDIUM
WIN-SEC-A02-2026091518,SEC-A02,2026-09-15 18:00:00,2026-09-15 19:00:00,1,87,UNAVAILABLE,MEDIUM
WIN-SEC-A02-2026091519,SEC-A02,2026-09-15 19:00:00,2026-09-15 20:00:00,1,87,UNAVAILABLE,MEDIUM
WIN-SEC-A02-2026091520,SEC-A02,2026-09-15 20:00:00,2026-09-15 21:00:00,2,87,UNAVAILABLE,HIGH
WIN-SEC-A02-2026091521,SEC-A02,2026-09-15 21:00:00,2026-09-15 22:00:00,2,69,UNAVAILABLE,HIGH
WIN-SEC-A02-2026091522,SEC-A02,2026-09-15 22:00:00,2026-09-15 23:00:00,2,69,UNAVAILABLE,HIGH
WIN-SEC-A02-2026091523,SEC-A02,2026-09-15 23:00:00,2026-09-16 00:00:00,2,69,UNAVAILABLE,HIGH
WIN-SEC-B01-2026091500,SEC-B01,2026-09-15 00:00:00,2026-09-15 01:00:00,0,42,AVAILABLE,LOW
WIN-SEC-B01-2026091501,SEC-B01,2026-09-15 01:00:00,2026-09-15 02:00:00,1,42,UNAVAILABLE,MEDIUM
WIN-SEC-B01-2026091502,SEC-B01,2026-09-15 02:00:00,2026-09-15 03:00:00,0,42,AVAILABLE,LOW
WIN-SEC-B01-2026091503,SEC-B01,2026-09-15 03:00:00,2026-09-15 04:00:00,1,45,UNAVAILABLE,MEDIUM
WIN-SEC-B01-2026091504,SEC-B01,2026-09-15 04:00:00,2026-09-15 05:00:00,1,45,UNAVAILABLE,MEDIUM
WIN-SEC-B01-2026091505,SEC-B01,2026-09-15 05:00:00,2026-09-15 06:00:00,1,45,UNAVAILABLE,MEDIUM
WIN-SEC-B01-2026091506,SEC-B01,2026-09-15 06:00:00,2026-09-15 07:00:00,1,57,UNAVAILABLE,MEDIUM
WIN-SEC-B01-2026091507,SEC-B01,2026-09-15 07:00:00,2026-09-15 08:00:00,1,57,UNAVAILABLE,MEDIUM
WIN-SEC-B01-2026091508,SEC-B01,2026-09-15 08:00:00,2026-09-15 09:00:00,1,57,UNAVAILABLE,MEDIUM
WIN-SEC-B01-2026091509,SEC-B01,2026-09-15 09:00:00,2026-09-15 10:00:00,1,66,UNAVAILABLE,MEDIUM
WIN-SEC-B01-2026091510,SEC-B01,2026-09-15 10:00:00,2026-09-15 11:00:00,1,66,UNAVAILABLE,MEDIUM
WIN-SEC-B01-2026091511,SEC-B01,2026-09-15 11:00:00,2026-09-15 12:00:00,0,66,UNAVAILABLE,MEDIUM
WIN-SEC-B01-2026091512,SEC-B01,2026-09-15 12:00:00,2026-09-15 13:00:00,1,51,UNAVAILABLE,MEDIUM
WIN-SEC-B01-2026091513,SEC-B01,2026-09-15 13:00:00,2026-09-15 14:00:00,1,51,UNAVAILABLE,MEDIUM
WIN-SEC-B01-2026091514,SEC-B01,2026-09-15 14:00:00,2026-09-15 15:00:00,1,51,UNAVAILABLE,MEDIUM
WIN-SEC-B01-2026091515,SEC-B01,2026-09-15 15:00:00,2026-09-15 16:00:00,1,63,UNAVAILABLE,MEDIUM
WIN-SEC-B01-2026091516,SEC-B01,2026-09-15 16:00:00,2026-09-15 17:00:00,1,63,UNAVAILABLE,MEDIUM
WIN-SEC-B01-2026091517,SEC-B01,2026-09-15 17:00:00,2026-09-15 18:00:00,2,63,UNAVAILABLE,HIGH
WIN-SEC-B01-2026091518,SEC-B01,2026-09-15 18:00:00,2026-09-15 19:00:00,1,73,UNAVAILABLE,MEDIUM
WIN-SEC-B01-2026091519,SEC-B01,2026-09-15 19:00:00,2026-09-15 20:00:00,1,73,UNAVAILABLE,MEDIUM
WIN-SEC-B01-2026091520,SEC-B01,2026-09-15 20:00:00,2026-09-15 21:00:00,2,73,UNAVAILABLE,HIGH
WIN-SEC-B01-2026091521,SEC-B01,2026-09-15 21:00:00,2026-09-15 22:00:00,1,61,UNAVAILABLE,MEDIUM
WIN-SEC-B01-2026091522,SEC-B01,2026-09-15 22:00:00,2026-09-15 23:00:00,1,61,UNAVAILABLE,MEDIUM
WIN-SEC-B01-2026091523,SEC-B01,2026-09-15 23:00:00,2026-09-16 00:00:00,2,61,UNAVAILABLE,HIGH
WIN-SEC-B02-2026091500,SEC-B02,2026-09-15 00:00:00,2026-09-15 01:00:00,2,43,UNAVAILABLE,HIGH
WIN-SEC-B02-2026091501,SEC-B02,2026-09-15 01:00:00,2026-09-15 02:00:00,1,43,UNAVAILABLE,MEDIUM
WIN-SEC-B02-2026091502,SEC-B02,2026-09-15 02:00:00,2026-09-15 03:00:00,1,43,UNAVAILABLE,MEDIUM
WIN-SEC-B02-2026091503,SEC-B02,2026-09-15 03:00:00,2026-09-15 04:00:00,1,44,UNAVAILABLE,MEDIUM
WIN-SEC-B02-2026091504,SEC-B02,2026-09-15 04:00:00,2026-09-15 05:00:00,1,44,UNAVAILABLE,MEDIUM
WIN-SEC-B02-2026091505,SEC-B02,2026-09-15 05:00:00,2026-09-15 06:00:00,1,44,UNAVAILABLE,MEDIUM
WIN-SEC-B02-2026091506,SEC-B02,2026-09-15 06:00:00,2026-09-15 07:00:00,1,61,UNAVAILABLE,MEDIUM
WIN-SEC-B02-2026091507,SEC-B02,2026-09-15 07:00:00,2026-09-15 08:00:00,1,61,UNAVAILABLE,MEDIUM
WIN-SEC-B02-2026091508,SEC-B02,2026-09-15 08:00:00,2026-09-15 09:00:00,1,61,UNAVAILABLE,MEDIUM
WIN-SEC-B02-2026091509,SEC-B02,2026-09-15 09:00:00,2026-09-15 10:00:00,1,65,UNAVAILABLE,MEDIUM
WIN-SEC-B02-2026091510,SEC-B02,2026-09-15 10:00:00,2026-09-15 11:00:00,1,65,UNAVAILABLE,MEDIUM
WIN-SEC-B02-2026091511,SEC-B02,2026-09-15 11:00:00,2026-09-15 12:00:00,1,65,UNAVAILABLE,MEDIUM
WIN-SEC-B02-2026091512,SEC-B02,2026-09-15 12:00:00,2026-09-15 13:00:00,1,47,UNAVAILABLE,MEDIUM
WIN-SEC-B02-2026091513,SEC-B02,2026-09-15 13:00:00,2026-09-15 14:00:00,1,47,UNAVAILABLE,MEDIUM
WIN-SEC-B02-2026091514,SEC-B02,2026-09-15 14:00:00,2026-09-15 15:00:00,1,47,UNAVAILABLE,MEDIUM
WIN-SEC-B02-2026091515,SEC-B02,2026-09-15 15:00:00,2026-09-15 16:00:00,1,45,UNAVAILABLE,MEDIUM
WIN-SEC-B02-2026091516,SEC-B02,2026-09-15 16:00:00,2026-09-15 17:00:00,1,45,UNAVAILABLE,MEDIUM
WIN-SEC-B02-2026091517,SEC-B02,2026-09-15 17:00:00,2026-09-15 18:00:00,2,45,UNAVAILABLE,HIGH
WIN-SEC-B02-2026091518,SEC-B02,2026-09-15 18:00:00,2026-09-15 19:00:00,1,68,UNAVAILABLE,MEDIUM
WIN-SEC-B02-2026091519,SEC-B02,2026-09-15 19:00:00,2026-09-15 20:00:00,1,68,UNAVAILABLE,MEDIUM
WIN-SEC-B02-2026091520,SEC-B02,2026-09-15 20:00:00,2026-09-15 21:00:00,0,68,UNAVAILABLE,MEDIUM
WIN-SEC-B02-2026091521,SEC-B02,2026-09-15 21:00:00,2026-09-15 22:00:00,1,68,UNAVAILABLE,MEDIUM
WIN-SEC-B02-2026091522,SEC-B02,2026-09-15 22:00:00,2026-09-15 23:00:00,1,68,UNAVAILABLE,MEDIUM
WIN-SEC-B02-2026091523,SEC-B02,2026-09-15 23:00:00,2026-09-16 00:00:00,1,68,UNAVAILABLE,MEDIUM
WIN-SEC-C01-2026091500,SEC-C01,2026-09-15 00:00:00,2026-09-15 01:00:00,0,19,AVAILABLE,LOW
WIN-SEC-C01-2026091501,SEC-C01,2026-09-15 01:00:00,2026-09-15 02:00:00,0,19,AVAILABLE,LOW
WIN-SEC-C01-2026091502,SEC-C01,2026-09-15 02:00:00,2026-09-15 03:00:00,1,19,UNAVAILABLE,MEDIUM
WIN-SEC-C01-2026091503,SEC-C01,2026-09-15 03:00:00,2026-09-15 04:00:00,0,29,AVAILABLE,LOW
WIN-SEC-C01-2026091504,SEC-C01,2026-09-15 04:00:00,2026-09-15 05:00:00,1,29,UNAVAILABLE,MEDIUM
WIN-SEC-C01-2026091505,SEC-C01,2026-09-15 05:00:00,2026-09-15 06:00:00,1,29,UNAVAILABLE,MEDIUM
WIN-SEC-C01-2026091506,SEC-C01,2026-09-15 06:00:00,2026-09-15 07:00:00,0,40,UNAVAILABLE,MEDIUM
WIN-SEC-C01-2026091507,SEC-C01,2026-09-15 07:00:00,2026-09-15 08:00:00,1,40,UNAVAILABLE,MEDIUM
WIN-SEC-C01-2026091508,SEC-C01,2026-09-15 08:00:00,2026-09-15 09:00:00,0,40,UNAVAILABLE,MEDIUM
WIN-SEC-C01-2026091509,SEC-C01,2026-09-15 09:00:00,2026-09-15 10:00:00,1,46,UNAVAILABLE,MEDIUM
WIN-SEC-C01-2026091510,SEC-C01,2026-09-15 10:00:00,2026-09-15 11:00:00,0,46,AVAILABLE,LOW
WIN-SEC-C01-2026091511,SEC-C01,2026-09-15 11:00:00,2026-09-15 12:00:00,1,46,UNAVAILABLE,MEDIUM
WIN-SEC-C01-2026091512,SEC-C01,2026-09-15 12:00:00,2026-09-15 13:00:00,1,37,UNAVAILABLE,MEDIUM
WIN-SEC-C01-2026091513,SEC-C01,2026-09-15 13:00:00,2026-09-15 14:00:00,0,37,AVAILABLE,LOW
WIN-SEC-C01-2026091514,SEC-C01,2026-09-15 14:00:00,2026-09-15 15:00:00,1,37,UNAVAILABLE,MEDIUM
WIN-SEC-C01-2026091515,SEC-C01,2026-09-15 15:00:00,2026-09-15 16:00:00,1,32,UNAVAILABLE,MEDIUM
WIN-SEC-C01-2026091516,SEC-C01,2026-09-15 16:00:00,2026-09-15 17:00:00,1,32,UNAVAILABLE,MEDIUM
WIN-SEC-C01-2026091517,SEC-C01,2026-09-15 17:00:00,2026-09-15 18:00:00,1,32,UNAVAILABLE,MEDIUM
WIN-SEC-C01-2026091518,SEC-C01,2026-09-15 18:00:00,2026-09-15 19:00:00,0,47,UNAVAILABLE,MEDIUM
WIN-SEC-C01-2026091519,SEC-C01,2026-09-15 19:00:00,2026-09-15 20:00:00,1,47,UNAVAILABLE,MEDIUM
WIN-SEC-C01-2026091520,SEC-C01,2026-09-15 20:00:00,2026-09-15 21:00:00,0,47,UNAVAILABLE,MEDIUM
WIN-SEC-C01-2026091521,SEC-C01,2026-09-15 21:00:00,2026-09-15 22:00:00,1,41,UNAVAILABLE,MEDIUM
WIN-SEC-C01-2026091522,SEC-C01,2026-09-15 22:00:00,2026-09-15 23:00:00,1,41,UNAVAILABLE,MEDIUM
WIN-SEC-C01-2026091523,SEC-C01,2026-09-15 23:00:00,2026-09-16 00:00:00,1,41,UNAVAILABLE,MEDIUM
WIN-SEC-A01-2026091600,SEC-A01,2026-09-16 00:00:00,2026-09-16 01:00:00,2,63,UNAVAILABLE,HIGH
WIN-SEC-A01-2026091601,SEC-A01,2026-09-16 01:00:00,2026-09-16 02:00:00,1,63,UNAVAILABLE,MEDIUM
WIN-SEC-A01-2026091602,SEC-A01,2026-09-16 02:00:00,2026-09-16 03:00:00,1,63,UNAVAILABLE,MEDIUM
WIN-SEC-A01-2026091603,SEC-A01,2026-09-16 03:00:00,2026-09-16 04:00:00,1,63,UNAVAILABLE,MEDIUM
WIN-SEC-A01-2026091604,SEC-A01,2026-09-16 04:00:00,2026-09-16 05:00:00,1,63,UNAVAILABLE,MEDIUM
WIN-SEC-A01-2026091605,SEC-A01,2026-09-16 05:00:00,2026-09-16 06:00:00,2,63,UNAVAILABLE,HIGH
WIN-SEC-A01-2026091606,SEC-A01,2026-09-16 06:00:00,2026-09-16 07:00:00,1,80,UNAVAILABLE,MEDIUM
WIN-SEC-A01-2026091607,SEC-A01,2026-09-16 07:00:00,2026-09-16 08:00:00,1,80,UNAVAILABLE,MEDIUM
WIN-SEC-A01-2026091608,SEC-A01,2026-09-16 08:00:00,2026-09-16 09:00:00,2,80,UNAVAILABLE,HIGH
WIN-SEC-A01-2026091609,SEC-A01,2026-09-16 09:00:00,2026-09-16 10:00:00,2,83,UNAVAILABLE,HIGH
WIN-SEC-A01-2026091610,SEC-A01,2026-09-16 10:00:00,2026-09-16 11:00:00,2,83,UNAVAILABLE,HIGH
WIN-SEC-A01-2026091611,SEC-A01,2026-09-16 11:00:00,2026-09-16 12:00:00,2,83,UNAVAILABLE,HIGH
WIN-SEC-A01-2026091612,SEC-A01,2026-09-16 12:00:00,2026-09-16 13:00:00,1,63,UNAVAILABLE,MEDIUM
WIN-SEC-A01-2026091613,SEC-A01,2026-09-16 13:00:00,2026-09-16 14:00:00,1,63,UNAVAILABLE,MEDIUM
WIN-SEC-A01-2026091614,SEC-A01,2026-09-16 14:00:00,2026-09-16 15:00:00,1,63,UNAVAILABLE,MEDIUM
WIN-SEC-A01-2026091615,SEC-A01,2026-09-16 15:00:00,2026-09-16 16:00:00,1,69,UNAVAILABLE,MEDIUM
WIN-SEC-A01-2026091616,SEC-A01,2026-09-16 16:00:00,2026-09-16 17:00:00,1,69,UNAVAILABLE,MEDIUM
WIN-SEC-A01-2026091617,SEC-A01,2026-09-16 17:00:00,2026-09-16 18:00:00,1,69,UNAVAILABLE,MEDIUM
WIN-SEC-A01-2026091618,SEC-A01,2026-09-16 18:00:00,2026-09-16 19:00:00,2,82,UNAVAILABLE,HIGH
WIN-SEC-A01-2026091619,SEC-A01,2026-09-16 19:00:00,2026-09-16 20:00:00,2,82,UNAVAILABLE,HIGH
WIN-SEC-A01-2026091620,SEC-A01,2026-09-16 20:00:00,2026-09-16 21:00:00,2,82,UNAVAILABLE,HIGH
WIN-SEC-A01-2026091621,SEC-A01,2026-09-16 21:00:00,2026-09-16 22:00:00,2,82,UNAVAILABLE,HIGH
WIN-SEC-A01-2026091622,SEC-A01,2026-09-16 22:00:00,2026-09-16 23:00:00,2,82,UNAVAILABLE,HIGH
WIN-SEC-A01-2026091623,SEC-A01,2026-09-16 23:00:00,2026-09-17 00:00:00,1,82,UNAVAILABLE,MEDIUM
WIN-SEC-A02-2026091600,SEC-A02,2026-09-16 00:00:00,2026-09-16 01:00:00,1,63,UNAVAILABLE,MEDIUM
WIN-SEC-A02-2026091601,SEC-A02,2026-09-16 01:00:00,2026-09-16 02:00:00,1,63,UNAVAILABLE,MEDIUM
WIN-SEC-A02-2026091602,SEC-A02,2026-09-16 02:00:00,2026-09-16 03:00:00,2,63,UNAVAILABLE,HIGH
WIN-SEC-A02-2026091603,SEC-A02,2026-09-16 03:00:00,2026-09-16 04:00:00,1,64,UNAVAILABLE,MEDIUM
WIN-SEC-A02-2026091604,SEC-A02,2026-09-16 04:00:00,2026-09-16 05:00:00,1,64,UNAVAILABLE,MEDIUM
WIN-SEC-A02-2026091605,SEC-A02,2026-09-16 05:00:00,2026-09-16 06:00:00,1,64,UNAVAILABLE,MEDIUM
WIN-SEC-A02-2026091606,SEC-A02,2026-09-16 06:00:00,2026-09-16 07:00:00,1,87,UNAVAILABLE,MEDIUM
WIN-SEC-A02-2026091607,SEC-A02,2026-09-16 07:00:00,2026-09-16 08:00:00,2,87,UNAVAILABLE,HIGH
WIN-SEC-A02-2026091608,SEC-A02,2026-09-16 08:00:00,2026-09-16 09:00:00,2,87,UNAVAILABLE,HIGH
WIN-SEC-A02-2026091609,SEC-A02,2026-09-16 09:00:00,2026-09-16 10:00:00,2,89,UNAVAILABLE,HIGH
WIN-SEC-A02-2026091610,SEC-A02,2026-09-16 10:00:00,2026-09-16 11:00:00,1,89,UNAVAILABLE,MEDIUM
WIN-SEC-A02-2026091611,SEC-A02,2026-09-16 11:00:00,2026-09-16 12:00:00,2,89,UNAVAILABLE,HIGH
WIN-SEC-A02-2026091612,SEC-A02,2026-09-16 12:00:00,2026-09-16 13:00:00,1,68,UNAVAILABLE,MEDIUM
WIN-SEC-A02-2026091613,SEC-A02,2026-09-16 13:00:00,2026-09-16 14:00:00,1,68,UNAVAILABLE,MEDIUM
WIN-SEC-A02-2026091614,SEC-A02,2026-09-16 14:00:00,2026-09-16 15:00:00,1,68,UNAVAILABLE,MEDIUM
WIN-SEC-A02-2026091615,SEC-A02,2026-09-16 15:00:00,2026-09-16 16:00:00,1,65,UNAVAILABLE,MEDIUM
WIN-SEC-A02-2026091616,SEC-A02,2026-09-16 16:00:00,2026-09-16 17:00:00,1,65,UNAVAILABLE,MEDIUM
WIN-SEC-A02-2026091617,SEC-A02,2026-09-16 17:00:00,2026-09-16 18:00:00,2,65,UNAVAILABLE,HIGH
WIN-SEC-A02-2026091618,SEC-A02,2026-09-16 18:00:00,2026-09-16 19:00:00,1,78,UNAVAILABLE,MEDIUM
WIN-SEC-A02-2026091619,SEC-A02,2026-09-16 19:00:00,2026-09-16 20:00:00,2,78,UNAVAILABLE,HIGH
WIN-SEC-A02-2026091620,SEC-A02,2026-09-16 20:00:00,2026-09-16 21:00:00,2,78,UNAVAILABLE,HIGH
WIN-SEC-A02-2026091621,SEC-A02,2026-09-16 21:00:00,2026-09-16 22:00:00,2,81,UNAVAILABLE,HIGH
WIN-SEC-A02-2026091622,SEC-A02,2026-09-16 22:00:00,2026-09-16 23:00:00,2,81,UNAVAILABLE,HIGH
WIN-SEC-A02-2026091623,SEC-A02,2026-09-16 23:00:00,2026-09-17 00:00:00,2,81,UNAVAILABLE,HIGH
WIN-SEC-B01-2026091600,SEC-B01,2026-09-16 00:00:00,2026-09-16 01:00:00,1,42,UNAVAILABLE,MEDIUM
WIN-SEC-B01-2026091601,SEC-B01,2026-09-16 01:00:00,2026-09-16 02:00:00,1,42,UNAVAILABLE,MEDIUM
WIN-SEC-B01-2026091602,SEC-B01,2026-09-16 02:00:00,2026-09-16 03:00:00,1,42,UNAVAILABLE,MEDIUM
WIN-SEC-B01-2026091603,SEC-B01,2026-09-16 03:00:00,2026-09-16 04:00:00,1,39,UNAVAILABLE,MEDIUM
WIN-SEC-B01-2026091604,SEC-B01,2026-09-16 04:00:00,2026-09-16 05:00:00,1,39,UNAVAILABLE,MEDIUM
WIN-SEC-B01-2026091605,SEC-B01,2026-09-16 05:00:00,2026-09-16 06:00:00,2,39,UNAVAILABLE,HIGH
WIN-SEC-B01-2026091606,SEC-B01,2026-09-16 06:00:00,2026-09-16 07:00:00,1,56,UNAVAILABLE,MEDIUM
WIN-SEC-B01-2026091607,SEC-B01,2026-09-16 07:00:00,2026-09-16 08:00:00,1,56,UNAVAILABLE,MEDIUM
WIN-SEC-B01-2026091608,SEC-B01,2026-09-16 08:00:00,2026-09-16 09:00:00,1,56,UNAVAILABLE,MEDIUM
WIN-SEC-B01-2026091609,SEC-B01,2026-09-16 09:00:00,2026-09-16 10:00:00,1,61,UNAVAILABLE,MEDIUM
WIN-SEC-B01-2026091610,SEC-B01,2026-09-16 10:00:00,2026-09-16 11:00:00,1,61,UNAVAILABLE,MEDIUM
WIN-SEC-B01-2026091611,SEC-B01,2026-09-16 11:00:00,2026-09-16 12:00:00,1,61,UNAVAILABLE,MEDIUM
WIN-SEC-B01-2026091612,SEC-B01,2026-09-16 12:00:00,2026-09-16 13:00:00,1,53,UNAVAILABLE,MEDIUM
WIN-SEC-B01-2026091613,SEC-B01,2026-09-16 13:00:00,2026-09-16 14:00:00,1,53,UNAVAILABLE,MEDIUM
WIN-SEC-B01-2026091614,SEC-B01,2026-09-16 14:00:00,2026-09-16 15:00:00,1,53,UNAVAILABLE,MEDIUM
WIN-SEC-B01-2026091615,SEC-B01,2026-09-16 15:00:00,2026-09-16 16:00:00,1,56,UNAVAILABLE,MEDIUM
WIN-SEC-B01-2026091616,SEC-B01,2026-09-16 16:00:00,2026-09-16 17:00:00,1,56,UNAVAILABLE,MEDIUM
WIN-SEC-B01-2026091617,SEC-B01,2026-09-16 17:00:00,2026-09-16 18:00:00,0,56,UNAVAILABLE,MEDIUM
WIN-SEC-B01-2026091618,SEC-B01,2026-09-16 18:00:00,2026-09-16 19:00:00,1,61,UNAVAILABLE,MEDIUM
WIN-SEC-B01-2026091619,SEC-B01,2026-09-16 19:00:00,2026-09-16 20:00:00,1,61,UNAVAILABLE,MEDIUM
WIN-SEC-B01-2026091620,SEC-B01,2026-09-16 20:00:00,2026-09-16 21:00:00,1,61,UNAVAILABLE,MEDIUM
WIN-SEC-B01-2026091621,SEC-B01,2026-09-16 21:00:00,2026-09-16 22:00:00,1,62,UNAVAILABLE,MEDIUM
WIN-SEC-B01-2026091622,SEC-B01,2026-09-16 22:00:00,2026-09-16 23:00:00,1,62,UNAVAILABLE,MEDIUM
WIN-SEC-B01-2026091623,SEC-B01,2026-09-16 23:00:00,2026-09-17 00:00:00,2,62,UNAVAILABLE,HIGH
WIN-SEC-B02-2026091600,SEC-B02,2026-09-16 00:00:00,2026-09-16 01:00:00,1,38,UNAVAILABLE,MEDIUM
WIN-SEC-B02-2026091601,SEC-B02,2026-09-16 01:00:00,2026-09-16 02:00:00,1,38,UNAVAILABLE,MEDIUM
WIN-SEC-B02-2026091602,SEC-B02,2026-09-16 02:00:00,2026-09-16 03:00:00,1,38,UNAVAILABLE,MEDIUM
WIN-SEC-B02-2026091603,SEC-B02,2026-09-16 03:00:00,2026-09-16 04:00:00,1,44,UNAVAILABLE,MEDIUM
WIN-SEC-B02-2026091604,SEC-B02,2026-09-16 04:00:00,2026-09-16 05:00:00,1,44,UNAVAILABLE,MEDIUM
WIN-SEC-B02-2026091605,SEC-B02,2026-09-16 05:00:00,2026-09-16 06:00:00,0,44,AVAILABLE,LOW
WIN-SEC-B02-2026091606,SEC-B02,2026-09-16 06:00:00,2026-09-16 07:00:00,1,59,UNAVAILABLE,MEDIUM
WIN-SEC-B02-2026091607,SEC-B02,2026-09-16 07:00:00,2026-09-16 08:00:00,1,59,UNAVAILABLE,MEDIUM
WIN-SEC-B02-2026091608,SEC-B02,2026-09-16 08:00:00,2026-09-16 09:00:00,1,59,UNAVAILABLE,MEDIUM
WIN-SEC-B02-2026091609,SEC-B02,2026-09-16 09:00:00,2026-09-16 10:00:00,1,67,UNAVAILABLE,MEDIUM
WIN-SEC-B02-2026091610,SEC-B02,2026-09-16 10:00:00,2026-09-16 11:00:00,1,67,UNAVAILABLE,MEDIUM
WIN-SEC-B02-2026091611,SEC-B02,2026-09-16 11:00:00,2026-09-16 12:00:00,2,67,UNAVAILABLE,HIGH
WIN-SEC-B02-2026091612,SEC-B02,2026-09-16 12:00:00,2026-09-16 13:00:00,1,41,UNAVAILABLE,MEDIUM
WIN-SEC-B02-2026091613,SEC-B02,2026-09-16 13:00:00,2026-09-16 14:00:00,1,41,UNAVAILABLE,MEDIUM
WIN-SEC-B02-2026091614,SEC-B02,2026-09-16 14:00:00,2026-09-16 15:00:00,1,41,UNAVAILABLE,MEDIUM
WIN-SEC-B02-2026091615,SEC-B02,2026-09-16 15:00:00,2026-09-16 16:00:00,1,50,UNAVAILABLE,MEDIUM
WIN-SEC-B02-2026091616,SEC-B02,2026-09-16 16:00:00,2026-09-16 17:00:00,1,50,UNAVAILABLE,MEDIUM
WIN-SEC-B02-2026091617,SEC-B02,2026-09-16 17:00:00,2026-09-16 18:00:00,1,50,UNAVAILABLE,MEDIUM
WIN-SEC-B02-2026091618,SEC-B02,2026-09-16 18:00:00,2026-09-16 19:00:00,1,66,UNAVAILABLE,MEDIUM
WIN-SEC-B02-2026091619,SEC-B02,2026-09-16 19:00:00,2026-09-16 20:00:00,1,66,UNAVAILABLE,MEDIUM
WIN-SEC-B02-2026091620,SEC-B02,2026-09-16 20:00:00,2026-09-16 21:00:00,2,66,UNAVAILABLE,HIGH
WIN-SEC-B02-2026091621,SEC-B02,2026-09-16 21:00:00,2026-09-16 22:00:00,1,65,UNAVAILABLE,MEDIUM
WIN-SEC-B02-2026091622,SEC-B02,2026-09-16 22:00:00,2026-09-16 23:00:00,1,65,UNAVAILABLE,MEDIUM
WIN-SEC-B02-2026091623,SEC-B02,2026-09-16 23:00:00,2026-09-17 00:00:00,1,65,UNAVAILABLE,MEDIUM
WIN-SEC-C01-2026091600,SEC-C01,2026-09-16 00:00:00,2026-09-16 01:00:00,1,40,UNAVAILABLE,MEDIUM
WIN-SEC-C01-2026091601,SEC-C01,2026-09-16 01:00:00,2026-09-16 02:00:00,0,40,AVAILABLE,LOW
WIN-SEC-C01-2026091602,SEC-C01,2026-09-16 02:00:00,2026-09-16 03:00:00,1,40,UNAVAILABLE,MEDIUM
WIN-SEC-C01-2026091603,SEC-C01,2026-09-16 03:00:00,2026-09-16 04:00:00,1,26,UNAVAILABLE,MEDIUM
WIN-SEC-C01-2026091604,SEC-C01,2026-09-16 04:00:00,2026-09-16 05:00:00,1,26,UNAVAILABLE,MEDIUM
WIN-SEC-C01-2026091605,SEC-C01,2026-09-16 05:00:00,2026-09-16 06:00:00,1,26,UNAVAILABLE,MEDIUM
WIN-SEC-C01-2026091606,SEC-C01,2026-09-16 06:00:00,2026-09-16 07:00:00,0,38,UNAVAILABLE,MEDIUM
WIN-SEC-C01-2026091607,SEC-C01,2026-09-16 07:00:00,2026-09-16 08:00:00,1,38,UNAVAILABLE,MEDIUM
WIN-SEC-C01-2026091608,SEC-C01,2026-09-16 08:00:00,2026-09-16 09:00:00,0,38,UNAVAILABLE,MEDIUM
WIN-SEC-C01-2026091609,SEC-C01,2026-09-16 09:00:00,2026-09-16 10:00:00,1,43,UNAVAILABLE,MEDIUM
WIN-SEC-C01-2026091610,SEC-C01,2026-09-16 10:00:00,2026-09-16 11:00:00,0,43,AVAILABLE,LOW
WIN-SEC-C01-2026091611,SEC-C01,2026-09-16 11:00:00,2026-09-16 12:00:00,1,43,UNAVAILABLE,MEDIUM
WIN-SEC-C01-2026091612,SEC-C01,2026-09-16 12:00:00,2026-09-16 13:00:00,1,21,UNAVAILABLE,MEDIUM
WIN-SEC-C01-2026091613,SEC-C01,2026-09-16 13:00:00,2026-09-16 14:00:00,0,21,AVAILABLE,LOW
WIN-SEC-C01-2026091614,SEC-C01,2026-09-16 14:00:00,2026-09-16 15:00:00,1,21,UNAVAILABLE,MEDIUM
WIN-SEC-C01-2026091615,SEC-C01,2026-09-16 15:00:00,2026-09-16 16:00:00,1,32,UNAVAILABLE,MEDIUM
WIN-SEC-C01-2026091616,SEC-C01,2026-09-16 16:00:00,2026-09-16 17:00:00,1,32,UNAVAILABLE,MEDIUM
WIN-SEC-C01-2026091617,SEC-C01,2026-09-16 17:00:00,2026-09-16 18:00:00,1,32,UNAVAILABLE,MEDIUM
WIN-SEC-C01-2026091618,SEC-C01,2026-09-16 18:00:00,2026-09-16 19:00:00,0,39,UNAVAILABLE,MEDIUM
WIN-SEC-C01-2026091619,SEC-C01,2026-09-16 19:00:00,2026-09-16 20:00:00,1,39,UNAVAILABLE,MEDIUM
WIN-SEC-C01-2026091620,SEC-C01,2026-09-16 20:00:00,2026-09-16 21:00:00,0,39,UNAVAILABLE,MEDIUM
WIN-SEC-C01-2026091621,SEC-C01,2026-09-16 21:00:00,2026-09-16 22:00:00,1,49,UNAVAILABLE,MEDIUM
WIN-SEC-C01-2026091622,SEC-C01,2026-09-16 22:00:00,2026-09-16 23:00:00,0,49,AVAILABLE,LOW
WIN-SEC-C01-2026091623,SEC-C01,2026-09-16 23:00:00,2026-09-17 00:00:00,1,49,UNAVAILABLE,MEDIUM
WIN-SEC-A01-2026091700,SEC-A01,2026-09-17 00:00:00,2026-09-17 01:00:00,1,61,UNAVAILABLE,MEDIUM
WIN-SEC-A01-2026091701,SEC-A01,2026-09-17 01:00:00,2026-09-17 02:00:00,2,61,UNAVAILABLE,HIGH
WIN-SEC-A01-2026091702,SEC-A01,2026-09-17 02:00:00,2026-09-17 03:00:00,1,61,UNAVAILABLE,MEDIUM
WIN-SEC-A01-2026091703,SEC-A01,2026-09-17 03:00:00,2026-09-17 04:00:00,1,63,UNAVAILABLE,MEDIUM
WIN-SEC-A01-2026091704,SEC-A01,2026-09-17 04:00:00,2026-09-17 05:00:00,1,63,UNAVAILABLE,MEDIUM
WIN-SEC-A01-2026091705,SEC-A01,2026-09-17 05:00:00,2026-09-17 06:00:00,1,63,UNAVAILABLE,MEDIUM
WIN-SEC-A01-2026091706,SEC-A01,2026-09-17 06:00:00,2026-09-17 07:00:00,2,80,UNAVAILABLE,HIGH
WIN-SEC-A01-2026091707,SEC-A01,2026-09-17 07:00:00,2026-09-17 08:00:00,1,80,UNAVAILABLE,MEDIUM
WIN-SEC-A01-2026091708,SEC-A01,2026-09-17 08:00:00,2026-09-17 09:00:00,2,80,UNAVAILABLE,HIGH
WIN-SEC-A01-2026091709,SEC-A01,2026-09-17 09:00:00,2026-09-17 10:00:00,1,94,UNAVAILABLE,MEDIUM
WIN-SEC-A01-2026091710,SEC-A01,2026-09-17 10:00:00,2026-09-17 11:00:00,2,94,UNAVAILABLE,HIGH
WIN-SEC-A01-2026091711,SEC-A01,2026-09-17 11:00:00,2026-09-17 12:00:00,1,94,UNAVAILABLE,MEDIUM
WIN-SEC-A01-2026091712,SEC-A01,2026-09-17 12:00:00,2026-09-17 13:00:00,1,70,UNAVAILABLE,MEDIUM
WIN-SEC-A01-2026091713,SEC-A01,2026-09-17 13:00:00,2026-09-17 14:00:00,1,70,UNAVAILABLE,MEDIUM
WIN-SEC-A01-2026091714,SEC-A01,2026-09-17 14:00:00,2026-09-17 15:00:00,1,70,UNAVAILABLE,MEDIUM
WIN-SEC-A01-2026091715,SEC-A01,2026-09-17 15:00:00,2026-09-17 16:00:00,1,83,UNAVAILABLE,MEDIUM
WIN-SEC-A01-2026091716,SEC-A01,2026-09-17 16:00:00,2026-09-17 17:00:00,2,83,UNAVAILABLE,HIGH
WIN-SEC-A01-2026091717,SEC-A01,2026-09-17 17:00:00,2026-09-17 18:00:00,1,83,UNAVAILABLE,MEDIUM
WIN-SEC-A01-2026091718,SEC-A01,2026-09-17 18:00:00,2026-09-17 19:00:00,1,89,UNAVAILABLE,MEDIUM
WIN-SEC-A01-2026091719,SEC-A01,2026-09-17 19:00:00,2026-09-17 20:00:00,2,89,UNAVAILABLE,HIGH
WIN-SEC-A01-2026091720,SEC-A01,2026-09-17 20:00:00,2026-09-17 21:00:00,2,89,UNAVAILABLE,HIGH
WIN-SEC-A01-2026091721,SEC-A01,2026-09-17 21:00:00,2026-09-17 22:00:00,2,87,UNAVAILABLE,HIGH
WIN-SEC-A01-2026091722,SEC-A01,2026-09-17 22:00:00,2026-09-17 23:00:00,1,87,UNAVAILABLE,MEDIUM
WIN-SEC-A01-2026091723,SEC-A01,2026-09-17 23:00:00,2026-09-18 00:00:00,2,87,UNAVAILABLE,HIGH
WIN-SEC-A02-2026091700,SEC-A02,2026-09-17 00:00:00,2026-09-17 01:00:00,1,66,UNAVAILABLE,MEDIUM
WIN-SEC-A02-2026091701,SEC-A02,2026-09-17 01:00:00,2026-09-17 02:00:00,1,66,UNAVAILABLE,MEDIUM
WIN-SEC-A02-2026091702,SEC-A02,2026-09-17 02:00:00,2026-09-17 03:00:00,1,66,UNAVAILABLE,MEDIUM
WIN-SEC-A02-2026091703,SEC-A02,2026-09-17 03:00:00,2026-09-17 04:00:00,1,66,UNAVAILABLE,MEDIUM
WIN-SEC-A02-2026091704,SEC-A02,2026-09-17 04:00:00,2026-09-17 05:00:00,1,66,UNAVAILABLE,MEDIUM
WIN-SEC-A02-2026091705,SEC-A02,2026-09-17 05:00:00,2026-09-17 06:00:00,1,66,UNAVAILABLE,MEDIUM
WIN-SEC-A02-2026091706,SEC-A02,2026-09-17 06:00:00,2026-09-17 07:00:00,1,72,UNAVAILABLE,MEDIUM
WIN-SEC-A02-2026091707,SEC-A02,2026-09-17 07:00:00,2026-09-17 08:00:00,2,72,UNAVAILABLE,HIGH
WIN-SEC-A02-2026091708,SEC-A02,2026-09-17 08:00:00,2026-09-17 09:00:00,2,72,UNAVAILABLE,HIGH
WIN-SEC-A02-2026091709,SEC-A02,2026-09-17 09:00:00,2026-09-17 10:00:00,2,82,UNAVAILABLE,HIGH
WIN-SEC-A02-2026091710,SEC-A02,2026-09-17 10:00:00,2026-09-17 11:00:00,2,82,UNAVAILABLE,HIGH
WIN-SEC-A02-2026091711,SEC-A02,2026-09-17 11:00:00,2026-09-17 12:00:00,2,82,UNAVAILABLE,HIGH
WIN-SEC-A02-2026091712,SEC-A02,2026-09-17 12:00:00,2026-09-17 13:00:00,2,77,UNAVAILABLE,HIGH
WIN-SEC-A02-2026091713,SEC-A02,2026-09-17 13:00:00,2026-09-17 14:00:00,1,77,UNAVAILABLE,MEDIUM
WIN-SEC-A02-2026091714,SEC-A02,2026-09-17 14:00:00,2026-09-17 15:00:00,1,77,UNAVAILABLE,MEDIUM
WIN-SEC-A02-2026091715,SEC-A02,2026-09-17 15:00:00,2026-09-17 16:00:00,1,72,UNAVAILABLE,MEDIUM
WIN-SEC-A02-2026091716,SEC-A02,2026-09-17 16:00:00,2026-09-17 17:00:00,1,72,UNAVAILABLE,MEDIUM
WIN-SEC-A02-2026091717,SEC-A02,2026-09-17 17:00:00,2026-09-17 18:00:00,1,72,UNAVAILABLE,MEDIUM
WIN-SEC-A02-2026091718,SEC-A02,2026-09-17 18:00:00,2026-09-17 19:00:00,1,76,UNAVAILABLE,MEDIUM
WIN-SEC-A02-2026091719,SEC-A02,2026-09-17 19:00:00,2026-09-17 20:00:00,2,76,UNAVAILABLE,HIGH
WIN-SEC-A02-2026091720,SEC-A02,2026-09-17 20:00:00,2026-09-17 21:00:00,1,76,UNAVAILABLE,MEDIUM
WIN-SEC-A02-2026091721,SEC-A02,2026-09-17 21:00:00,2026-09-17 22:00:00,2,84,UNAVAILABLE,HIGH
WIN-SEC-A02-2026091722,SEC-A02,2026-09-17 22:00:00,2026-09-17 23:00:00,1,84,UNAVAILABLE,MEDIUM
WIN-SEC-A02-2026091723,SEC-A02,2026-09-17 23:00:00,2026-09-18 00:00:00,2,84,UNAVAILABLE,HIGH
WIN-SEC-B01-2026091700,SEC-B01,2026-09-17 00:00:00,2026-09-17 01:00:00,1,54,UNAVAILABLE,MEDIUM
WIN-SEC-B01-2026091701,SEC-B01,2026-09-17 01:00:00,2026-09-17 02:00:00,1,54,UNAVAILABLE,MEDIUM
WIN-SEC-B01-2026091702,SEC-B01,2026-09-17 02:00:00,2026-09-17 03:00:00,1,54,UNAVAILABLE,MEDIUM
WIN-SEC-B01-2026091703,SEC-B01,2026-09-17 03:00:00,2026-09-17 04:00:00,1,51,UNAVAILABLE,MEDIUM
WIN-SEC-B01-2026091704,SEC-B01,2026-09-17 04:00:00,2026-09-17 05:00:00,1,51,UNAVAILABLE,MEDIUM
WIN-SEC-B01-2026091705,SEC-B01,2026-09-17 05:00:00,2026-09-17 06:00:00,0,51,AVAILABLE,LOW
WIN-SEC-B01-2026091706,SEC-B01,2026-09-17 06:00:00,2026-09-17 07:00:00,1,64,UNAVAILABLE,MEDIUM
WIN-SEC-B01-2026091707,SEC-B01,2026-09-17 07:00:00,2026-09-17 08:00:00,1,64,UNAVAILABLE,MEDIUM
WIN-SEC-B01-2026091708,SEC-B01,2026-09-17 08:00:00,2026-09-17 09:00:00,1,64,UNAVAILABLE,MEDIUM
WIN-SEC-B01-2026091709,SEC-B01,2026-09-17 09:00:00,2026-09-17 10:00:00,1,70,UNAVAILABLE,MEDIUM
WIN-SEC-B01-2026091710,SEC-B01,2026-09-17 10:00:00,2026-09-17 11:00:00,1,70,UNAVAILABLE,MEDIUM
WIN-SEC-B01-2026091711,SEC-B01,2026-09-17 11:00:00,2026-09-17 12:00:00,1,70,UNAVAILABLE,MEDIUM
WIN-SEC-B01-2026091712,SEC-B01,2026-09-17 12:00:00,2026-09-17 13:00:00,1,50,UNAVAILABLE,MEDIUM
WIN-SEC-B01-2026091713,SEC-B01,2026-09-17 13:00:00,2026-09-17 14:00:00,1,50,UNAVAILABLE,MEDIUM
WIN-SEC-B01-2026091714,SEC-B01,2026-09-17 14:00:00,2026-09-17 15:00:00,1,50,UNAVAILABLE,MEDIUM
WIN-SEC-B01-2026091715,SEC-B01,2026-09-17 15:00:00,2026-09-17 16:00:00,1,42,UNAVAILABLE,MEDIUM
WIN-SEC-B01-2026091716,SEC-B01,2026-09-17 16:00:00,2026-09-17 17:00:00,1,42,UNAVAILABLE,MEDIUM
WIN-SEC-B01-2026091717,SEC-B01,2026-09-17 17:00:00,2026-09-17 18:00:00,2,42,UNAVAILABLE,HIGH
WIN-SEC-B01-2026091718,SEC-B01,2026-09-17 18:00:00,2026-09-17 19:00:00,1,58,UNAVAILABLE,MEDIUM
WIN-SEC-B01-2026091719,SEC-B01,2026-09-17 19:00:00,2026-09-17 20:00:00,1,58,UNAVAILABLE,MEDIUM
WIN-SEC-B01-2026091720,SEC-B01,2026-09-17 20:00:00,2026-09-17 21:00:00,2,58,UNAVAILABLE,HIGH
WIN-SEC-B01-2026091721,SEC-B01,2026-09-17 21:00:00,2026-09-17 22:00:00,1,73,UNAVAILABLE,MEDIUM
WIN-SEC-B01-2026091722,SEC-B01,2026-09-17 22:00:00,2026-09-17 23:00:00,1,73,UNAVAILABLE,MEDIUM
WIN-SEC-B01-2026091723,SEC-B01,2026-09-17 23:00:00,2026-09-18 00:00:00,1,73,UNAVAILABLE,MEDIUM
WIN-SEC-B02-2026091700,SEC-B02,2026-09-17 00:00:00,2026-09-17 01:00:00,1,42,UNAVAILABLE,MEDIUM
WIN-SEC-B02-2026091701,SEC-B02,2026-09-17 01:00:00,2026-09-17 02:00:00,1,42,UNAVAILABLE,MEDIUM
WIN-SEC-B02-2026091702,SEC-B02,2026-09-17 02:00:00,2026-09-17 03:00:00,0,42,AVAILABLE,LOW
WIN-SEC-B02-2026091703,SEC-B02,2026-09-17 03:00:00,2026-09-17 04:00:00,1,43,UNAVAILABLE,MEDIUM
WIN-SEC-B02-2026091704,SEC-B02,2026-09-17 04:00:00,2026-09-17 05:00:00,1,43,UNAVAILABLE,MEDIUM
WIN-SEC-B02-2026091705,SEC-B02,2026-09-17 05:00:00,2026-09-17 06:00:00,0,43,AVAILABLE,LOW
WIN-SEC-B02-2026091706,SEC-B02,2026-09-17 06:00:00,2026-09-17 07:00:00,1,62,UNAVAILABLE,MEDIUM
WIN-SEC-B02-2026091707,SEC-B02,2026-09-17 07:00:00,2026-09-17 08:00:00,1,62,UNAVAILABLE,MEDIUM
WIN-SEC-B02-2026091708,SEC-B02,2026-09-17 08:00:00,2026-09-17 09:00:00,2,62,UNAVAILABLE,HIGH
WIN-SEC-B02-2026091709,SEC-B02,2026-09-17 09:00:00,2026-09-17 10:00:00,1,75,UNAVAILABLE,MEDIUM
WIN-SEC-B02-2026091710,SEC-B02,2026-09-17 10:00:00,2026-09-17 11:00:00,1,75,UNAVAILABLE,MEDIUM
WIN-SEC-B02-2026091711,SEC-B02,2026-09-17 11:00:00,2026-09-17 12:00:00,2,75,UNAVAILABLE,HIGH
WIN-SEC-B02-2026091712,SEC-B02,2026-09-17 12:00:00,2026-09-17 13:00:00,1,62,UNAVAILABLE,MEDIUM
WIN-SEC-B02-2026091713,SEC-B02,2026-09-17 13:00:00,2026-09-17 14:00:00,1,62,UNAVAILABLE,MEDIUM
WIN-SEC-B02-2026091714,SEC-B02,2026-09-17 14:00:00,2026-09-17 15:00:00,0,62,AVAILABLE,LOW
WIN-SEC-B02-2026091715,SEC-B02,2026-09-17 15:00:00,2026-09-17 16:00:00,1,65,UNAVAILABLE,MEDIUM
WIN-SEC-B02-2026091716,SEC-B02,2026-09-17 16:00:00,2026-09-17 17:00:00,1,65,UNAVAILABLE,MEDIUM
WIN-SEC-B02-2026091717,SEC-B02,2026-09-17 17:00:00,2026-09-17 18:00:00,2,65,UNAVAILABLE,HIGH
WIN-SEC-B02-2026091718,SEC-B02,2026-09-17 18:00:00,2026-09-17 19:00:00,1,63,UNAVAILABLE,MEDIUM
WIN-SEC-B02-2026091719,SEC-B02,2026-09-17 19:00:00,2026-09-17 20:00:00,1,63,UNAVAILABLE,MEDIUM
WIN-SEC-B02-2026091720,SEC-B02,2026-09-17 20:00:00,2026-09-17 21:00:00,2,63,UNAVAILABLE,HIGH
WIN-SEC-B02-2026091721,SEC-B02,2026-09-17 21:00:00,2026-09-17 22:00:00,1,66,UNAVAILABLE,MEDIUM
WIN-SEC-B02-2026091722,SEC-B02,2026-09-17 22:00:00,2026-09-17 23:00:00,1,66,UNAVAILABLE,MEDIUM
WIN-SEC-B02-2026091723,SEC-B02,2026-09-17 23:00:00,2026-09-18 00:00:00,1,66,UNAVAILABLE,MEDIUM
WIN-SEC-C01-2026091700,SEC-C01,2026-09-17 00:00:00,2026-09-17 01:00:00,1,15,UNAVAILABLE,MEDIUM
WIN-SEC-C01-2026091701,SEC-C01,2026-09-17 01:00:00,2026-09-17 02:00:00,0,15,AVAILABLE,LOW
WIN-SEC-C01-2026091702,SEC-C01,2026-09-17 02:00:00,2026-09-17 03:00:00,1,15,UNAVAILABLE,MEDIUM
WIN-SEC-C01-2026091703,SEC-C01,2026-09-17 03:00:00,2026-09-17 04:00:00,0,33,AVAILABLE,LOW
WIN-SEC-C01-2026091704,SEC-C01,2026-09-17 04:00:00,2026-09-17 05:00:00,1,33,UNAVAILABLE,MEDIUM
WIN-SEC-C01-2026091705,SEC-C01,2026-09-17 05:00:00,2026-09-17 06:00:00,1,33,UNAVAILABLE,MEDIUM
WIN-SEC-C01-2026091706,SEC-C01,2026-09-17 06:00:00,2026-09-17 07:00:00,0,37,UNAVAILABLE,MEDIUM
WIN-SEC-C01-2026091707,SEC-C01,2026-09-17 07:00:00,2026-09-17 08:00:00,1,37,UNAVAILABLE,MEDIUM
WIN-SEC-C01-2026091708,SEC-C01,2026-09-17 08:00:00,2026-09-17 09:00:00,0,37,UNAVAILABLE,MEDIUM
WIN-SEC-C01-2026091709,SEC-C01,2026-09-17 09:00:00,2026-09-17 10:00:00,1,45,UNAVAILABLE,MEDIUM
WIN-SEC-C01-2026091710,SEC-C01,2026-09-17 10:00:00,2026-09-17 11:00:00,1,45,UNAVAILABLE,MEDIUM
WIN-SEC-C01-2026091711,SEC-C01,2026-09-17 11:00:00,2026-09-17 12:00:00,1,45,UNAVAILABLE,MEDIUM
WIN-SEC-C01-2026091712,SEC-C01,2026-09-17 12:00:00,2026-09-17 13:00:00,1,25,UNAVAILABLE,MEDIUM
WIN-SEC-C01-2026091713,SEC-C01,2026-09-17 13:00:00,2026-09-17 14:00:00,0,25,AVAILABLE,LOW
WIN-SEC-C01-2026091714,SEC-C01,2026-09-17 14:00:00,2026-09-17 15:00:00,1,25,UNAVAILABLE,MEDIUM
WIN-SEC-C01-2026091715,SEC-C01,2026-09-17 15:00:00,2026-09-17 16:00:00,0,28,AVAILABLE,LOW
WIN-SEC-C01-2026091716,SEC-C01,2026-09-17 16:00:00,2026-09-17 17:00:00,1,28,UNAVAILABLE,MEDIUM
WIN-SEC-C01-2026091717,SEC-C01,2026-09-17 17:00:00,2026-09-17 18:00:00,1,28,UNAVAILABLE,MEDIUM
WIN-SEC-C01-2026091718,SEC-C01,2026-09-17 18:00:00,2026-09-17 19:00:00,0,39,UNAVAILABLE,MEDIUM
WIN-SEC-C01-2026091719,SEC-C01,2026-09-17 19:00:00,2026-09-17 20:00:00,1,39,UNAVAILABLE,MEDIUM
WIN-SEC-C01-2026091720,SEC-C01,2026-09-17 20:00:00,2026-09-17 21:00:00,1,39,UNAVAILABLE,MEDIUM
WIN-SEC-C01-2026091721,SEC-C01,2026-09-17 21:00:00,2026-09-17 22:00:00,1,40,UNAVAILABLE,MEDIUM
WIN-SEC-C01-2026091722,SEC-C01,2026-09-17 22:00:00,2026-09-17 23:00:00,0,40,AVAILABLE,LOW
WIN-SEC-C01-2026091723,SEC-C01,2026-09-17 23:00:00,2026-09-18 00:00:00,1,40,UNAVAILABLE,MEDIUM
WIN-SEC-A01-2026091800,SEC-A01,2026-09-18 00:00:00,2026-09-18 01:00:00,2,61,UNAVAILABLE,HIGH
WIN-SEC-A01-2026091801,SEC-A01,2026-09-18 01:00:00,2026-09-18 02:00:00,2,61,UNAVAILABLE,HIGH
WIN-SEC-A01-2026091802,SEC-A01,2026-09-18 02:00:00,2026-09-18 03:00:00,1,61,UNAVAILABLE,MEDIUM
WIN-SEC-A01-2026091803,SEC-A01,2026-09-18 03:00:00,2026-09-18 04:00:00,1,61,UNAVAILABLE,MEDIUM
WIN-SEC-A01-2026091804,SEC-A01,2026-09-18 04:00:00,2026-09-18 05:00:00,1,61,UNAVAILABLE,MEDIUM
WIN-SEC-A01-2026091805,SEC-A01,2026-09-18 05:00:00,2026-09-18 06:00:00,2,61,UNAVAILABLE,HIGH
WIN-SEC-A01-2026091806,SEC-A01,2026-09-18 06:00:00,2026-09-18 07:00:00,2,89,UNAVAILABLE,HIGH
WIN-SEC-A01-2026091807,SEC-A01,2026-09-18 07:00:00,2026-09-18 08:00:00,2,89,UNAVAILABLE,HIGH
WIN-SEC-A01-2026091808,SEC-A01,2026-09-18 08:00:00,2026-09-18 09:00:00,2,89,UNAVAILABLE,HIGH
WIN-SEC-A01-2026091809,SEC-A01,2026-09-18 09:00:00,2026-09-18 10:00:00,2,77,UNAVAILABLE,HIGH
WIN-SEC-A01-2026091810,SEC-A01,2026-09-18 10:00:00,2026-09-18 11:00:00,2,77,UNAVAILABLE,HIGH
WIN-SEC-A01-2026091811,SEC-A01,2026-09-18 11:00:00,2026-09-18 12:00:00,2,77,UNAVAILABLE,HIGH
WIN-SEC-A01-2026091812,SEC-A01,2026-09-18 12:00:00,2026-09-18 13:00:00,1,73,UNAVAILABLE,MEDIUM
WIN-SEC-A01-2026091813,SEC-A01,2026-09-18 13:00:00,2026-09-18 14:00:00,1,73,UNAVAILABLE,MEDIUM
WIN-SEC-A01-2026091814,SEC-A01,2026-09-18 14:00:00,2026-09-18 15:00:00,1,73,UNAVAILABLE,MEDIUM
WIN-SEC-A01-2026091815,SEC-A01,2026-09-18 15:00:00,2026-09-18 16:00:00,1,79,UNAVAILABLE,MEDIUM
WIN-SEC-A01-2026091816,SEC-A01,2026-09-18 16:00:00,2026-09-18 17:00:00,2,79,UNAVAILABLE,HIGH
WIN-SEC-A01-2026091817,SEC-A01,2026-09-18 17:00:00,2026-09-18 18:00:00,2,79,UNAVAILABLE,HIGH
WIN-SEC-A01-2026091818,SEC-A01,2026-09-18 18:00:00,2026-09-18 19:00:00,2,81,UNAVAILABLE,HIGH
WIN-SEC-A01-2026091819,SEC-A01,2026-09-18 19:00:00,2026-09-18 20:00:00,2,81,UNAVAILABLE,HIGH
WIN-SEC-A01-2026091820,SEC-A01,2026-09-18 20:00:00,2026-09-18 21:00:00,2,81,UNAVAILABLE,HIGH
WIN-SEC-A01-2026091821,SEC-A01,2026-09-18 21:00:00,2026-09-18 22:00:00,2,80,UNAVAILABLE,HIGH
WIN-SEC-A01-2026091822,SEC-A01,2026-09-18 22:00:00,2026-09-18 23:00:00,2,80,UNAVAILABLE,HIGH
WIN-SEC-A01-2026091823,SEC-A01,2026-09-18 23:00:00,2026-09-19 00:00:00,1,80,UNAVAILABLE,MEDIUM
WIN-SEC-A02-2026091800,SEC-A02,2026-09-18 00:00:00,2026-09-18 01:00:00,3,63,UNAVAILABLE,HIGH
WIN-SEC-A02-2026091801,SEC-A02,2026-09-18 01:00:00,2026-09-18 02:00:00,1,63,UNAVAILABLE,MEDIUM
WIN-SEC-A02-2026091802,SEC-A02,2026-09-18 02:00:00,2026-09-18 03:00:00,1,63,UNAVAILABLE,MEDIUM
WIN-SEC-A02-2026091803,SEC-A02,2026-09-18 03:00:00,2026-09-18 04:00:00,1,71,UNAVAILABLE,MEDIUM
WIN-SEC-A02-2026091804,SEC-A02,2026-09-18 04:00:00,2026-09-18 05:00:00,1,71,UNAVAILABLE,MEDIUM
WIN-SEC-A02-2026091805,SEC-A02,2026-09-18 05:00:00,2026-09-18 06:00:00,1,71,UNAVAILABLE,MEDIUM
WIN-SEC-A02-2026091806,SEC-A02,2026-09-18 06:00:00,2026-09-18 07:00:00,1,85,UNAVAILABLE,MEDIUM
WIN-SEC-A02-2026091807,SEC-A02,2026-09-18 07:00:00,2026-09-18 08:00:00,2,85,UNAVAILABLE,HIGH
WIN-SEC-A02-2026091808,SEC-A02,2026-09-18 08:00:00,2026-09-18 09:00:00,2,85,UNAVAILABLE,HIGH
WIN-SEC-A02-2026091809,SEC-A02,2026-09-18 09:00:00,2026-09-18 10:00:00,2,81,UNAVAILABLE,HIGH
WIN-SEC-A02-2026091810,SEC-A02,2026-09-18 10:00:00,2026-09-18 11:00:00,2,81,UNAVAILABLE,HIGH
WIN-SEC-A02-2026091811,SEC-A02,2026-09-18 11:00:00,2026-09-18 12:00:00,1,81,UNAVAILABLE,MEDIUM
WIN-SEC-A02-2026091812,SEC-A02,2026-09-18 12:00:00,2026-09-18 13:00:00,2,75,UNAVAILABLE,HIGH
WIN-SEC-A02-2026091813,SEC-A02,2026-09-18 13:00:00,2026-09-18 14:00:00,1,75,UNAVAILABLE,MEDIUM
WIN-SEC-A02-2026091814,SEC-A02,2026-09-18 14:00:00,2026-09-18 15:00:00,1,75,UNAVAILABLE,MEDIUM
WIN-SEC-A02-2026091815,SEC-A02,2026-09-18 15:00:00,2026-09-18 16:00:00,1,65,UNAVAILABLE,MEDIUM
WIN-SEC-A02-2026091816,SEC-A02,2026-09-18 16:00:00,2026-09-18 17:00:00,1,65,UNAVAILABLE,MEDIUM
WIN-SEC-A02-2026091817,SEC-A02,2026-09-18 17:00:00,2026-09-18 18:00:00,2,65,UNAVAILABLE,HIGH
WIN-SEC-A02-2026091818,SEC-A02,2026-09-18 18:00:00,2026-09-18 19:00:00,2,88,UNAVAILABLE,HIGH
WIN-SEC-A02-2026091819,SEC-A02,2026-09-18 19:00:00,2026-09-18 20:00:00,2,88,UNAVAILABLE,HIGH
WIN-SEC-A02-2026091820,SEC-A02,2026-09-18 20:00:00,2026-09-18 21:00:00,1,88,UNAVAILABLE,MEDIUM
WIN-SEC-A02-2026091821,SEC-A02,2026-09-18 21:00:00,2026-09-18 22:00:00,2,86,UNAVAILABLE,HIGH
WIN-SEC-A02-2026091822,SEC-A02,2026-09-18 22:00:00,2026-09-18 23:00:00,1,86,UNAVAILABLE,MEDIUM
WIN-SEC-A02-2026091823,SEC-A02,2026-09-18 23:00:00,2026-09-19 00:00:00,1,86,UNAVAILABLE,MEDIUM
WIN-SEC-B01-2026091800,SEC-B01,2026-09-18 00:00:00,2026-09-18 01:00:00,1,42,UNAVAILABLE,MEDIUM
WIN-SEC-B01-2026091801,SEC-B01,2026-09-18 01:00:00,2026-09-18 02:00:00,1,42,UNAVAILABLE,MEDIUM
WIN-SEC-B01-2026091802,SEC-B01,2026-09-18 02:00:00,2026-09-18 03:00:00,1,42,UNAVAILABLE,MEDIUM
WIN-SEC-B01-2026091803,SEC-B01,2026-09-18 03:00:00,2026-09-18 04:00:00,1,39,UNAVAILABLE,MEDIUM
WIN-SEC-B01-2026091804,SEC-B01,2026-09-18 04:00:00,2026-09-18 05:00:00,1,39,UNAVAILABLE,MEDIUM
WIN-SEC-B01-2026091805,SEC-B01,2026-09-18 05:00:00,2026-09-18 06:00:00,1,39,UNAVAILABLE,MEDIUM
WIN-SEC-B01-2026091806,SEC-B01,2026-09-18 06:00:00,2026-09-18 07:00:00,1,59,UNAVAILABLE,MEDIUM
WIN-SEC-B01-2026091807,SEC-B01,2026-09-18 07:00:00,2026-09-18 08:00:00,1,59,UNAVAILABLE,MEDIUM
WIN-SEC-B01-2026091808,SEC-B01,2026-09-18 08:00:00,2026-09-18 09:00:00,2,59,UNAVAILABLE,HIGH
WIN-SEC-B01-2026091809,SEC-B01,2026-09-18 09:00:00,2026-09-18 10:00:00,1,67,UNAVAILABLE,MEDIUM
WIN-SEC-B01-2026091810,SEC-B01,2026-09-18 10:00:00,2026-09-18 11:00:00,1,67,UNAVAILABLE,MEDIUM
WIN-SEC-B01-2026091811,SEC-B01,2026-09-18 11:00:00,2026-09-18 12:00:00,2,67,UNAVAILABLE,HIGH
WIN-SEC-B01-2026091812,SEC-B01,2026-09-18 12:00:00,2026-09-18 13:00:00,1,59,UNAVAILABLE,MEDIUM
WIN-SEC-B01-2026091813,SEC-B01,2026-09-18 13:00:00,2026-09-18 14:00:00,1,59,UNAVAILABLE,MEDIUM
WIN-SEC-B01-2026091814,SEC-B01,2026-09-18 14:00:00,2026-09-18 15:00:00,1,59,UNAVAILABLE,MEDIUM
WIN-SEC-B01-2026091815,SEC-B01,2026-09-18 15:00:00,2026-09-18 16:00:00,1,48,UNAVAILABLE,MEDIUM
WIN-SEC-B01-2026091816,SEC-B01,2026-09-18 16:00:00,2026-09-18 17:00:00,1,48,UNAVAILABLE,MEDIUM
WIN-SEC-B01-2026091817,SEC-B01,2026-09-18 17:00:00,2026-09-18 18:00:00,1,48,UNAVAILABLE,MEDIUM
WIN-SEC-B01-2026091818,SEC-B01,2026-09-18 18:00:00,2026-09-18 19:00:00,1,67,UNAVAILABLE,MEDIUM
WIN-SEC-B01-2026091819,SEC-B01,2026-09-18 19:00:00,2026-09-18 20:00:00,1,67,UNAVAILABLE,MEDIUM
WIN-SEC-B01-2026091820,SEC-B01,2026-09-18 20:00:00,2026-09-18 21:00:00,0,67,UNAVAILABLE,MEDIUM
WIN-SEC-B01-2026091821,SEC-B01,2026-09-18 21:00:00,2026-09-18 22:00:00,1,51,UNAVAILABLE,MEDIUM
WIN-SEC-B01-2026091822,SEC-B01,2026-09-18 22:00:00,2026-09-18 23:00:00,1,51,UNAVAILABLE,MEDIUM
WIN-SEC-B01-2026091823,SEC-B01,2026-09-18 23:00:00,2026-09-19 00:00:00,1,51,UNAVAILABLE,MEDIUM
WIN-SEC-B02-2026091800,SEC-B02,2026-09-18 00:00:00,2026-09-18 01:00:00,0,40,AVAILABLE,LOW
WIN-SEC-B02-2026091801,SEC-B02,2026-09-18 01:00:00,2026-09-18 02:00:00,1,40,UNAVAILABLE,MEDIUM
WIN-SEC-B02-2026091802,SEC-B02,2026-09-18 02:00:00,2026-09-18 03:00:00,1,40,UNAVAILABLE,MEDIUM
WIN-SEC-B02-2026091803,SEC-B02,2026-09-18 03:00:00,2026-09-18 04:00:00,1,44,UNAVAILABLE,MEDIUM
WIN-SEC-B02-2026091804,SEC-B02,2026-09-18 04:00:00,2026-09-18 05:00:00,1,44,UNAVAILABLE,MEDIUM
WIN-SEC-B02-2026091805,SEC-B02,2026-09-18 05:00:00,2026-09-18 06:00:00,2,44,UNAVAILABLE,HIGH
WIN-SEC-B02-2026091806,SEC-B02,2026-09-18 06:00:00,2026-09-18 07:00:00,1,59,UNAVAILABLE,MEDIUM
WIN-SEC-B02-2026091807,SEC-B02,2026-09-18 07:00:00,2026-09-18 08:00:00,1,59,UNAVAILABLE,MEDIUM
WIN-SEC-B02-2026091808,SEC-B02,2026-09-18 08:00:00,2026-09-18 09:00:00,0,59,UNAVAILABLE,MEDIUM
WIN-SEC-B02-2026091809,SEC-B02,2026-09-18 09:00:00,2026-09-18 10:00:00,1,58,UNAVAILABLE,MEDIUM
WIN-SEC-B02-2026091810,SEC-B02,2026-09-18 10:00:00,2026-09-18 11:00:00,1,58,UNAVAILABLE,MEDIUM
WIN-SEC-B02-2026091811,SEC-B02,2026-09-18 11:00:00,2026-09-18 12:00:00,0,58,AVAILABLE,LOW
WIN-SEC-B02-2026091812,SEC-B02,2026-09-18 12:00:00,2026-09-18 13:00:00,1,48,UNAVAILABLE,MEDIUM
WIN-SEC-B02-2026091813,SEC-B02,2026-09-18 13:00:00,2026-09-18 14:00:00,1,48,UNAVAILABLE,MEDIUM
WIN-SEC-B02-2026091814,SEC-B02,2026-09-18 14:00:00,2026-09-18 15:00:00,0,48,AVAILABLE,LOW
WIN-SEC-B02-2026091815,SEC-B02,2026-09-18 15:00:00,2026-09-18 16:00:00,1,54,UNAVAILABLE,MEDIUM
WIN-SEC-B02-2026091816,SEC-B02,2026-09-18 16:00:00,2026-09-18 17:00:00,1,54,UNAVAILABLE,MEDIUM
WIN-SEC-B02-2026091817,SEC-B02,2026-09-18 17:00:00,2026-09-18 18:00:00,2,54,UNAVAILABLE,HIGH
WIN-SEC-B02-2026091818,SEC-B02,2026-09-18 18:00:00,2026-09-18 19:00:00,1,63,UNAVAILABLE,MEDIUM
WIN-SEC-B02-2026091819,SEC-B02,2026-09-18 19:00:00,2026-09-18 20:00:00,1,63,UNAVAILABLE,MEDIUM
WIN-SEC-B02-2026091820,SEC-B02,2026-09-18 20:00:00,2026-09-18 21:00:00,1,63,UNAVAILABLE,MEDIUM
WIN-SEC-B02-2026091821,SEC-B02,2026-09-18 21:00:00,2026-09-18 22:00:00,1,51,UNAVAILABLE,MEDIUM
WIN-SEC-B02-2026091822,SEC-B02,2026-09-18 22:00:00,2026-09-18 23:00:00,1,51,UNAVAILABLE,MEDIUM
WIN-SEC-B02-2026091823,SEC-B02,2026-09-18 23:00:00,2026-09-19 00:00:00,2,51,UNAVAILABLE,HIGH
WIN-SEC-C01-2026091800,SEC-C01,2026-09-18 00:00:00,2026-09-18 01:00:00,1,11,UNAVAILABLE,MEDIUM
WIN-SEC-C01-2026091801,SEC-C01,2026-09-18 01:00:00,2026-09-18 02:00:00,0,11,AVAILABLE,LOW
WIN-SEC-C01-2026091802,SEC-C01,2026-09-18 02:00:00,2026-09-18 03:00:00,1,11,UNAVAILABLE,MEDIUM
WIN-SEC-C01-2026091803,SEC-C01,2026-09-18 03:00:00,2026-09-18 04:00:00,0,20,AVAILABLE,LOW
WIN-SEC-C01-2026091804,SEC-C01,2026-09-18 04:00:00,2026-09-18 05:00:00,1,20,UNAVAILABLE,MEDIUM
WIN-SEC-C01-2026091805,SEC-C01,2026-09-18 05:00:00,2026-09-18 06:00:00,1,20,UNAVAILABLE,MEDIUM
WIN-SEC-C01-2026091806,SEC-C01,2026-09-18 06:00:00,2026-09-18 07:00:00,0,47,UNAVAILABLE,MEDIUM
WIN-SEC-C01-2026091807,SEC-C01,2026-09-18 07:00:00,2026-09-18 08:00:00,1,47,UNAVAILABLE,MEDIUM
WIN-SEC-C01-2026091808,SEC-C01,2026-09-18 08:00:00,2026-09-18 09:00:00,0,47,UNAVAILABLE,MEDIUM
WIN-SEC-C01-2026091809,SEC-C01,2026-09-18 09:00:00,2026-09-18 10:00:00,1,28,UNAVAILABLE,MEDIUM
WIN-SEC-C01-2026091810,SEC-C01,2026-09-18 10:00:00,2026-09-18 11:00:00,1,28,UNAVAILABLE,MEDIUM
WIN-SEC-C01-2026091811,SEC-C01,2026-09-18 11:00:00,2026-09-18 12:00:00,1,28,UNAVAILABLE,MEDIUM
WIN-SEC-C01-2026091812,SEC-C01,2026-09-18 12:00:00,2026-09-18 13:00:00,1,29,UNAVAILABLE,MEDIUM
WIN-SEC-C01-2026091813,SEC-C01,2026-09-18 13:00:00,2026-09-18 14:00:00,0,29,AVAILABLE,LOW
WIN-SEC-C01-2026091814,SEC-C01,2026-09-18 14:00:00,2026-09-18 15:00:00,1,29,UNAVAILABLE,MEDIUM
WIN-SEC-C01-2026091815,SEC-C01,2026-09-18 15:00:00,2026-09-18 16:00:00,1,29,UNAVAILABLE,MEDIUM
WIN-SEC-C01-2026091816,SEC-C01,2026-09-18 16:00:00,2026-09-18 17:00:00,1,29,UNAVAILABLE,MEDIUM
WIN-SEC-C01-2026091817,SEC-C01,2026-09-18 17:00:00,2026-09-18 18:00:00,1,29,UNAVAILABLE,MEDIUM
WIN-SEC-C01-2026091818,SEC-C01,2026-09-18 18:00:00,2026-09-18 19:00:00,0,52,UNAVAILABLE,MEDIUM
WIN-SEC-C01-2026091819,SEC-C01,2026-09-18 19:00:00,2026-09-18 20:00:00,1,52,UNAVAILABLE,MEDIUM
WIN-SEC-C01-2026091820,SEC-C01,2026-09-18 20:00:00,2026-09-18 21:00:00,0,52,UNAVAILABLE,MEDIUM
WIN-SEC-C01-2026091821,SEC-C01,2026-09-18 21:00:00,2026-09-18 22:00:00,1,42,UNAVAILABLE,MEDIUM
WIN-SEC-C01-2026091822,SEC-C01,2026-09-18 22:00:00,2026-09-18 23:00:00,1,42,UNAVAILABLE,MEDIUM
WIN-SEC-C01-2026091823,SEC-C01,2026-09-18 23:00:00,2026-09-19 00:00:00,1,42,UNAVAILABLE,MEDIUM
WIN-SEC-A01-2026091900,SEC-A01,2026-09-19 00:00:00,2026-09-19 01:00:00,2,66,UNAVAILABLE,HIGH
WIN-SEC-A01-2026091901,SEC-A01,2026-09-19 01:00:00,2026-09-19 02:00:00,1,66,UNAVAILABLE,MEDIUM
WIN-SEC-A01-2026091902,SEC-A01,2026-09-19 02:00:00,2026-09-19 03:00:00,1,66,UNAVAILABLE,MEDIUM
WIN-SEC-A01-2026091903,SEC-A01,2026-09-19 03:00:00,2026-09-19 04:00:00,1,65,UNAVAILABLE,MEDIUM
WIN-SEC-A01-2026091904,SEC-A01,2026-09-19 04:00:00,2026-09-19 05:00:00,2,65,UNAVAILABLE,HIGH
WIN-SEC-A01-2026091905,SEC-A01,2026-09-19 05:00:00,2026-09-19 06:00:00,1,65,UNAVAILABLE,MEDIUM
WIN-SEC-A01-2026091906,SEC-A01,2026-09-19 06:00:00,2026-09-19 07:00:00,1,71,UNAVAILABLE,MEDIUM
WIN-SEC-A01-2026091907,SEC-A01,2026-09-19 07:00:00,2026-09-19 08:00:00,2,71,UNAVAILABLE,HIGH
WIN-SEC-A01-2026091908,SEC-A01,2026-09-19 08:00:00,2026-09-19 09:00:00,2,71,UNAVAILABLE,HIGH
WIN-SEC-A01-2026091909,SEC-A01,2026-09-19 09:00:00,2026-09-19 10:00:00,2,89,UNAVAILABLE,HIGH
WIN-SEC-A01-2026091910,SEC-A01,2026-09-19 10:00:00,2026-09-19 11:00:00,2,89,UNAVAILABLE,HIGH
WIN-SEC-A01-2026091911,SEC-A01,2026-09-19 11:00:00,2026-09-19 12:00:00,1,89,UNAVAILABLE,MEDIUM
WIN-SEC-A01-2026091912,SEC-A01,2026-09-19 12:00:00,2026-09-19 13:00:00,1,73,UNAVAILABLE,MEDIUM
WIN-SEC-A01-2026091913,SEC-A01,2026-09-19 13:00:00,2026-09-19 14:00:00,1,73,UNAVAILABLE,MEDIUM
WIN-SEC-A01-2026091914,SEC-A01,2026-09-19 14:00:00,2026-09-19 15:00:00,1,73,UNAVAILABLE,MEDIUM
WIN-SEC-A01-2026091915,SEC-A01,2026-09-19 15:00:00,2026-09-19 16:00:00,1,75,UNAVAILABLE,MEDIUM
WIN-SEC-A01-2026091916,SEC-A01,2026-09-19 16:00:00,2026-09-19 17:00:00,2,75,UNAVAILABLE,HIGH
WIN-SEC-A01-2026091917,SEC-A01,2026-09-19 17:00:00,2026-09-19 18:00:00,1,75,UNAVAILABLE,MEDIUM
WIN-SEC-A01-2026091918,SEC-A01,2026-09-19 18:00:00,2026-09-19 19:00:00,1,98,UNAVAILABLE,MEDIUM
WIN-SEC-A01-2026091919,SEC-A01,2026-09-19 19:00:00,2026-09-19 20:00:00,1,98,UNAVAILABLE,MEDIUM
WIN-SEC-A01-2026091920,SEC-A01,2026-09-19 20:00:00,2026-09-19 21:00:00,1,98,UNAVAILABLE,MEDIUM
WIN-SEC-A01-2026091921,SEC-A01,2026-09-19 21:00:00,2026-09-19 22:00:00,2,71,UNAVAILABLE,HIGH
WIN-SEC-A01-2026091922,SEC-A01,2026-09-19 22:00:00,2026-09-19 23:00:00,2,71,UNAVAILABLE,HIGH
WIN-SEC-A01-2026091923,SEC-A01,2026-09-19 23:00:00,2026-09-20 00:00:00,1,71,UNAVAILABLE,MEDIUM
WIN-SEC-A02-2026091900,SEC-A02,2026-09-19 00:00:00,2026-09-19 01:00:00,2,74,UNAVAILABLE,HIGH
WIN-SEC-A02-2026091901,SEC-A02,2026-09-19 01:00:00,2026-09-19 02:00:00,1,74,UNAVAILABLE,MEDIUM
WIN-SEC-A02-2026091902,SEC-A02,2026-09-19 02:00:00,2026-09-19 03:00:00,1,74,UNAVAILABLE,MEDIUM
WIN-SEC-A02-2026091903,SEC-A02,2026-09-19 03:00:00,2026-09-19 04:00:00,1,62,UNAVAILABLE,MEDIUM
WIN-SEC-A02-2026091904,SEC-A02,2026-09-19 04:00:00,2026-09-19 05:00:00,2,62,UNAVAILABLE,HIGH
WIN-SEC-A02-2026091905,SEC-A02,2026-09-19 05:00:00,2026-09-19 06:00:00,1,62,UNAVAILABLE,MEDIUM
WIN-SEC-A02-2026091906,SEC-A02,2026-09-19 06:00:00,2026-09-19 07:00:00,1,86,UNAVAILABLE,MEDIUM
WIN-SEC-A02-2026091907,SEC-A02,2026-09-19 07:00:00,2026-09-19 08:00:00,2,86,UNAVAILABLE,HIGH
WIN-SEC-A02-2026091908,SEC-A02,2026-09-19 08:00:00,2026-09-19 09:00:00,2,86,UNAVAILABLE,HIGH
WIN-SEC-A02-2026091909,SEC-A02,2026-09-19 09:00:00,2026-09-19 10:00:00,1,84,UNAVAILABLE,MEDIUM
WIN-SEC-A02-2026091910,SEC-A02,2026-09-19 10:00:00,2026-09-19 11:00:00,2,84,UNAVAILABLE,HIGH
WIN-SEC-A02-2026091911,SEC-A02,2026-09-19 11:00:00,2026-09-19 12:00:00,2,84,UNAVAILABLE,HIGH
WIN-SEC-A02-2026091912,SEC-A02,2026-09-19 12:00:00,2026-09-19 13:00:00,2,69,UNAVAILABLE,HIGH
WIN-SEC-A02-2026091913,SEC-A02,2026-09-19 13:00:00,2026-09-19 14:00:00,1,69,UNAVAILABLE,MEDIUM
WIN-SEC-A02-2026091914,SEC-A02,2026-09-19 14:00:00,2026-09-19 15:00:00,1,69,UNAVAILABLE,MEDIUM
WIN-SEC-A02-2026091915,SEC-A02,2026-09-19 15:00:00,2026-09-19 16:00:00,1,69,UNAVAILABLE,MEDIUM
WIN-SEC-A02-2026091916,SEC-A02,2026-09-19 16:00:00,2026-09-19 17:00:00,1,69,UNAVAILABLE,MEDIUM
WIN-SEC-A02-2026091917,SEC-A02,2026-09-19 17:00:00,2026-09-19 18:00:00,1,69,UNAVAILABLE,MEDIUM
WIN-SEC-A02-2026091918,SEC-A02,2026-09-19 18:00:00,2026-09-19 19:00:00,2,86,UNAVAILABLE,HIGH
WIN-SEC-A02-2026091919,SEC-A02,2026-09-19 19:00:00,2026-09-19 20:00:00,2,86,UNAVAILABLE,HIGH
WIN-SEC-A02-2026091920,SEC-A02,2026-09-19 20:00:00,2026-09-19 21:00:00,2,86,UNAVAILABLE,HIGH
WIN-SEC-A02-2026091921,SEC-A02,2026-09-19 21:00:00,2026-09-19 22:00:00,2,75,UNAVAILABLE,HIGH
WIN-SEC-A02-2026091922,SEC-A02,2026-09-19 22:00:00,2026-09-19 23:00:00,2,75,UNAVAILABLE,HIGH
WIN-SEC-A02-2026091923,SEC-A02,2026-09-19 23:00:00,2026-09-20 00:00:00,1,75,UNAVAILABLE,MEDIUM
WIN-SEC-B01-2026091900,SEC-B01,2026-09-19 00:00:00,2026-09-19 01:00:00,1,49,UNAVAILABLE,MEDIUM
WIN-SEC-B01-2026091901,SEC-B01,2026-09-19 01:00:00,2026-09-19 02:00:00,1,49,UNAVAILABLE,MEDIUM
WIN-SEC-B01-2026091902,SEC-B01,2026-09-19 02:00:00,2026-09-19 03:00:00,0,49,AVAILABLE,LOW
WIN-SEC-B01-2026091903,SEC-B01,2026-09-19 03:00:00,2026-09-19 04:00:00,1,42,UNAVAILABLE,MEDIUM
WIN-SEC-B01-2026091904,SEC-B01,2026-09-19 04:00:00,2026-09-19 05:00:00,1,42,UNAVAILABLE,MEDIUM
WIN-SEC-B01-2026091905,SEC-B01,2026-09-19 05:00:00,2026-09-19 06:00:00,0,42,AVAILABLE,LOW
WIN-SEC-B01-2026091906,SEC-B01,2026-09-19 06:00:00,2026-09-19 07:00:00,1,57,UNAVAILABLE,MEDIUM
WIN-SEC-B01-2026091907,SEC-B01,2026-09-19 07:00:00,2026-09-19 08:00:00,1,57,UNAVAILABLE,MEDIUM
WIN-SEC-B01-2026091908,SEC-B01,2026-09-19 08:00:00,2026-09-19 09:00:00,1,57,UNAVAILABLE,MEDIUM
WIN-SEC-B01-2026091909,SEC-B01,2026-09-19 09:00:00,2026-09-19 10:00:00,1,61,UNAVAILABLE,MEDIUM
WIN-SEC-B01-2026091910,SEC-B01,2026-09-19 10:00:00,2026-09-19 11:00:00,1,61,UNAVAILABLE,MEDIUM
WIN-SEC-B01-2026091911,SEC-B01,2026-09-19 11:00:00,2026-09-19 12:00:00,2,61,UNAVAILABLE,HIGH
WIN-SEC-B01-2026091912,SEC-B01,2026-09-19 12:00:00,2026-09-19 13:00:00,1,60,UNAVAILABLE,MEDIUM
WIN-SEC-B01-2026091913,SEC-B01,2026-09-19 13:00:00,2026-09-19 14:00:00,1,60,UNAVAILABLE,MEDIUM
WIN-SEC-B01-2026091914,SEC-B01,2026-09-19 14:00:00,2026-09-19 15:00:00,2,60,UNAVAILABLE,HIGH
WIN-SEC-B01-2026091915,SEC-B01,2026-09-19 15:00:00,2026-09-19 16:00:00,1,49,UNAVAILABLE,MEDIUM
WIN-SEC-B01-2026091916,SEC-B01,2026-09-19 16:00:00,2026-09-19 17:00:00,1,49,UNAVAILABLE,MEDIUM
WIN-SEC-B01-2026091917,SEC-B01,2026-09-19 17:00:00,2026-09-19 18:00:00,2,49,UNAVAILABLE,HIGH
WIN-SEC-B01-2026091918,SEC-B01,2026-09-19 18:00:00,2026-09-19 19:00:00,1,66,UNAVAILABLE,MEDIUM
WIN-SEC-B01-2026091919,SEC-B01,2026-09-19 19:00:00,2026-09-19 20:00:00,1,66,UNAVAILABLE,MEDIUM
WIN-SEC-B01-2026091920,SEC-B01,2026-09-19 20:00:00,2026-09-19 21:00:00,1,66,UNAVAILABLE,MEDIUM
WIN-SEC-B01-2026091921,SEC-B01,2026-09-19 21:00:00,2026-09-19 22:00:00,1,60,UNAVAILABLE,MEDIUM
WIN-SEC-B01-2026091922,SEC-B01,2026-09-19 22:00:00,2026-09-19 23:00:00,1,60,UNAVAILABLE,MEDIUM
WIN-SEC-B01-2026091923,SEC-B01,2026-09-19 23:00:00,2026-09-20 00:00:00,2,60,UNAVAILABLE,HIGH
WIN-SEC-B02-2026091900,SEC-B02,2026-09-19 00:00:00,2026-09-19 01:00:00,2,49,UNAVAILABLE,HIGH
WIN-SEC-B02-2026091901,SEC-B02,2026-09-19 01:00:00,2026-09-19 02:00:00,1,49,UNAVAILABLE,MEDIUM
WIN-SEC-B02-2026091902,SEC-B02,2026-09-19 02:00:00,2026-09-19 03:00:00,2,49,UNAVAILABLE,HIGH
WIN-SEC-B02-2026091903,SEC-B02,2026-09-19 03:00:00,2026-09-19 04:00:00,1,48,UNAVAILABLE,MEDIUM
WIN-SEC-B02-2026091904,SEC-B02,2026-09-19 04:00:00,2026-09-19 05:00:00,1,48,UNAVAILABLE,MEDIUM
WIN-SEC-B02-2026091905,SEC-B02,2026-09-19 05:00:00,2026-09-19 06:00:00,1,48,UNAVAILABLE,MEDIUM
WIN-SEC-B02-2026091906,SEC-B02,2026-09-19 06:00:00,2026-09-19 07:00:00,1,75,UNAVAILABLE,MEDIUM
WIN-SEC-B02-2026091907,SEC-B02,2026-09-19 07:00:00,2026-09-19 08:00:00,1,75,UNAVAILABLE,MEDIUM
WIN-SEC-B02-2026091908,SEC-B02,2026-09-19 08:00:00,2026-09-19 09:00:00,1,75,UNAVAILABLE,MEDIUM
WIN-SEC-B02-2026091909,SEC-B02,2026-09-19 09:00:00,2026-09-19 10:00:00,1,63,UNAVAILABLE,MEDIUM
WIN-SEC-B02-2026091910,SEC-B02,2026-09-19 10:00:00,2026-09-19 11:00:00,1,63,UNAVAILABLE,MEDIUM
WIN-SEC-B02-2026091911,SEC-B02,2026-09-19 11:00:00,2026-09-19 12:00:00,2,63,UNAVAILABLE,HIGH
WIN-SEC-B02-2026091912,SEC-B02,2026-09-19 12:00:00,2026-09-19 13:00:00,1,56,UNAVAILABLE,MEDIUM
WIN-SEC-B02-2026091913,SEC-B02,2026-09-19 13:00:00,2026-09-19 14:00:00,1,56,UNAVAILABLE,MEDIUM
WIN-SEC-B02-2026091914,SEC-B02,2026-09-19 14:00:00,2026-09-19 15:00:00,1,56,UNAVAILABLE,MEDIUM
WIN-SEC-B02-2026091915,SEC-B02,2026-09-19 15:00:00,2026-09-19 16:00:00,1,53,UNAVAILABLE,MEDIUM
WIN-SEC-B02-2026091916,SEC-B02,2026-09-19 16:00:00,2026-09-19 17:00:00,1,53,UNAVAILABLE,MEDIUM
WIN-SEC-B02-2026091917,SEC-B02,2026-09-19 17:00:00,2026-09-19 18:00:00,0,53,UNAVAILABLE,MEDIUM
WIN-SEC-B02-2026091918,SEC-B02,2026-09-19 18:00:00,2026-09-19 19:00:00,1,72,UNAVAILABLE,MEDIUM
WIN-SEC-B02-2026091919,SEC-B02,2026-09-19 19:00:00,2026-09-19 20:00:00,1,72,UNAVAILABLE,MEDIUM
WIN-SEC-B02-2026091920,SEC-B02,2026-09-19 20:00:00,2026-09-19 21:00:00,0,72,UNAVAILABLE,MEDIUM
WIN-SEC-B02-2026091921,SEC-B02,2026-09-19 21:00:00,2026-09-19 22:00:00,1,60,UNAVAILABLE,MEDIUM
WIN-SEC-B02-2026091922,SEC-B02,2026-09-19 22:00:00,2026-09-19 23:00:00,1,60,UNAVAILABLE,MEDIUM
WIN-SEC-B02-2026091923,SEC-B02,2026-09-19 23:00:00,2026-09-20 00:00:00,0,60,AVAILABLE,LOW
WIN-SEC-C01-2026091900,SEC-C01,2026-09-19 00:00:00,2026-09-19 01:00:00,1,28,UNAVAILABLE,MEDIUM
WIN-SEC-C01-2026091901,SEC-C01,2026-09-19 01:00:00,2026-09-19 02:00:00,0,28,AVAILABLE,LOW
WIN-SEC-C01-2026091902,SEC-C01,2026-09-19 02:00:00,2026-09-19 03:00:00,1,28,UNAVAILABLE,MEDIUM
WIN-SEC-C01-2026091903,SEC-C01,2026-09-19 03:00:00,2026-09-19 04:00:00,1,23,UNAVAILABLE,MEDIUM
WIN-SEC-C01-2026091904,SEC-C01,2026-09-19 04:00:00,2026-09-19 05:00:00,1,23,UNAVAILABLE,MEDIUM
WIN-SEC-C01-2026091905,SEC-C01,2026-09-19 05:00:00,2026-09-19 06:00:00,1,23,UNAVAILABLE,MEDIUM
WIN-SEC-C01-2026091906,SEC-C01,2026-09-19 06:00:00,2026-09-19 07:00:00,0,44,UNAVAILABLE,MEDIUM
WIN-SEC-C01-2026091907,SEC-C01,2026-09-19 07:00:00,2026-09-19 08:00:00,1,44,UNAVAILABLE,MEDIUM
WIN-SEC-C01-2026091908,SEC-C01,2026-09-19 08:00:00,2026-09-19 09:00:00,0,44,UNAVAILABLE,MEDIUM
WIN-SEC-C01-2026091909,SEC-C01,2026-09-19 09:00:00,2026-09-19 10:00:00,1,45,UNAVAILABLE,MEDIUM
WIN-SEC-C01-2026091910,SEC-C01,2026-09-19 10:00:00,2026-09-19 11:00:00,1,45,UNAVAILABLE,MEDIUM
WIN-SEC-C01-2026091911,SEC-C01,2026-09-19 11:00:00,2026-09-19 12:00:00,1,45,UNAVAILABLE,MEDIUM
WIN-SEC-C01-2026091912,SEC-C01,2026-09-19 12:00:00,2026-09-19 13:00:00,1,34,UNAVAILABLE,MEDIUM
WIN-SEC-C01-2026091913,SEC-C01,2026-09-19 13:00:00,2026-09-19 14:00:00,0,34,AVAILABLE,LOW
WIN-SEC-C01-2026091914,SEC-C01,2026-09-19 14:00:00,2026-09-19 15:00:00,1,34,UNAVAILABLE,MEDIUM
WIN-SEC-C01-2026091915,SEC-C01,2026-09-19 15:00:00,2026-09-19 16:00:00,0,31,AVAILABLE,LOW
WIN-SEC-C01-2026091916,SEC-C01,2026-09-19 16:00:00,2026-09-19 17:00:00,1,31,UNAVAILABLE,MEDIUM
WIN-SEC-C01-2026091917,SEC-C01,2026-09-19 17:00:00,2026-09-19 18:00:00,1,31,UNAVAILABLE,MEDIUM
WIN-SEC-C01-2026091918,SEC-C01,2026-09-19 18:00:00,2026-09-19 19:00:00,0,45,UNAVAILABLE,MEDIUM
WIN-SEC-C01-2026091919,SEC-C01,2026-09-19 19:00:00,2026-09-19 20:00:00,1,45,UNAVAILABLE,MEDIUM
WIN-SEC-C01-2026091920,SEC-C01,2026-09-19 20:00:00,2026-09-19 21:00:00,0,45,UNAVAILABLE,MEDIUM
WIN-SEC-C01-2026091921,SEC-C01,2026-09-19 21:00:00,2026-09-19 22:00:00,1,53,UNAVAILABLE,MEDIUM
WIN-SEC-C01-2026091922,SEC-C01,2026-09-19 22:00:00,2026-09-19 23:00:00,1,53,UNAVAILABLE,MEDIUM
WIN-SEC-C01-2026091923,SEC-C01,2026-09-19 23:00:00,2026-09-20 00:00:00,1,53,UNAVAILABLE,MEDIUM
WIN-SEC-A01-2026092000,SEC-A01,2026-09-20 00:00:00,2026-09-20 01:00:00,0,70,UNAVAILABLE,MEDIUM
WIN-SEC-A01-2026092001,SEC-A01,2026-09-20 01:00:00,2026-09-20 02:00:00,1,70,UNAVAILABLE,MEDIUM
WIN-SEC-A01-2026092002,SEC-A01,2026-09-20 02:00:00,2026-09-20 03:00:00,1,70,UNAVAILABLE,MEDIUM
WIN-SEC-A01-2026092003,SEC-A01,2026-09-20 03:00:00,2026-09-20 04:00:00,1,69,UNAVAILABLE,MEDIUM
WIN-SEC-A01-2026092004,SEC-A01,2026-09-20 04:00:00,2026-09-20 05:00:00,2,69,UNAVAILABLE,HIGH
WIN-SEC-A01-2026092005,SEC-A01,2026-09-20 05:00:00,2026-09-20 06:00:00,1,69,UNAVAILABLE,MEDIUM
WIN-SEC-A01-2026092006,SEC-A01,2026-09-20 06:00:00,2026-09-20 07:00:00,1,81,UNAVAILABLE,MEDIUM
WIN-SEC-A01-2026092007,SEC-A01,2026-09-20 07:00:00,2026-09-20 08:00:00,2,81,UNAVAILABLE,HIGH
WIN-SEC-A01-2026092008,SEC-A01,2026-09-20 08:00:00,2026-09-20 09:00:00,1,81,UNAVAILABLE,MEDIUM
WIN-SEC-A01-2026092009,SEC-A01,2026-09-20 09:00:00,2026-09-20 10:00:00,2,79,UNAVAILABLE,HIGH
WIN-SEC-A01-2026092010,SEC-A01,2026-09-20 10:00:00,2026-09-20 11:00:00,2,79,UNAVAILABLE,HIGH
WIN-SEC-A01-2026092011,SEC-A01,2026-09-20 11:00:00,2026-09-20 12:00:00,1,79,UNAVAILABLE,MEDIUM
WIN-SEC-A01-2026092012,SEC-A01,2026-09-20 12:00:00,2026-09-20 13:00:00,2,78,UNAVAILABLE,HIGH
WIN-SEC-A01-2026092013,SEC-A01,2026-09-20 13:00:00,2026-09-20 14:00:00,1,78,UNAVAILABLE,MEDIUM
WIN-SEC-A01-2026092014,SEC-A01,2026-09-20 14:00:00,2026-09-20 15:00:00,1,78,UNAVAILABLE,MEDIUM
WIN-SEC-A01-2026092015,SEC-A01,2026-09-20 15:00:00,2026-09-20 16:00:00,1,77,UNAVAILABLE,MEDIUM
WIN-SEC-A01-2026092016,SEC-A01,2026-09-20 16:00:00,2026-09-20 17:00:00,1,77,UNAVAILABLE,MEDIUM
WIN-SEC-A01-2026092017,SEC-A01,2026-09-20 17:00:00,2026-09-20 18:00:00,1,77,UNAVAILABLE,MEDIUM
WIN-SEC-A01-2026092018,SEC-A01,2026-09-20 18:00:00,2026-09-20 19:00:00,2,93,UNAVAILABLE,HIGH
WIN-SEC-A01-2026092019,SEC-A01,2026-09-20 19:00:00,2026-09-20 20:00:00,2,93,UNAVAILABLE,HIGH
WIN-SEC-A01-2026092020,SEC-A01,2026-09-20 20:00:00,2026-09-20 21:00:00,2,93,UNAVAILABLE,HIGH
WIN-SEC-A01-2026092021,SEC-A01,2026-09-20 21:00:00,2026-09-20 22:00:00,1,80,UNAVAILABLE,MEDIUM
WIN-SEC-A01-2026092022,SEC-A01,2026-09-20 22:00:00,2026-09-20 23:00:00,1,80,UNAVAILABLE,MEDIUM
WIN-SEC-A01-2026092023,SEC-A01,2026-09-20 23:00:00,2026-09-21 00:00:00,2,80,UNAVAILABLE,HIGH
WIN-SEC-A02-2026092000,SEC-A02,2026-09-20 00:00:00,2026-09-20 01:00:00,2,63,UNAVAILABLE,HIGH
WIN-SEC-A02-2026092001,SEC-A02,2026-09-20 01:00:00,2026-09-20 02:00:00,1,63,UNAVAILABLE,MEDIUM
WIN-SEC-A02-2026092002,SEC-A02,2026-09-20 02:00:00,2026-09-20 03:00:00,1,63,UNAVAILABLE,MEDIUM
WIN-SEC-A02-2026092003,SEC-A02,2026-09-20 03:00:00,2026-09-20 04:00:00,1,54,UNAVAILABLE,MEDIUM
WIN-SEC-A02-2026092004,SEC-A02,2026-09-20 04:00:00,2026-09-20 05:00:00,2,54,UNAVAILABLE,HIGH
WIN-SEC-A02-2026092005,SEC-A02,2026-09-20 05:00:00,2026-09-20 06:00:00,1,54,UNAVAILABLE,MEDIUM
WIN-SEC-A02-2026092006,SEC-A02,2026-09-20 06:00:00,2026-09-20 07:00:00,2,82,UNAVAILABLE,HIGH
WIN-SEC-A02-2026092007,SEC-A02,2026-09-20 07:00:00,2026-09-20 08:00:00,1,82,UNAVAILABLE,MEDIUM
WIN-SEC-A02-2026092008,SEC-A02,2026-09-20 08:00:00,2026-09-20 09:00:00,2,82,UNAVAILABLE,HIGH
WIN-SEC-A02-2026092009,SEC-A02,2026-09-20 09:00:00,2026-09-20 10:00:00,0,90,UNAVAILABLE,MEDIUM
WIN-SEC-A02-2026092010,SEC-A02,2026-09-20 10:00:00,2026-09-20 11:00:00,2,90,UNAVAILABLE,HIGH
WIN-SEC-A02-2026092011,SEC-A02,2026-09-20 11:00:00,2026-09-20 12:00:00,2,90,UNAVAILABLE,HIGH
WIN-SEC-A02-2026092012,SEC-A02,2026-09-20 12:00:00,2026-09-20 13:00:00,2,69,UNAVAILABLE,HIGH
WIN-SEC-A02-2026092013,SEC-A02,2026-09-20 13:00:00,2026-09-20 14:00:00,1,69,UNAVAILABLE,MEDIUM
WIN-SEC-A02-2026092014,SEC-A02,2026-09-20 14:00:00,2026-09-20 15:00:00,1,69,UNAVAILABLE,MEDIUM
WIN-SEC-A02-2026092015,SEC-A02,2026-09-20 15:00:00,2026-09-20 16:00:00,1,76,UNAVAILABLE,MEDIUM
WIN-SEC-A02-2026092016,SEC-A02,2026-09-20 16:00:00,2026-09-20 17:00:00,1,76,UNAVAILABLE,MEDIUM
WIN-SEC-A02-2026092017,SEC-A02,2026-09-20 17:00:00,2026-09-20 18:00:00,1,76,UNAVAILABLE,MEDIUM
WIN-SEC-A02-2026092018,SEC-A02,2026-09-20 18:00:00,2026-09-20 19:00:00,2,83,UNAVAILABLE,HIGH
WIN-SEC-A02-2026092019,SEC-A02,2026-09-20 19:00:00,2026-09-20 20:00:00,1,83,UNAVAILABLE,MEDIUM
WIN-SEC-A02-2026092020,SEC-A02,2026-09-20 20:00:00,2026-09-20 21:00:00,2,83,UNAVAILABLE,HIGH
WIN-SEC-A02-2026092021,SEC-A02,2026-09-20 21:00:00,2026-09-20 22:00:00,2,86,UNAVAILABLE,HIGH
WIN-SEC-A02-2026092022,SEC-A02,2026-09-20 22:00:00,2026-09-20 23:00:00,1,86,UNAVAILABLE,MEDIUM
WIN-SEC-A02-2026092023,SEC-A02,2026-09-20 23:00:00,2026-09-21 00:00:00,1,86,UNAVAILABLE,MEDIUM
WIN-SEC-B01-2026092000,SEC-B01,2026-09-20 00:00:00,2026-09-20 01:00:00,2,37,UNAVAILABLE,HIGH
WIN-SEC-B01-2026092001,SEC-B01,2026-09-20 01:00:00,2026-09-20 02:00:00,1,37,UNAVAILABLE,MEDIUM
WIN-SEC-B01-2026092002,SEC-B01,2026-09-20 02:00:00,2026-09-20 03:00:00,2,37,UNAVAILABLE,HIGH
WIN-SEC-B01-2026092003,SEC-B01,2026-09-20 03:00:00,2026-09-20 04:00:00,1,45,UNAVAILABLE,MEDIUM
WIN-SEC-B01-2026092004,SEC-B01,2026-09-20 04:00:00,2026-09-20 05:00:00,1,45,UNAVAILABLE,MEDIUM
WIN-SEC-B01-2026092005,SEC-B01,2026-09-20 05:00:00,2026-09-20 06:00:00,2,45,UNAVAILABLE,HIGH
WIN-SEC-B01-2026092006,SEC-B01,2026-09-20 06:00:00,2026-09-20 07:00:00,1,46,UNAVAILABLE,MEDIUM
WIN-SEC-B01-2026092007,SEC-B01,2026-09-20 07:00:00,2026-09-20 08:00:00,1,46,UNAVAILABLE,MEDIUM
WIN-SEC-B01-2026092008,SEC-B01,2026-09-20 08:00:00,2026-09-20 09:00:00,2,46,UNAVAILABLE,HIGH
WIN-SEC-B01-2026092009,SEC-B01,2026-09-20 09:00:00,2026-09-20 10:00:00,1,63,UNAVAILABLE,MEDIUM
WIN-SEC-B01-2026092010,SEC-B01,2026-09-20 10:00:00,2026-09-20 11:00:00,1,63,UNAVAILABLE,MEDIUM
WIN-SEC-B01-2026092011,SEC-B01,2026-09-20 11:00:00,2026-09-20 12:00:00,1,63,UNAVAILABLE,MEDIUM
WIN-SEC-B01-2026092012,SEC-B01,2026-09-20 12:00:00,2026-09-20 13:00:00,1,42,UNAVAILABLE,MEDIUM
WIN-SEC-B01-2026092013,SEC-B01,2026-09-20 13:00:00,2026-09-20 14:00:00,1,42,UNAVAILABLE,MEDIUM
WIN-SEC-B01-2026092014,SEC-B01,2026-09-20 14:00:00,2026-09-20 15:00:00,1,42,UNAVAILABLE,MEDIUM
WIN-SEC-B01-2026092015,SEC-B01,2026-09-20 15:00:00,2026-09-20 16:00:00,1,59,UNAVAILABLE,MEDIUM
WIN-SEC-B01-2026092016,SEC-B01,2026-09-20 16:00:00,2026-09-20 17:00:00,1,59,UNAVAILABLE,MEDIUM
WIN-SEC-B01-2026092017,SEC-B01,2026-09-20 17:00:00,2026-09-20 18:00:00,1,59,UNAVAILABLE,MEDIUM
WIN-SEC-B01-2026092018,SEC-B01,2026-09-20 18:00:00,2026-09-20 19:00:00,1,69,UNAVAILABLE,MEDIUM
WIN-SEC-B01-2026092019,SEC-B01,2026-09-20 19:00:00,2026-09-20 20:00:00,1,69,UNAVAILABLE,MEDIUM
WIN-SEC-B01-2026092020,SEC-B01,2026-09-20 20:00:00,2026-09-20 21:00:00,1,69,UNAVAILABLE,MEDIUM
WIN-SEC-B01-2026092021,SEC-B01,2026-09-20 21:00:00,2026-09-20 22:00:00,1,67,UNAVAILABLE,MEDIUM
WIN-SEC-B01-2026092022,SEC-B01,2026-09-20 22:00:00,2026-09-20 23:00:00,1,67,UNAVAILABLE,MEDIUM
WIN-SEC-B01-2026092023,SEC-B01,2026-09-20 23:00:00,2026-09-21 00:00:00,1,67,UNAVAILABLE,MEDIUM
WIN-SEC-B02-2026092000,SEC-B02,2026-09-20 00:00:00,2026-09-20 01:00:00,1,53,UNAVAILABLE,MEDIUM
WIN-SEC-B02-2026092001,SEC-B02,2026-09-20 01:00:00,2026-09-20 02:00:00,1,53,UNAVAILABLE,MEDIUM
WIN-SEC-B02-2026092002,SEC-B02,2026-09-20 02:00:00,2026-09-20 03:00:00,1,53,UNAVAILABLE,MEDIUM
WIN-SEC-B02-2026092003,SEC-B02,2026-09-20 03:00:00,2026-09-20 04:00:00,1,38,UNAVAILABLE,MEDIUM
WIN-SEC-B02-2026092004,SEC-B02,2026-09-20 04:00:00,2026-09-20 05:00:00,1,38,UNAVAILABLE,MEDIUM
WIN-SEC-B02-2026092005,SEC-B02,2026-09-20 05:00:00,2026-09-20 06:00:00,1,38,UNAVAILABLE,MEDIUM
WIN-SEC-B02-2026092006,SEC-B02,2026-09-20 06:00:00,2026-09-20 07:00:00,1,74,UNAVAILABLE,MEDIUM
WIN-SEC-B02-2026092007,SEC-B02,2026-09-20 07:00:00,2026-09-20 08:00:00,1,74,UNAVAILABLE,MEDIUM
WIN-SEC-B02-2026092008,SEC-B02,2026-09-20 08:00:00,2026-09-20 09:00:00,1,74,UNAVAILABLE,MEDIUM
WIN-SEC-B02-2026092009,SEC-B02,2026-09-20 09:00:00,2026-09-20 10:00:00,1,70,UNAVAILABLE,MEDIUM
WIN-SEC-B02-2026092010,SEC-B02,2026-09-20 10:00:00,2026-09-20 11:00:00,1,70,UNAVAILABLE,MEDIUM
WIN-SEC-B02-2026092011,SEC-B02,2026-09-20 11:00:00,2026-09-20 12:00:00,2,70,UNAVAILABLE,HIGH
WIN-SEC-B02-2026092012,SEC-B02,2026-09-20 12:00:00,2026-09-20 13:00:00,1,51,UNAVAILABLE,MEDIUM
WIN-SEC-B02-2026092013,SEC-B02,2026-09-20 13:00:00,2026-09-20 14:00:00,1,51,UNAVAILABLE,MEDIUM
WIN-SEC-B02-2026092014,SEC-B02,2026-09-20 14:00:00,2026-09-20 15:00:00,1,51,UNAVAILABLE,MEDIUM
WIN-SEC-B02-2026092015,SEC-B02,2026-09-20 15:00:00,2026-09-20 16:00:00,1,59,UNAVAILABLE,MEDIUM
WIN-SEC-B02-2026092016,SEC-B02,2026-09-20 16:00:00,2026-09-20 17:00:00,1,59,UNAVAILABLE,MEDIUM
WIN-SEC-B02-2026092017,SEC-B02,2026-09-20 17:00:00,2026-09-20 18:00:00,1,59,UNAVAILABLE,MEDIUM
WIN-SEC-B02-2026092018,SEC-B02,2026-09-20 18:00:00,2026-09-20 19:00:00,1,57,UNAVAILABLE,MEDIUM
WIN-SEC-B02-2026092019,SEC-B02,2026-09-20 19:00:00,2026-09-20 20:00:00,1,57,UNAVAILABLE,MEDIUM
WIN-SEC-B02-2026092020,SEC-B02,2026-09-20 20:00:00,2026-09-20 21:00:00,1,57,UNAVAILABLE,MEDIUM
WIN-SEC-B02-2026092021,SEC-B02,2026-09-20 21:00:00,2026-09-20 22:00:00,1,59,UNAVAILABLE,MEDIUM
WIN-SEC-B02-2026092022,SEC-B02,2026-09-20 22:00:00,2026-09-20 23:00:00,1,59,UNAVAILABLE,MEDIUM
WIN-SEC-B02-2026092023,SEC-B02,2026-09-20 23:00:00,2026-09-21 00:00:00,0,59,AVAILABLE,LOW
WIN-SEC-C01-2026092000,SEC-C01,2026-09-20 00:00:00,2026-09-20 01:00:00,2,20,UNAVAILABLE,HIGH
WIN-SEC-C01-2026092001,SEC-C01,2026-09-20 01:00:00,2026-09-20 02:00:00,0,20,AVAILABLE,LOW
WIN-SEC-C01-2026092002,SEC-C01,2026-09-20 02:00:00,2026-09-20 03:00:00,1,20,UNAVAILABLE,MEDIUM
WIN-SEC-C01-2026092003,SEC-C01,2026-09-20 03:00:00,2026-09-20 04:00:00,0,21,AVAILABLE,LOW
WIN-SEC-C01-2026092004,SEC-C01,2026-09-20 04:00:00,2026-09-20 05:00:00,1,21,UNAVAILABLE,MEDIUM
WIN-SEC-C01-2026092005,SEC-C01,2026-09-20 05:00:00,2026-09-20 06:00:00,1,21,UNAVAILABLE,MEDIUM
WIN-SEC-C01-2026092006,SEC-C01,2026-09-20 06:00:00,2026-09-20 07:00:00,0,38,UNAVAILABLE,MEDIUM
WIN-SEC-C01-2026092007,SEC-C01,2026-09-20 07:00:00,2026-09-20 08:00:00,1,38,UNAVAILABLE,MEDIUM
WIN-SEC-C01-2026092008,SEC-C01,2026-09-20 08:00:00,2026-09-20 09:00:00,0,38,UNAVAILABLE,MEDIUM
WIN-SEC-C01-2026092009,SEC-C01,2026-09-20 09:00:00,2026-09-20 10:00:00,1,51,UNAVAILABLE,MEDIUM
WIN-SEC-C01-2026092010,SEC-C01,2026-09-20 10:00:00,2026-09-20 11:00:00,1,51,UNAVAILABLE,MEDIUM
WIN-SEC-C01-2026092011,SEC-C01,2026-09-20 11:00:00,2026-09-20 12:00:00,1,51,UNAVAILABLE,MEDIUM
WIN-SEC-C01-2026092012,SEC-C01,2026-09-20 12:00:00,2026-09-20 13:00:00,1,30,UNAVAILABLE,MEDIUM
WIN-SEC-C01-2026092013,SEC-C01,2026-09-20 13:00:00,2026-09-20 14:00:00,0,30,AVAILABLE,LOW
WIN-SEC-C01-2026092014,SEC-C01,2026-09-20 14:00:00,2026-09-20 15:00:00,1,30,UNAVAILABLE,MEDIUM
WIN-SEC-C01-2026092015,SEC-C01,2026-09-20 15:00:00,2026-09-20 16:00:00,0,34,AVAILABLE,LOW
WIN-SEC-C01-2026092016,SEC-C01,2026-09-20 16:00:00,2026-09-20 17:00:00,1,34,UNAVAILABLE,MEDIUM
WIN-SEC-C01-2026092017,SEC-C01,2026-09-20 17:00:00,2026-09-20 18:00:00,1,34,UNAVAILABLE,MEDIUM
WIN-SEC-C01-2026092018,SEC-C01,2026-09-20 18:00:00,2026-09-20 19:00:00,0,41,UNAVAILABLE,MEDIUM
WIN-SEC-C01-2026092019,SEC-C01,2026-09-20 19:00:00,2026-09-20 20:00:00,1,41,UNAVAILABLE,MEDIUM
WIN-SEC-C01-2026092020,SEC-C01,2026-09-20 20:00:00,2026-09-20 21:00:00,1,41,UNAVAILABLE,MEDIUM
WIN-SEC-C01-2026092021,SEC-C01,2026-09-20 21:00:00,2026-09-20 22:00:00,1,33,UNAVAILABLE,MEDIUM
WIN-SEC-C01-2026092022,SEC-C01,2026-09-20 22:00:00,2026-09-20 23:00:00,1,33,UNAVAILABLE,MEDIUM
WIN-SEC-C01-2026092023,SEC-C01,2026-09-20 23:00:00,2026-09-21 00:00:00,0,33,AVAILABLE,LOW
WIN-SEC-A01-2026092100,SEC-A01,2026-09-21 00:00:00,2026-09-21 01:00:00,3,66,UNAVAILABLE,HIGH
WIN-SEC-A01-2026092101,SEC-A01,2026-09-21 01:00:00,2026-09-21 02:00:00,2,66,UNAVAILABLE,HIGH
WIN-SEC-A01-2026092102,SEC-A01,2026-09-21 02:00:00,2026-09-21 03:00:00,1,66,UNAVAILABLE,MEDIUM
WIN-SEC-A01-2026092103,SEC-A01,2026-09-21 03:00:00,2026-09-21 04:00:00,1,53,UNAVAILABLE,MEDIUM
WIN-SEC-A01-2026092104,SEC-A01,2026-09-21 04:00:00,2026-09-21 05:00:00,2,53,UNAVAILABLE,HIGH
WIN-SEC-A01-2026092105,SEC-A01,2026-09-21 05:00:00,2026-09-21 06:00:00,1,53,UNAVAILABLE,MEDIUM
WIN-SEC-A01-2026092106,SEC-A01,2026-09-21 06:00:00,2026-09-21 07:00:00,2,84,UNAVAILABLE,HIGH
WIN-SEC-A01-2026092107,SEC-A01,2026-09-21 07:00:00,2026-09-21 08:00:00,2,84,UNAVAILABLE,HIGH
WIN-SEC-A01-2026092108,SEC-A01,2026-09-21 08:00:00,2026-09-21 09:00:00,2,84,UNAVAILABLE,HIGH
WIN-SEC-A01-2026092109,SEC-A01,2026-09-21 09:00:00,2026-09-21 10:00:00,2,76,UNAVAILABLE,HIGH
WIN-SEC-A01-2026092110,SEC-A01,2026-09-21 10:00:00,2026-09-21 11:00:00,1,76,UNAVAILABLE,MEDIUM
WIN-SEC-A01-2026092111,SEC-A01,2026-09-21 11:00:00,2026-09-21 12:00:00,2,76,UNAVAILABLE,HIGH
WIN-SEC-A01-2026092112,SEC-A01,2026-09-21 12:00:00,2026-09-21 13:00:00,1,84,UNAVAILABLE,MEDIUM
WIN-SEC-A01-2026092113,SEC-A01,2026-09-21 13:00:00,2026-09-21 14:00:00,1,84,UNAVAILABLE,MEDIUM
WIN-SEC-A01-2026092114,SEC-A01,2026-09-21 14:00:00,2026-09-21 15:00:00,1,84,UNAVAILABLE,MEDIUM
WIN-SEC-A01-2026092115,SEC-A01,2026-09-21 15:00:00,2026-09-21 16:00:00,1,77,UNAVAILABLE,MEDIUM
WIN-SEC-A01-2026092116,SEC-A01,2026-09-21 16:00:00,2026-09-21 17:00:00,1,77,UNAVAILABLE,MEDIUM
WIN-SEC-A01-2026092117,SEC-A01,2026-09-21 17:00:00,2026-09-21 18:00:00,2,77,UNAVAILABLE,HIGH
WIN-SEC-A01-2026092118,SEC-A01,2026-09-21 18:00:00,2026-09-21 19:00:00,1,85,UNAVAILABLE,MEDIUM
WIN-SEC-A01-2026092119,SEC-A01,2026-09-21 19:00:00,2026-09-21 20:00:00,2,85,UNAVAILABLE,HIGH
WIN-SEC-A01-2026092120,SEC-A01,2026-09-21 20:00:00,2026-09-21 21:00:00,2,85,UNAVAILABLE,HIGH
WIN-SEC-A01-2026092121,SEC-A01,2026-09-21 21:00:00,2026-09-21 22:00:00,2,92,UNAVAILABLE,HIGH
WIN-SEC-A01-2026092122,SEC-A01,2026-09-21 22:00:00,2026-09-21 23:00:00,1,92,UNAVAILABLE,MEDIUM
WIN-SEC-A01-2026092123,SEC-A01,2026-09-21 23:00:00,2026-09-22 00:00:00,1,92,UNAVAILABLE,MEDIUM
WIN-SEC-A02-2026092100,SEC-A02,2026-09-21 00:00:00,2026-09-21 01:00:00,1,59,UNAVAILABLE,MEDIUM
WIN-SEC-A02-2026092101,SEC-A02,2026-09-21 01:00:00,2026-09-21 02:00:00,1,59,UNAVAILABLE,MEDIUM
WIN-SEC-A02-2026092102,SEC-A02,2026-09-21 02:00:00,2026-09-21 03:00:00,1,59,UNAVAILABLE,MEDIUM
WIN-SEC-A02-2026092103,SEC-A02,2026-09-21 03:00:00,2026-09-21 04:00:00,1,67,UNAVAILABLE,MEDIUM
WIN-SEC-A02-2026092104,SEC-A02,2026-09-21 04:00:00,2026-09-21 05:00:00,1,67,UNAVAILABLE,MEDIUM
WIN-SEC-A02-2026092105,SEC-A02,2026-09-21 05:00:00,2026-09-21 06:00:00,1,67,UNAVAILABLE,MEDIUM
WIN-SEC-A02-2026092106,SEC-A02,2026-09-21 06:00:00,2026-09-21 07:00:00,1,85,UNAVAILABLE,MEDIUM
WIN-SEC-A02-2026092107,SEC-A02,2026-09-21 07:00:00,2026-09-21 08:00:00,2,85,UNAVAILABLE,HIGH
WIN-SEC-A02-2026092108,SEC-A02,2026-09-21 08:00:00,2026-09-21 09:00:00,2,85,UNAVAILABLE,HIGH
WIN-SEC-A02-2026092109,SEC-A02,2026-09-21 09:00:00,2026-09-21 10:00:00,2,86,UNAVAILABLE,HIGH
WIN-SEC-A02-2026092110,SEC-A02,2026-09-21 10:00:00,2026-09-21 11:00:00,2,86,UNAVAILABLE,HIGH
WIN-SEC-A02-2026092111,SEC-A02,2026-09-21 11:00:00,2026-09-21 12:00:00,2,86,UNAVAILABLE,HIGH
WIN-SEC-A02-2026092112,SEC-A02,2026-09-21 12:00:00,2026-09-21 13:00:00,2,80,UNAVAILABLE,HIGH
WIN-SEC-A02-2026092113,SEC-A02,2026-09-21 13:00:00,2026-09-21 14:00:00,1,80,UNAVAILABLE,MEDIUM
WIN-SEC-A02-2026092114,SEC-A02,2026-09-21 14:00:00,2026-09-21 15:00:00,1,80,UNAVAILABLE,MEDIUM
WIN-SEC-A02-2026092115,SEC-A02,2026-09-21 15:00:00,2026-09-21 16:00:00,1,76,UNAVAILABLE,MEDIUM
WIN-SEC-A02-2026092116,SEC-A02,2026-09-21 16:00:00,2026-09-21 17:00:00,1,76,UNAVAILABLE,MEDIUM
WIN-SEC-A02-2026092117,SEC-A02,2026-09-21 17:00:00,2026-09-21 18:00:00,1,76,UNAVAILABLE,MEDIUM
WIN-SEC-A02-2026092118,SEC-A02,2026-09-21 18:00:00,2026-09-21 19:00:00,1,86,UNAVAILABLE,MEDIUM
WIN-SEC-A02-2026092119,SEC-A02,2026-09-21 19:00:00,2026-09-21 20:00:00,2,86,UNAVAILABLE,HIGH
WIN-SEC-A02-2026092120,SEC-A02,2026-09-21 20:00:00,2026-09-21 21:00:00,1,86,UNAVAILABLE,MEDIUM
WIN-SEC-A02-2026092121,SEC-A02,2026-09-21 21:00:00,2026-09-21 22:00:00,2,74,UNAVAILABLE,HIGH
WIN-SEC-A02-2026092122,SEC-A02,2026-09-21 22:00:00,2026-09-21 23:00:00,2,74,UNAVAILABLE,HIGH
WIN-SEC-A02-2026092123,SEC-A02,2026-09-21 23:00:00,2026-09-22 00:00:00,1,74,UNAVAILABLE,MEDIUM
WIN-SEC-B01-2026092100,SEC-B01,2026-09-21 00:00:00,2026-09-21 01:00:00,1,38,UNAVAILABLE,MEDIUM
WIN-SEC-B01-2026092101,SEC-B01,2026-09-21 01:00:00,2026-09-21 02:00:00,1,38,UNAVAILABLE,MEDIUM
WIN-SEC-B01-2026092102,SEC-B01,2026-09-21 02:00:00,2026-09-21 03:00:00,1,38,UNAVAILABLE,MEDIUM
WIN-SEC-B01-2026092103,SEC-B01,2026-09-21 03:00:00,2026-09-21 04:00:00,1,43,UNAVAILABLE,MEDIUM
WIN-SEC-B01-2026092104,SEC-B01,2026-09-21 04:00:00,2026-09-21 05:00:00,1,43,UNAVAILABLE,MEDIUM
WIN-SEC-B01-2026092105,SEC-B01,2026-09-21 05:00:00,2026-09-21 06:00:00,2,43,UNAVAILABLE,HIGH
WIN-SEC-B01-2026092106,SEC-B01,2026-09-21 06:00:00,2026-09-21 07:00:00,1,65,UNAVAILABLE,MEDIUM
WIN-SEC-B01-2026092107,SEC-B01,2026-09-21 07:00:00,2026-09-21 08:00:00,1,65,UNAVAILABLE,MEDIUM
WIN-SEC-B01-2026092108,SEC-B01,2026-09-21 08:00:00,2026-09-21 09:00:00,1,65,UNAVAILABLE,MEDIUM
WIN-SEC-B01-2026092109,SEC-B01,2026-09-21 09:00:00,2026-09-21 10:00:00,1,57,UNAVAILABLE,MEDIUM
WIN-SEC-B01-2026092110,SEC-B01,2026-09-21 10:00:00,2026-09-21 11:00:00,1,57,UNAVAILABLE,MEDIUM
WIN-SEC-B01-2026092111,SEC-B01,2026-09-21 11:00:00,2026-09-21 12:00:00,1,57,UNAVAILABLE,MEDIUM
WIN-SEC-B01-2026092112,SEC-B01,2026-09-21 12:00:00,2026-09-21 13:00:00,1,66,UNAVAILABLE,MEDIUM
WIN-SEC-B01-2026092113,SEC-B01,2026-09-21 13:00:00,2026-09-21 14:00:00,1,66,UNAVAILABLE,MEDIUM
WIN-SEC-B01-2026092114,SEC-B01,2026-09-21 14:00:00,2026-09-21 15:00:00,1,66,UNAVAILABLE,MEDIUM
WIN-SEC-B01-2026092115,SEC-B01,2026-09-21 15:00:00,2026-09-21 16:00:00,1,61,UNAVAILABLE,MEDIUM
WIN-SEC-B01-2026092116,SEC-B01,2026-09-21 16:00:00,2026-09-21 17:00:00,1,61,UNAVAILABLE,MEDIUM
WIN-SEC-B01-2026092117,SEC-B01,2026-09-21 17:00:00,2026-09-21 18:00:00,2,61,UNAVAILABLE,HIGH
WIN-SEC-B01-2026092118,SEC-B01,2026-09-21 18:00:00,2026-09-21 19:00:00,1,68,UNAVAILABLE,MEDIUM
WIN-SEC-B01-2026092119,SEC-B01,2026-09-21 19:00:00,2026-09-21 20:00:00,1,68,UNAVAILABLE,MEDIUM
WIN-SEC-B01-2026092120,SEC-B01,2026-09-21 20:00:00,2026-09-21 21:00:00,1,68,UNAVAILABLE,MEDIUM
WIN-SEC-B01-2026092121,SEC-B01,2026-09-21 21:00:00,2026-09-21 22:00:00,1,64,UNAVAILABLE,MEDIUM
WIN-SEC-B01-2026092122,SEC-B01,2026-09-21 22:00:00,2026-09-21 23:00:00,1,64,UNAVAILABLE,MEDIUM
WIN-SEC-B01-2026092123,SEC-B01,2026-09-21 23:00:00,2026-09-22 00:00:00,1,64,UNAVAILABLE,MEDIUM
WIN-SEC-B02-2026092100,SEC-B02,2026-09-21 00:00:00,2026-09-21 01:00:00,1,43,UNAVAILABLE,MEDIUM
WIN-SEC-B02-2026092101,SEC-B02,2026-09-21 01:00:00,2026-09-21 02:00:00,1,43,UNAVAILABLE,MEDIUM
WIN-SEC-B02-2026092102,SEC-B02,2026-09-21 02:00:00,2026-09-21 03:00:00,2,43,UNAVAILABLE,HIGH
WIN-SEC-B02-2026092103,SEC-B02,2026-09-21 03:00:00,2026-09-21 04:00:00,1,38,UNAVAILABLE,MEDIUM
WIN-SEC-B02-2026092104,SEC-B02,2026-09-21 04:00:00,2026-09-21 05:00:00,1,38,UNAVAILABLE,MEDIUM
WIN-SEC-B02-2026092105,SEC-B02,2026-09-21 05:00:00,2026-09-21 06:00:00,2,38,UNAVAILABLE,HIGH
WIN-SEC-B02-2026092106,SEC-B02,2026-09-21 06:00:00,2026-09-21 07:00:00,1,64,UNAVAILABLE,MEDIUM
WIN-SEC-B02-2026092107,SEC-B02,2026-09-21 07:00:00,2026-09-21 08:00:00,1,64,UNAVAILABLE,MEDIUM
WIN-SEC-B02-2026092108,SEC-B02,2026-09-21 08:00:00,2026-09-21 09:00:00,2,64,UNAVAILABLE,HIGH
WIN-SEC-B02-2026092109,SEC-B02,2026-09-21 09:00:00,2026-09-21 10:00:00,1,66,UNAVAILABLE,MEDIUM
WIN-SEC-B02-2026092110,SEC-B02,2026-09-21 10:00:00,2026-09-21 11:00:00,1,66,UNAVAILABLE,MEDIUM
WIN-SEC-B02-2026092111,SEC-B02,2026-09-21 11:00:00,2026-09-21 12:00:00,1,66,UNAVAILABLE,MEDIUM
WIN-SEC-B02-2026092112,SEC-B02,2026-09-21 12:00:00,2026-09-21 13:00:00,1,45,UNAVAILABLE,MEDIUM
WIN-SEC-B02-2026092113,SEC-B02,2026-09-21 13:00:00,2026-09-21 14:00:00,1,45,UNAVAILABLE,MEDIUM
WIN-SEC-B02-2026092114,SEC-B02,2026-09-21 14:00:00,2026-09-21 15:00:00,1,45,UNAVAILABLE,MEDIUM
WIN-SEC-B02-2026092115,SEC-B02,2026-09-21 15:00:00,2026-09-21 16:00:00,1,54,UNAVAILABLE,MEDIUM
WIN-SEC-B02-2026092116,SEC-B02,2026-09-21 16:00:00,2026-09-21 17:00:00,1,54,UNAVAILABLE,MEDIUM
WIN-SEC-B02-2026092117,SEC-B02,2026-09-21 17:00:00,2026-09-21 18:00:00,2,54,UNAVAILABLE,HIGH
WIN-SEC-B02-2026092118,SEC-B02,2026-09-21 18:00:00,2026-09-21 19:00:00,1,63,UNAVAILABLE,MEDIUM
WIN-SEC-B02-2026092119,SEC-B02,2026-09-21 19:00:00,2026-09-21 20:00:00,1,63,UNAVAILABLE,MEDIUM
WIN-SEC-B02-2026092120,SEC-B02,2026-09-21 20:00:00,2026-09-21 21:00:00,1,63,UNAVAILABLE,MEDIUM
WIN-SEC-B02-2026092121,SEC-B02,2026-09-21 21:00:00,2026-09-21 22:00:00,1,53,UNAVAILABLE,MEDIUM
WIN-SEC-B02-2026092122,SEC-B02,2026-09-21 22:00:00,2026-09-21 23:00:00,1,53,UNAVAILABLE,MEDIUM
WIN-SEC-B02-2026092123,SEC-B02,2026-09-21 23:00:00,2026-09-22 00:00:00,1,53,UNAVAILABLE,MEDIUM
WIN-SEC-C01-2026092100,SEC-C01,2026-09-21 00:00:00,2026-09-21 01:00:00,0,19,AVAILABLE,LOW
WIN-SEC-C01-2026092101,SEC-C01,2026-09-21 01:00:00,2026-09-21 02:00:00,0,19,AVAILABLE,LOW
WIN-SEC-C01-2026092102,SEC-C01,2026-09-21 02:00:00,2026-09-21 03:00:00,1,19,UNAVAILABLE,MEDIUM
WIN-SEC-C01-2026092103,SEC-C01,2026-09-21 03:00:00,2026-09-21 04:00:00,0,22,AVAILABLE,LOW
WIN-SEC-C01-2026092104,SEC-C01,2026-09-21 04:00:00,2026-09-21 05:00:00,1,22,UNAVAILABLE,MEDIUM
WIN-SEC-C01-2026092105,SEC-C01,2026-09-21 05:00:00,2026-09-21 06:00:00,1,22,UNAVAILABLE,MEDIUM
WIN-SEC-C01-2026092106,SEC-C01,2026-09-21 06:00:00,2026-09-21 07:00:00,0,55,UNAVAILABLE,MEDIUM
WIN-SEC-C01-2026092107,SEC-C01,2026-09-21 07:00:00,2026-09-21 08:00:00,1,55,UNAVAILABLE,MEDIUM
WIN-SEC-C01-2026092108,SEC-C01,2026-09-21 08:00:00,2026-09-21 09:00:00,0,55,UNAVAILABLE,MEDIUM
WIN-SEC-C01-2026092109,SEC-C01,2026-09-21 09:00:00,2026-09-21 10:00:00,1,47,UNAVAILABLE,MEDIUM
WIN-SEC-C01-2026092110,SEC-C01,2026-09-21 10:00:00,2026-09-21 11:00:00,0,47,AVAILABLE,LOW
WIN-SEC-C01-2026092111,SEC-C01,2026-09-21 11:00:00,2026-09-21 12:00:00,1,47,UNAVAILABLE,MEDIUM
WIN-SEC-C01-2026092112,SEC-C01,2026-09-21 12:00:00,2026-09-21 13:00:00,1,24,UNAVAILABLE,MEDIUM
WIN-SEC-C01-2026092113,SEC-C01,2026-09-21 13:00:00,2026-09-21 14:00:00,0,24,AVAILABLE,LOW
WIN-SEC-C01-2026092114,SEC-C01,2026-09-21 14:00:00,2026-09-21 15:00:00,1,24,UNAVAILABLE,MEDIUM
WIN-SEC-C01-2026092115,SEC-C01,2026-09-21 15:00:00,2026-09-21 16:00:00,1,35,UNAVAILABLE,MEDIUM
WIN-SEC-C01-2026092116,SEC-C01,2026-09-21 16:00:00,2026-09-21 17:00:00,1,35,UNAVAILABLE,MEDIUM
WIN-SEC-C01-2026092117,SEC-C01,2026-09-21 17:00:00,2026-09-21 18:00:00,1,35,UNAVAILABLE,MEDIUM
WIN-SEC-C01-2026092118,SEC-C01,2026-09-21 18:00:00,2026-09-21 19:00:00,0,35,UNAVAILABLE,MEDIUM
WIN-SEC-C01-2026092119,SEC-C01,2026-09-21 19:00:00,2026-09-21 20:00:00,1,35,UNAVAILABLE,MEDIUM
WIN-SEC-C01-2026092120,SEC-C01,2026-09-21 20:00:00,2026-09-21 21:00:00,1,35,UNAVAILABLE,MEDIUM
WIN-SEC-C01-2026092121,SEC-C01,2026-09-21 21:00:00,2026-09-21 22:00:00,1,50,UNAVAILABLE,MEDIUM
WIN-SEC-C01-2026092122,SEC-C01,2026-09-21 22:00:00,2026-09-21 23:00:00,0,50,AVAILABLE,LOW
WIN-SEC-C01-2026092123,SEC-C01,2026-09-21 23:00:00,2026-09-22 00:00:00,1,50,UNAVAILABLE,MEDIUM
WIN-SEC-A01-2026092200,SEC-A01,2026-09-22 00:00:00,2026-09-22 01:00:00,1,61,UNAVAILABLE,MEDIUM
WIN-SEC-A01-2026092201,SEC-A01,2026-09-22 01:00:00,2026-09-22 02:00:00,2,61,UNAVAILABLE,HIGH
WIN-SEC-A01-2026092202,SEC-A01,2026-09-22 02:00:00,2026-09-22 03:00:00,1,61,UNAVAILABLE,MEDIUM
WIN-SEC-A01-2026092203,SEC-A01,2026-09-22 03:00:00,2026-09-22 04:00:00,1,63,UNAVAILABLE,MEDIUM
WIN-SEC-A01-2026092204,SEC-A01,2026-09-22 04:00:00,2026-09-22 05:00:00,1,63,UNAVAILABLE,MEDIUM
WIN-SEC-A01-2026092205,SEC-A01,2026-09-22 05:00:00,2026-09-22 06:00:00,1,63,UNAVAILABLE,MEDIUM
WIN-SEC-A01-2026092206,SEC-A01,2026-09-22 06:00:00,2026-09-22 07:00:00,2,92,UNAVAILABLE,HIGH
WIN-SEC-A01-2026092207,SEC-A01,2026-09-22 07:00:00,2026-09-22 08:00:00,2,92,UNAVAILABLE,HIGH
WIN-SEC-A01-2026092208,SEC-A01,2026-09-22 08:00:00,2026-09-22 09:00:00,2,92,UNAVAILABLE,HIGH
WIN-SEC-A01-2026092209,SEC-A01,2026-09-22 09:00:00,2026-09-22 10:00:00,1,76,UNAVAILABLE,MEDIUM
WIN-SEC-A01-2026092210,SEC-A01,2026-09-22 10:00:00,2026-09-22 11:00:00,2,76,UNAVAILABLE,HIGH
WIN-SEC-A01-2026092211,SEC-A01,2026-09-22 11:00:00,2026-09-22 12:00:00,2,76,UNAVAILABLE,HIGH
WIN-SEC-A01-2026092212,SEC-A01,2026-09-22 12:00:00,2026-09-22 13:00:00,2,64,UNAVAILABLE,HIGH
WIN-SEC-A01-2026092213,SEC-A01,2026-09-22 13:00:00,2026-09-22 14:00:00,1,64,UNAVAILABLE,MEDIUM
WIN-SEC-A01-2026092214,SEC-A01,2026-09-22 14:00:00,2026-09-22 15:00:00,1,64,UNAVAILABLE,MEDIUM
WIN-SEC-A01-2026092215,SEC-A01,2026-09-22 15:00:00,2026-09-22 16:00:00,1,68,UNAVAILABLE,MEDIUM
WIN-SEC-A01-2026092216,SEC-A01,2026-09-22 16:00:00,2026-09-22 17:00:00,2,68,UNAVAILABLE,HIGH
WIN-SEC-A01-2026092217,SEC-A01,2026-09-22 17:00:00,2026-09-22 18:00:00,1,68,UNAVAILABLE,MEDIUM
WIN-SEC-A01-2026092218,SEC-A01,2026-09-22 18:00:00,2026-09-22 19:00:00,1,90,UNAVAILABLE,MEDIUM
WIN-SEC-A01-2026092219,SEC-A01,2026-09-22 19:00:00,2026-09-22 20:00:00,1,90,UNAVAILABLE,MEDIUM
WIN-SEC-A01-2026092220,SEC-A01,2026-09-22 20:00:00,2026-09-22 21:00:00,2,90,UNAVAILABLE,HIGH
WIN-SEC-A01-2026092221,SEC-A01,2026-09-22 21:00:00,2026-09-22 22:00:00,2,75,UNAVAILABLE,HIGH
WIN-SEC-A01-2026092222,SEC-A01,2026-09-22 22:00:00,2026-09-22 23:00:00,2,75,UNAVAILABLE,HIGH
WIN-SEC-A01-2026092223,SEC-A01,2026-09-22 23:00:00,2026-09-23 00:00:00,1,75,UNAVAILABLE,MEDIUM
WIN-SEC-A02-2026092200,SEC-A02,2026-09-22 00:00:00,2026-09-22 01:00:00,1,47,UNAVAILABLE,MEDIUM
WIN-SEC-A02-2026092201,SEC-A02,2026-09-22 01:00:00,2026-09-22 02:00:00,2,47,UNAVAILABLE,HIGH
WIN-SEC-A02-2026092202,SEC-A02,2026-09-22 02:00:00,2026-09-22 03:00:00,1,47,UNAVAILABLE,MEDIUM
WIN-SEC-A02-2026092203,SEC-A02,2026-09-22 03:00:00,2026-09-22 04:00:00,1,61,UNAVAILABLE,MEDIUM
WIN-SEC-A02-2026092204,SEC-A02,2026-09-22 04:00:00,2026-09-22 05:00:00,2,61,UNAVAILABLE,HIGH
WIN-SEC-A02-2026092205,SEC-A02,2026-09-22 05:00:00,2026-09-22 06:00:00,1,61,UNAVAILABLE,MEDIUM
WIN-SEC-A02-2026092206,SEC-A02,2026-09-22 06:00:00,2026-09-22 07:00:00,1,87,UNAVAILABLE,MEDIUM
WIN-SEC-A02-2026092207,SEC-A02,2026-09-22 07:00:00,2026-09-22 08:00:00,2,87,UNAVAILABLE,HIGH
WIN-SEC-A02-2026092208,SEC-A02,2026-09-22 08:00:00,2026-09-22 09:00:00,2,87,UNAVAILABLE,HIGH
WIN-SEC-A02-2026092209,SEC-A02,2026-09-22 09:00:00,2026-09-22 10:00:00,2,91,UNAVAILABLE,HIGH
WIN-SEC-A02-2026092210,SEC-A02,2026-09-22 10:00:00,2026-09-22 11:00:00,2,91,UNAVAILABLE,HIGH
WIN-SEC-A02-2026092211,SEC-A02,2026-09-22 11:00:00,2026-09-22 12:00:00,2,91,UNAVAILABLE,HIGH
WIN-SEC-A02-2026092212,SEC-A02,2026-09-22 12:00:00,2026-09-22 13:00:00,1,69,UNAVAILABLE,MEDIUM
WIN-SEC-A02-2026092213,SEC-A02,2026-09-22 13:00:00,2026-09-22 14:00:00,1,69,UNAVAILABLE,MEDIUM
WIN-SEC-A02-2026092214,SEC-A02,2026-09-22 14:00:00,2026-09-22 15:00:00,1,69,UNAVAILABLE,MEDIUM
WIN-SEC-A02-2026092215,SEC-A02,2026-09-22 15:00:00,2026-09-22 16:00:00,1,70,UNAVAILABLE,MEDIUM
WIN-SEC-A02-2026092216,SEC-A02,2026-09-22 16:00:00,2026-09-22 17:00:00,2,70,UNAVAILABLE,HIGH
WIN-SEC-A02-2026092217,SEC-A02,2026-09-22 17:00:00,2026-09-22 18:00:00,1,70,UNAVAILABLE,MEDIUM
WIN-SEC-A02-2026092218,SEC-A02,2026-09-22 18:00:00,2026-09-22 19:00:00,2,91,UNAVAILABLE,HIGH
WIN-SEC-A02-2026092219,SEC-A02,2026-09-22 19:00:00,2026-09-22 20:00:00,1,91,UNAVAILABLE,MEDIUM
WIN-SEC-A02-2026092220,SEC-A02,2026-09-22 20:00:00,2026-09-22 21:00:00,2,91,UNAVAILABLE,HIGH
WIN-SEC-A02-2026092221,SEC-A02,2026-09-22 21:00:00,2026-09-22 22:00:00,2,73,UNAVAILABLE,HIGH
WIN-SEC-A02-2026092222,SEC-A02,2026-09-22 22:00:00,2026-09-22 23:00:00,1,73,UNAVAILABLE,MEDIUM
WIN-SEC-A02-2026092223,SEC-A02,2026-09-22 23:00:00,2026-09-23 00:00:00,1,73,UNAVAILABLE,MEDIUM
WIN-SEC-B01-2026092200,SEC-B01,2026-09-22 00:00:00,2026-09-22 01:00:00,0,42,AVAILABLE,LOW
WIN-SEC-B01-2026092201,SEC-B01,2026-09-22 01:00:00,2026-09-22 02:00:00,1,42,UNAVAILABLE,MEDIUM
WIN-SEC-B01-2026092202,SEC-B01,2026-09-22 02:00:00,2026-09-22 03:00:00,1,42,UNAVAILABLE,MEDIUM
WIN-SEC-B01-2026092203,SEC-B01,2026-09-22 03:00:00,2026-09-22 04:00:00,1,45,UNAVAILABLE,MEDIUM
WIN-SEC-B01-2026092204,SEC-B01,2026-09-22 04:00:00,2026-09-22 05:00:00,1,45,UNAVAILABLE,MEDIUM
WIN-SEC-B01-2026092205,SEC-B01,2026-09-22 05:00:00,2026-09-22 06:00:00,2,45,UNAVAILABLE,HIGH
WIN-SEC-B01-2026092206,SEC-B01,2026-09-22 06:00:00,2026-09-22 07:00:00,1,67,UNAVAILABLE,MEDIUM
WIN-SEC-B01-2026092207,SEC-B01,2026-09-22 07:00:00,2026-09-22 08:00:00,1,67,UNAVAILABLE,MEDIUM
WIN-SEC-B01-2026092208,SEC-B01,2026-09-22 08:00:00,2026-09-22 09:00:00,1,67,UNAVAILABLE,MEDIUM
WIN-SEC-B01-2026092209,SEC-B01,2026-09-22 09:00:00,2026-09-22 10:00:00,1,61,UNAVAILABLE,MEDIUM
WIN-SEC-B01-2026092210,SEC-B01,2026-09-22 10:00:00,2026-09-22 11:00:00,1,61,UNAVAILABLE,MEDIUM
WIN-SEC-B01-2026092211,SEC-B01,2026-09-22 11:00:00,2026-09-22 12:00:00,1,61,UNAVAILABLE,MEDIUM
WIN-SEC-B01-2026092212,SEC-B01,2026-09-22 12:00:00,2026-09-22 13:00:00,1,52,UNAVAILABLE,MEDIUM
WIN-SEC-B01-2026092213,SEC-B01,2026-09-22 13:00:00,2026-09-22 14:00:00,1,52,UNAVAILABLE,MEDIUM
WIN-SEC-B01-2026092214,SEC-B01,2026-09-22 14:00:00,2026-09-22 15:00:00,1,52,UNAVAILABLE,MEDIUM
WIN-SEC-B01-2026092215,SEC-B01,2026-09-22 15:00:00,2026-09-22 16:00:00,1,37,UNAVAILABLE,MEDIUM
WIN-SEC-B01-2026092216,SEC-B01,2026-09-22 16:00:00,2026-09-22 17:00:00,1,37,UNAVAILABLE,MEDIUM
WIN-SEC-B01-2026092217,SEC-B01,2026-09-22 17:00:00,2026-09-22 18:00:00,1,37,UNAVAILABLE,MEDIUM
WIN-SEC-B01-2026092218,SEC-B01,2026-09-22 18:00:00,2026-09-22 19:00:00,1,60,UNAVAILABLE,MEDIUM
WIN-SEC-B01-2026092219,SEC-B01,2026-09-22 19:00:00,2026-09-22 20:00:00,1,60,UNAVAILABLE,MEDIUM
WIN-SEC-B01-2026092220,SEC-B01,2026-09-22 20:00:00,2026-09-22 21:00:00,0,60,UNAVAILABLE,MEDIUM
WIN-SEC-B01-2026092221,SEC-B01,2026-09-22 21:00:00,2026-09-22 22:00:00,1,67,UNAVAILABLE,MEDIUM
WIN-SEC-B01-2026092222,SEC-B01,2026-09-22 22:00:00,2026-09-22 23:00:00,1,67,UNAVAILABLE,MEDIUM
WIN-SEC-B01-2026092223,SEC-B01,2026-09-22 23:00:00,2026-09-23 00:00:00,1,67,UNAVAILABLE,MEDIUM
WIN-SEC-B02-2026092200,SEC-B02,2026-09-22 00:00:00,2026-09-22 01:00:00,1,38,UNAVAILABLE,MEDIUM
WIN-SEC-B02-2026092201,SEC-B02,2026-09-22 01:00:00,2026-09-22 02:00:00,1,38,UNAVAILABLE,MEDIUM
WIN-SEC-B02-2026092202,SEC-B02,2026-09-22 02:00:00,2026-09-22 03:00:00,1,38,UNAVAILABLE,MEDIUM
WIN-SEC-B02-2026092203,SEC-B02,2026-09-22 03:00:00,2026-09-22 04:00:00,1,44,UNAVAILABLE,MEDIUM
WIN-SEC-B02-2026092204,SEC-B02,2026-09-22 04:00:00,2026-09-22 05:00:00,1,44,UNAVAILABLE,MEDIUM
WIN-SEC-B02-2026092205,SEC-B02,2026-09-22 05:00:00,2026-09-22 06:00:00,1,44,UNAVAILABLE,MEDIUM
WIN-SEC-B02-2026092206,SEC-B02,2026-09-22 06:00:00,2026-09-22 07:00:00,1,67,UNAVAILABLE,MEDIUM
WIN-SEC-B02-2026092207,SEC-B02,2026-09-22 07:00:00,2026-09-22 08:00:00,1,67,UNAVAILABLE,MEDIUM
WIN-SEC-B02-2026092208,SEC-B02,2026-09-22 08:00:00,2026-09-22 09:00:00,2,67,UNAVAILABLE,HIGH
WIN-SEC-B02-2026092209,SEC-B02,2026-09-22 09:00:00,2026-09-22 10:00:00,1,62,UNAVAILABLE,MEDIUM
WIN-SEC-B02-2026092210,SEC-B02,2026-09-22 10:00:00,2026-09-22 11:00:00,1,62,UNAVAILABLE,MEDIUM
WIN-SEC-B02-2026092211,SEC-B02,2026-09-22 11:00:00,2026-09-22 12:00:00,1,62,UNAVAILABLE,MEDIUM
WIN-SEC-B02-2026092212,SEC-B02,2026-09-22 12:00:00,2026-09-22 13:00:00,1,53,UNAVAILABLE,MEDIUM
WIN-SEC-B02-2026092213,SEC-B02,2026-09-22 13:00:00,2026-09-22 14:00:00,1,53,UNAVAILABLE,MEDIUM
WIN-SEC-B02-2026092214,SEC-B02,2026-09-22 14:00:00,2026-09-22 15:00:00,0,53,AVAILABLE,LOW
WIN-SEC-B02-2026092215,SEC-B02,2026-09-22 15:00:00,2026-09-22 16:00:00,1,46,UNAVAILABLE,MEDIUM
WIN-SEC-B02-2026092216,SEC-B02,2026-09-22 16:00:00,2026-09-22 17:00:00,1,46,UNAVAILABLE,MEDIUM
WIN-SEC-B02-2026092217,SEC-B02,2026-09-22 17:00:00,2026-09-22 18:00:00,1,46,UNAVAILABLE,MEDIUM
WIN-SEC-B02-2026092218,SEC-B02,2026-09-22 18:00:00,2026-09-22 19:00:00,1,63,UNAVAILABLE,MEDIUM
WIN-SEC-B02-2026092219,SEC-B02,2026-09-22 19:00:00,2026-09-22 20:00:00,1,63,UNAVAILABLE,MEDIUM
WIN-SEC-B02-2026092220,SEC-B02,2026-09-22 20:00:00,2026-09-22 21:00:00,2,63,UNAVAILABLE,HIGH
WIN-SEC-B02-2026092221,SEC-B02,2026-09-22 21:00:00,2026-09-22 22:00:00,1,68,UNAVAILABLE,MEDIUM
WIN-SEC-B02-2026092222,SEC-B02,2026-09-22 22:00:00,2026-09-22 23:00:00,1,68,UNAVAILABLE,MEDIUM
WIN-SEC-B02-2026092223,SEC-B02,2026-09-22 23:00:00,2026-09-23 00:00:00,0,68,UNAVAILABLE,MEDIUM
WIN-SEC-C01-2026092200,SEC-C01,2026-09-22 00:00:00,2026-09-22 01:00:00,1,25,UNAVAILABLE,MEDIUM
WIN-SEC-C01-2026092201,SEC-C01,2026-09-22 01:00:00,2026-09-22 02:00:00,0,25,AVAILABLE,LOW
WIN-SEC-C01-2026092202,SEC-C01,2026-09-22 02:00:00,2026-09-22 03:00:00,1,25,UNAVAILABLE,MEDIUM
WIN-SEC-C01-2026092203,SEC-C01,2026-09-22 03:00:00,2026-09-22 04:00:00,1,20,UNAVAILABLE,MEDIUM
WIN-SEC-C01-2026092204,SEC-C01,2026-09-22 04:00:00,2026-09-22 05:00:00,0,20,AVAILABLE,LOW
WIN-SEC-C01-2026092205,SEC-C01,2026-09-22 05:00:00,2026-09-22 06:00:00,1,20,UNAVAILABLE,MEDIUM
WIN-SEC-C01-2026092206,SEC-C01,2026-09-22 06:00:00,2026-09-22 07:00:00,0,45,UNAVAILABLE,MEDIUM
WIN-SEC-C01-2026092207,SEC-C01,2026-09-22 07:00:00,2026-09-22 08:00:00,1,45,UNAVAILABLE,MEDIUM
WIN-SEC-C01-2026092208,SEC-C01,2026-09-22 08:00:00,2026-09-22 09:00:00,0,45,UNAVAILABLE,MEDIUM
WIN-SEC-C01-2026092209,SEC-C01,2026-09-22 09:00:00,2026-09-22 10:00:00,1,48,UNAVAILABLE,MEDIUM
WIN-SEC-C01-2026092210,SEC-C01,2026-09-22 10:00:00,2026-09-22 11:00:00,1,48,UNAVAILABLE,MEDIUM
WIN-SEC-C01-2026092211,SEC-C01,2026-09-22 11:00:00,2026-09-22 12:00:00,0,48,AVAILABLE,LOW
WIN-SEC-C01-2026092212,SEC-C01,2026-09-22 12:00:00,2026-09-22 13:00:00,1,20,UNAVAILABLE,MEDIUM
WIN-SEC-C01-2026092213,SEC-C01,2026-09-22 13:00:00,2026-09-22 14:00:00,0,20,AVAILABLE,LOW
WIN-SEC-C01-2026092214,SEC-C01,2026-09-22 14:00:00,2026-09-22 15:00:00,1,20,UNAVAILABLE,MEDIUM
WIN-SEC-C01-2026092215,SEC-C01,2026-09-22 15:00:00,2026-09-22 16:00:00,0,39,AVAILABLE,LOW
WIN-SEC-C01-2026092216,SEC-C01,2026-09-22 16:00:00,2026-09-22 17:00:00,1,39,UNAVAILABLE,MEDIUM
WIN-SEC-C01-2026092217,SEC-C01,2026-09-22 17:00:00,2026-09-22 18:00:00,1,39,UNAVAILABLE,MEDIUM
WIN-SEC-C01-2026092218,SEC-C01,2026-09-22 18:00:00,2026-09-22 19:00:00,0,42,UNAVAILABLE,MEDIUM
WIN-SEC-C01-2026092219,SEC-C01,2026-09-22 19:00:00,2026-09-22 20:00:00,1,42,UNAVAILABLE,MEDIUM
WIN-SEC-C01-2026092220,SEC-C01,2026-09-22 20:00:00,2026-09-22 21:00:00,0,42,UNAVAILABLE,MEDIUM
WIN-SEC-C01-2026092221,SEC-C01,2026-09-22 21:00:00,2026-09-22 22:00:00,1,47,UNAVAILABLE,MEDIUM
WIN-SEC-C01-2026092222,SEC-C01,2026-09-22 22:00:00,2026-09-22 23:00:00,1,47,UNAVAILABLE,MEDIUM
WIN-SEC-C01-2026092223,SEC-C01,2026-09-22 23:00:00,2026-09-23 00:00:00,1,47,UNAVAILABLE,MEDIUM
WIN-SEC-A01-2026092300,SEC-A01,2026-09-23 00:00:00,2026-09-23 01:00:00,0,71,UNAVAILABLE,MEDIUM
WIN-SEC-A01-2026092301,SEC-A01,2026-09-23 01:00:00,2026-09-23 02:00:00,2,71,UNAVAILABLE,HIGH
WIN-SEC-A01-2026092302,SEC-A01,2026-09-23 02:00:00,2026-09-23 03:00:00,1,71,UNAVAILABLE,MEDIUM
WIN-SEC-A01-2026092303,SEC-A01,2026-09-23 03:00:00,2026-09-23 04:00:00,1,56,UNAVAILABLE,MEDIUM
WIN-SEC-A01-2026092304,SEC-A01,2026-09-23 04:00:00,2026-09-23 05:00:00,1,56,UNAVAILABLE,MEDIUM
WIN-SEC-A01-2026092305,SEC-A01,2026-09-23 05:00:00,2026-09-23 06:00:00,2,56,UNAVAILABLE,HIGH
WIN-SEC-A01-2026092306,SEC-A01,2026-09-23 06:00:00,2026-09-23 07:00:00,2,80,UNAVAILABLE,HIGH
WIN-SEC-A01-2026092307,SEC-A01,2026-09-23 07:00:00,2026-09-23 08:00:00,2,80,UNAVAILABLE,HIGH
WIN-SEC-A01-2026092308,SEC-A01,2026-09-23 08:00:00,2026-09-23 09:00:00,1,80,UNAVAILABLE,MEDIUM
WIN-SEC-A01-2026092309,SEC-A01,2026-09-23 09:00:00,2026-09-23 10:00:00,2,82,UNAVAILABLE,HIGH
WIN-SEC-A01-2026092310,SEC-A01,2026-09-23 10:00:00,2026-09-23 11:00:00,2,82,UNAVAILABLE,HIGH
WIN-SEC-A01-2026092311,SEC-A01,2026-09-23 11:00:00,2026-09-23 12:00:00,1,82,UNAVAILABLE,MEDIUM
WIN-SEC-A01-2026092312,SEC-A01,2026-09-23 12:00:00,2026-09-23 13:00:00,1,67,UNAVAILABLE,MEDIUM
WIN-SEC-A01-2026092313,SEC-A01,2026-09-23 13:00:00,2026-09-23 14:00:00,1,67,UNAVAILABLE,MEDIUM
WIN-SEC-A01-2026092314,SEC-A01,2026-09-23 14:00:00,2026-09-23 15:00:00,1,67,UNAVAILABLE,MEDIUM
WIN-SEC-A01-2026092315,SEC-A01,2026-09-23 15:00:00,2026-09-23 16:00:00,1,82,UNAVAILABLE,MEDIUM
WIN-SEC-A01-2026092316,SEC-A01,2026-09-23 16:00:00,2026-09-23 17:00:00,1,82,UNAVAILABLE,MEDIUM
WIN-SEC-A01-2026092317,SEC-A01,2026-09-23 17:00:00,2026-09-23 18:00:00,2,82,UNAVAILABLE,HIGH
WIN-SEC-A01-2026092318,SEC-A01,2026-09-23 18:00:00,2026-09-23 19:00:00,1,79,UNAVAILABLE,MEDIUM
WIN-SEC-A01-2026092319,SEC-A01,2026-09-23 19:00:00,2026-09-23 20:00:00,2,79,UNAVAILABLE,HIGH
WIN-SEC-A01-2026092320,SEC-A01,2026-09-23 20:00:00,2026-09-23 21:00:00,2,79,UNAVAILABLE,HIGH
WIN-SEC-A01-2026092321,SEC-A01,2026-09-23 21:00:00,2026-09-23 22:00:00,2,81,UNAVAILABLE,HIGH
WIN-SEC-A01-2026092322,SEC-A01,2026-09-23 22:00:00,2026-09-23 23:00:00,2,81,UNAVAILABLE,HIGH
WIN-SEC-A01-2026092323,SEC-A01,2026-09-23 23:00:00,2026-09-24 00:00:00,2,81,UNAVAILABLE,HIGH
WIN-SEC-A02-2026092300,SEC-A02,2026-09-23 00:00:00,2026-09-23 01:00:00,1,65,UNAVAILABLE,MEDIUM
WIN-SEC-A02-2026092301,SEC-A02,2026-09-23 01:00:00,2026-09-23 02:00:00,1,65,UNAVAILABLE,MEDIUM
WIN-SEC-A02-2026092302,SEC-A02,2026-09-23 02:00:00,2026-09-23 03:00:00,1,65,UNAVAILABLE,MEDIUM
WIN-SEC-A02-2026092303,SEC-A02,2026-09-23 03:00:00,2026-09-23 04:00:00,1,57,UNAVAILABLE,MEDIUM
WIN-SEC-A02-2026092304,SEC-A02,2026-09-23 04:00:00,2026-09-23 05:00:00,1,57,UNAVAILABLE,MEDIUM
WIN-SEC-A02-2026092305,SEC-A02,2026-09-23 05:00:00,2026-09-23 06:00:00,1,57,UNAVAILABLE,MEDIUM
WIN-SEC-A02-2026092306,SEC-A02,2026-09-23 06:00:00,2026-09-23 07:00:00,2,82,UNAVAILABLE,HIGH
WIN-SEC-A02-2026092307,SEC-A02,2026-09-23 07:00:00,2026-09-23 08:00:00,2,82,UNAVAILABLE,HIGH
WIN-SEC-A02-2026092308,SEC-A02,2026-09-23 08:00:00,2026-09-23 09:00:00,2,82,UNAVAILABLE,HIGH
WIN-SEC-A02-2026092309,SEC-A02,2026-09-23 09:00:00,2026-09-23 10:00:00,2,86,UNAVAILABLE,HIGH
WIN-SEC-A02-2026092310,SEC-A02,2026-09-23 10:00:00,2026-09-23 11:00:00,2,86,UNAVAILABLE,HIGH
WIN-SEC-A02-2026092311,SEC-A02,2026-09-23 11:00:00,2026-09-23 12:00:00,2,86,UNAVAILABLE,HIGH
WIN-SEC-A02-2026092312,SEC-A02,2026-09-23 12:00:00,2026-09-23 13:00:00,1,70,UNAVAILABLE,MEDIUM
WIN-SEC-A02-2026092313,SEC-A02,2026-09-23 13:00:00,2026-09-23 14:00:00,2,70,UNAVAILABLE,HIGH
WIN-SEC-A02-2026092314,SEC-A02,2026-09-23 14:00:00,2026-09-23 15:00:00,1,70,UNAVAILABLE,MEDIUM
WIN-SEC-A02-2026092315,SEC-A02,2026-09-23 15:00:00,2026-09-23 16:00:00,1,71,UNAVAILABLE,MEDIUM
WIN-SEC-A02-2026092316,SEC-A02,2026-09-23 16:00:00,2026-09-23 17:00:00,1,71,UNAVAILABLE,MEDIUM
WIN-SEC-A02-2026092317,SEC-A02,2026-09-23 17:00:00,2026-09-23 18:00:00,1,71,UNAVAILABLE,MEDIUM
WIN-SEC-A02-2026092318,SEC-A02,2026-09-23 18:00:00,2026-09-23 19:00:00,2,81,UNAVAILABLE,HIGH
WIN-SEC-A02-2026092319,SEC-A02,2026-09-23 19:00:00,2026-09-23 20:00:00,2,81,UNAVAILABLE,HIGH
WIN-SEC-A02-2026092320,SEC-A02,2026-09-23 20:00:00,2026-09-23 21:00:00,2,81,UNAVAILABLE,HIGH
WIN-SEC-A02-2026092321,SEC-A02,2026-09-23 21:00:00,2026-09-23 22:00:00,2,75,UNAVAILABLE,HIGH
WIN-SEC-A02-2026092322,SEC-A02,2026-09-23 22:00:00,2026-09-23 23:00:00,2,75,UNAVAILABLE,HIGH
WIN-SEC-A02-2026092323,SEC-A02,2026-09-23 23:00:00,2026-09-24 00:00:00,2,75,UNAVAILABLE,HIGH
WIN-SEC-B01-2026092300,SEC-B01,2026-09-23 00:00:00,2026-09-23 01:00:00,1,46,UNAVAILABLE,MEDIUM
WIN-SEC-B01-2026092301,SEC-B01,2026-09-23 01:00:00,2026-09-23 02:00:00,1,46,UNAVAILABLE,MEDIUM
WIN-SEC-B01-2026092302,SEC-B01,2026-09-23 02:00:00,2026-09-23 03:00:00,2,46,UNAVAILABLE,HIGH
WIN-SEC-B01-2026092303,SEC-B01,2026-09-23 03:00:00,2026-09-23 04:00:00,1,55,UNAVAILABLE,MEDIUM
WIN-SEC-B01-2026092304,SEC-B01,2026-09-23 04:00:00,2026-09-23 05:00:00,1,55,UNAVAILABLE,MEDIUM
WIN-SEC-B01-2026092305,SEC-B01,2026-09-23 05:00:00,2026-09-23 06:00:00,1,55,UNAVAILABLE,MEDIUM
WIN-SEC-B01-2026092306,SEC-B01,2026-09-23 06:00:00,2026-09-23 07:00:00,1,64,UNAVAILABLE,MEDIUM
WIN-SEC-B01-2026092307,SEC-B01,2026-09-23 07:00:00,2026-09-23 08:00:00,1,64,UNAVAILABLE,MEDIUM
WIN-SEC-B01-2026092308,SEC-B01,2026-09-23 08:00:00,2026-09-23 09:00:00,0,64,UNAVAILABLE,MEDIUM
WIN-SEC-B01-2026092309,SEC-B01,2026-09-23 09:00:00,2026-09-23 10:00:00,1,65,UNAVAILABLE,MEDIUM
WIN-SEC-B01-2026092310,SEC-B01,2026-09-23 10:00:00,2026-09-23 11:00:00,1,65,UNAVAILABLE,MEDIUM
WIN-SEC-B01-2026092311,SEC-B01,2026-09-23 11:00:00,2026-09-23 12:00:00,1,65,UNAVAILABLE,MEDIUM
WIN-SEC-B01-2026092312,SEC-B01,2026-09-23 12:00:00,2026-09-23 13:00:00,1,56,UNAVAILABLE,MEDIUM
WIN-SEC-B01-2026092313,SEC-B01,2026-09-23 13:00:00,2026-09-23 14:00:00,1,56,UNAVAILABLE,MEDIUM
WIN-SEC-B01-2026092314,SEC-B01,2026-09-23 14:00:00,2026-09-23 15:00:00,2,56,UNAVAILABLE,HIGH
WIN-SEC-B01-2026092315,SEC-B01,2026-09-23 15:00:00,2026-09-23 16:00:00,1,44,UNAVAILABLE,MEDIUM
WIN-SEC-B01-2026092316,SEC-B01,2026-09-23 16:00:00,2026-09-23 17:00:00,1,44,UNAVAILABLE,MEDIUM
WIN-SEC-B01-2026092317,SEC-B01,2026-09-23 17:00:00,2026-09-23 18:00:00,2,44,UNAVAILABLE,HIGH
WIN-SEC-B01-2026092318,SEC-B01,2026-09-23 18:00:00,2026-09-23 19:00:00,1,74,UNAVAILABLE,MEDIUM
WIN-SEC-B01-2026092319,SEC-B01,2026-09-23 19:00:00,2026-09-23 20:00:00,1,74,UNAVAILABLE,MEDIUM
WIN-SEC-B01-2026092320,SEC-B01,2026-09-23 20:00:00,2026-09-23 21:00:00,2,74,UNAVAILABLE,HIGH
WIN-SEC-B01-2026092321,SEC-B01,2026-09-23 21:00:00,2026-09-23 22:00:00,1,65,UNAVAILABLE,MEDIUM
WIN-SEC-B01-2026092322,SEC-B01,2026-09-23 22:00:00,2026-09-23 23:00:00,1,65,UNAVAILABLE,MEDIUM
WIN-SEC-B01-2026092323,SEC-B01,2026-09-23 23:00:00,2026-09-24 00:00:00,1,65,UNAVAILABLE,MEDIUM
WIN-SEC-B02-2026092300,SEC-B02,2026-09-23 00:00:00,2026-09-23 01:00:00,1,54,UNAVAILABLE,MEDIUM
WIN-SEC-B02-2026092301,SEC-B02,2026-09-23 01:00:00,2026-09-23 02:00:00,1,54,UNAVAILABLE,MEDIUM
WIN-SEC-B02-2026092302,SEC-B02,2026-09-23 02:00:00,2026-09-23 03:00:00,1,54,UNAVAILABLE,MEDIUM
WIN-SEC-B02-2026092303,SEC-B02,2026-09-23 03:00:00,2026-09-23 04:00:00,1,40,UNAVAILABLE,MEDIUM
WIN-SEC-B02-2026092304,SEC-B02,2026-09-23 04:00:00,2026-09-23 05:00:00,1,40,UNAVAILABLE,MEDIUM
WIN-SEC-B02-2026092305,SEC-B02,2026-09-23 05:00:00,2026-09-23 06:00:00,2,40,UNAVAILABLE,HIGH
WIN-SEC-B02-2026092306,SEC-B02,2026-09-23 06:00:00,2026-09-23 07:00:00,1,75,UNAVAILABLE,MEDIUM
WIN-SEC-B02-2026092307,SEC-B02,2026-09-23 07:00:00,2026-09-23 08:00:00,1,75,UNAVAILABLE,MEDIUM
WIN-SEC-B02-2026092308,SEC-B02,2026-09-23 08:00:00,2026-09-23 09:00:00,1,75,UNAVAILABLE,MEDIUM
WIN-SEC-B02-2026092309,SEC-B02,2026-09-23 09:00:00,2026-09-23 10:00:00,1,69,UNAVAILABLE,MEDIUM
WIN-SEC-B02-2026092310,SEC-B02,2026-09-23 10:00:00,2026-09-23 11:00:00,1,69,UNAVAILABLE,MEDIUM
WIN-SEC-B02-2026092311,SEC-B02,2026-09-23 11:00:00,2026-09-23 12:00:00,2,69,UNAVAILABLE,HIGH
WIN-SEC-B02-2026092312,SEC-B02,2026-09-23 12:00:00,2026-09-23 13:00:00,1,55,UNAVAILABLE,MEDIUM
WIN-SEC-B02-2026092313,SEC-B02,2026-09-23 13:00:00,2026-09-23 14:00:00,1,55,UNAVAILABLE,MEDIUM
WIN-SEC-B02-2026092314,SEC-B02,2026-09-23 14:00:00,2026-09-23 15:00:00,0,55,AVAILABLE,LOW
WIN-SEC-B02-2026092315,SEC-B02,2026-09-23 15:00:00,2026-09-23 16:00:00,1,53,UNAVAILABLE,MEDIUM
WIN-SEC-B02-2026092316,SEC-B02,2026-09-23 16:00:00,2026-09-23 17:00:00,1,53,UNAVAILABLE,MEDIUM
WIN-SEC-B02-2026092317,SEC-B02,2026-09-23 17:00:00,2026-09-23 18:00:00,0,53,UNAVAILABLE,MEDIUM
WIN-SEC-B02-2026092318,SEC-B02,2026-09-23 18:00:00,2026-09-23 19:00:00,1,63,UNAVAILABLE,MEDIUM
WIN-SEC-B02-2026092319,SEC-B02,2026-09-23 19:00:00,2026-09-23 20:00:00,1,63,UNAVAILABLE,MEDIUM
WIN-SEC-B02-2026092320,SEC-B02,2026-09-23 20:00:00,2026-09-23 21:00:00,1,63,UNAVAILABLE,MEDIUM
WIN-SEC-B02-2026092321,SEC-B02,2026-09-23 21:00:00,2026-09-23 22:00:00,1,71,UNAVAILABLE,MEDIUM
WIN-SEC-B02-2026092322,SEC-B02,2026-09-23 22:00:00,2026-09-23 23:00:00,1,71,UNAVAILABLE,MEDIUM
WIN-SEC-B02-2026092323,SEC-B02,2026-09-23 23:00:00,2026-09-24 00:00:00,1,71,UNAVAILABLE,MEDIUM
WIN-SEC-C01-2026092300,SEC-C01,2026-09-23 00:00:00,2026-09-23 01:00:00,2,25,UNAVAILABLE,HIGH
WIN-SEC-C01-2026092301,SEC-C01,2026-09-23 01:00:00,2026-09-23 02:00:00,0,25,AVAILABLE,LOW
WIN-SEC-C01-2026092302,SEC-C01,2026-09-23 02:00:00,2026-09-23 03:00:00,1,25,UNAVAILABLE,MEDIUM
WIN-SEC-C01-2026092303,SEC-C01,2026-09-23 03:00:00,2026-09-23 04:00:00,0,12,AVAILABLE,LOW
WIN-SEC-C01-2026092304,SEC-C01,2026-09-23 04:00:00,2026-09-23 05:00:00,1,12,UNAVAILABLE,MEDIUM
WIN-SEC-C01-2026092305,SEC-C01,2026-09-23 05:00:00,2026-09-23 06:00:00,1,12,UNAVAILABLE,MEDIUM
WIN-SEC-C01-2026092306,SEC-C01,2026-09-23 06:00:00,2026-09-23 07:00:00,0,37,UNAVAILABLE,MEDIUM
WIN-SEC-C01-2026092307,SEC-C01,2026-09-23 07:00:00,2026-09-23 08:00:00,1,37,UNAVAILABLE,MEDIUM
WIN-SEC-C01-2026092308,SEC-C01,2026-09-23 08:00:00,2026-09-23 09:00:00,0,37,UNAVAILABLE,MEDIUM
WIN-SEC-C01-2026092309,SEC-C01,2026-09-23 09:00:00,2026-09-23 10:00:00,1,43,UNAVAILABLE,MEDIUM
WIN-SEC-C01-2026092310,SEC-C01,2026-09-23 10:00:00,2026-09-23 11:00:00,1,43,UNAVAILABLE,MEDIUM
WIN-SEC-C01-2026092311,SEC-C01,2026-09-23 11:00:00,2026-09-23 12:00:00,0,43,AVAILABLE,LOW
WIN-SEC-C01-2026092312,SEC-C01,2026-09-23 12:00:00,2026-09-23 13:00:00,1,34,UNAVAILABLE,MEDIUM
WIN-SEC-C01-2026092313,SEC-C01,2026-09-23 13:00:00,2026-09-23 14:00:00,0,34,AVAILABLE,LOW
WIN-SEC-C01-2026092314,SEC-C01,2026-09-23 14:00:00,2026-09-23 15:00:00,1,34,UNAVAILABLE,MEDIUM
WIN-SEC-C01-2026092315,SEC-C01,2026-09-23 15:00:00,2026-09-23 16:00:00,1,32,UNAVAILABLE,MEDIUM
WIN-SEC-C01-2026092316,SEC-C01,2026-09-23 16:00:00,2026-09-23 17:00:00,1,32,UNAVAILABLE,MEDIUM
WIN-SEC-C01-2026092317,SEC-C01,2026-09-23 17:00:00,2026-09-23 18:00:00,1,32,UNAVAILABLE,MEDIUM
WIN-SEC-C01-2026092318,SEC-C01,2026-09-23 18:00:00,2026-09-23 19:00:00,0,51,UNAVAILABLE,MEDIUM
WIN-SEC-C01-2026092319,SEC-C01,2026-09-23 19:00:00,2026-09-23 20:00:00,1,51,UNAVAILABLE,MEDIUM
WIN-SEC-C01-2026092320,SEC-C01,2026-09-23 20:00:00,2026-09-23 21:00:00,0,51,UNAVAILABLE,MEDIUM
WIN-SEC-C01-2026092321,SEC-C01,2026-09-23 21:00:00,2026-09-23 22:00:00,1,32,UNAVAILABLE,MEDIUM
WIN-SEC-C01-2026092322,SEC-C01,2026-09-23 22:00:00,2026-09-23 23:00:00,0,32,AVAILABLE,LOW
WIN-SEC-C01-2026092323,SEC-C01,2026-09-23 23:00:00,2026-09-24 00:00:00,0,32,AVAILABLE,LOW
WIN-SEC-A01-2026092400,SEC-A01,2026-09-24 00:00:00,2026-09-24 01:00:00,2,65,UNAVAILABLE,HIGH
WIN-SEC-A01-2026092401,SEC-A01,2026-09-24 01:00:00,2026-09-24 02:00:00,1,65,UNAVAILABLE,MEDIUM
WIN-SEC-A01-2026092402,SEC-A01,2026-09-24 02:00:00,2026-09-24 03:00:00,1,65,UNAVAILABLE,MEDIUM
WIN-SEC-A01-2026092403,SEC-A01,2026-09-24 03:00:00,2026-09-24 04:00:00,1,53,UNAVAILABLE,MEDIUM
WIN-SEC-A01-2026092404,SEC-A01,2026-09-24 04:00:00,2026-09-24 05:00:00,2,53,UNAVAILABLE,HIGH
WIN-SEC-A01-2026092405,SEC-A01,2026-09-24 05:00:00,2026-09-24 06:00:00,2,53,UNAVAILABLE,HIGH
WIN-SEC-A01-2026092406,SEC-A01,2026-09-24 06:00:00,2026-09-24 07:00:00,2,89,UNAVAILABLE,HIGH
WIN-SEC-A01-2026092407,SEC-A01,2026-09-24 07:00:00,2026-09-24 08:00:00,2,89,UNAVAILABLE,HIGH
WIN-SEC-A01-2026092408,SEC-A01,2026-09-24 08:00:00,2026-09-24 09:00:00,2,89,UNAVAILABLE,HIGH
WIN-SEC-A01-2026092409,SEC-A01,2026-09-24 09:00:00,2026-09-24 10:00:00,1,83,UNAVAILABLE,MEDIUM
WIN-SEC-A01-2026092410,SEC-A01,2026-09-24 10:00:00,2026-09-24 11:00:00,2,83,UNAVAILABLE,HIGH
WIN-SEC-A01-2026092411,SEC-A01,2026-09-24 11:00:00,2026-09-24 12:00:00,2,83,UNAVAILABLE,HIGH
WIN-SEC-A01-2026092412,SEC-A01,2026-09-24 12:00:00,2026-09-24 13:00:00,2,75,UNAVAILABLE,HIGH
WIN-SEC-A01-2026092413,SEC-A01,2026-09-24 13:00:00,2026-09-24 14:00:00,1,75,UNAVAILABLE,MEDIUM
WIN-SEC-A01-2026092414,SEC-A01,2026-09-24 14:00:00,2026-09-24 15:00:00,1,75,UNAVAILABLE,MEDIUM
WIN-SEC-A01-2026092415,SEC-A01,2026-09-24 15:00:00,2026-09-24 16:00:00,1,67,UNAVAILABLE,MEDIUM
WIN-SEC-A01-2026092416,SEC-A01,2026-09-24 16:00:00,2026-09-24 17:00:00,1,67,UNAVAILABLE,MEDIUM
WIN-SEC-A01-2026092417,SEC-A01,2026-09-24 17:00:00,2026-09-24 18:00:00,2,67,UNAVAILABLE,HIGH
WIN-SEC-A01-2026092418,SEC-A01,2026-09-24 18:00:00,2026-09-24 19:00:00,2,92,UNAVAILABLE,HIGH
WIN-SEC-A01-2026092419,SEC-A01,2026-09-24 19:00:00,2026-09-24 20:00:00,2,92,UNAVAILABLE,HIGH
WIN-SEC-A01-2026092420,SEC-A01,2026-09-24 20:00:00,2026-09-24 21:00:00,2,92,UNAVAILABLE,HIGH
WIN-SEC-A01-2026092421,SEC-A01,2026-09-24 21:00:00,2026-09-24 22:00:00,2,90,UNAVAILABLE,HIGH
WIN-SEC-A01-2026092422,SEC-A01,2026-09-24 22:00:00,2026-09-24 23:00:00,1,90,UNAVAILABLE,MEDIUM
WIN-SEC-A01-2026092423,SEC-A01,2026-09-24 23:00:00,2026-09-25 00:00:00,2,90,UNAVAILABLE,HIGH
WIN-SEC-A02-2026092400,SEC-A02,2026-09-24 00:00:00,2026-09-24 01:00:00,1,68,UNAVAILABLE,MEDIUM
WIN-SEC-A02-2026092401,SEC-A02,2026-09-24 01:00:00,2026-09-24 02:00:00,1,68,UNAVAILABLE,MEDIUM
WIN-SEC-A02-2026092402,SEC-A02,2026-09-24 02:00:00,2026-09-24 03:00:00,1,68,UNAVAILABLE,MEDIUM
WIN-SEC-A02-2026092403,SEC-A02,2026-09-24 03:00:00,2026-09-24 04:00:00,2,63,UNAVAILABLE,HIGH
WIN-SEC-A02-2026092404,SEC-A02,2026-09-24 04:00:00,2026-09-24 05:00:00,1,63,UNAVAILABLE,MEDIUM
WIN-SEC-A02-2026092405,SEC-A02,2026-09-24 05:00:00,2026-09-24 06:00:00,1,63,UNAVAILABLE,MEDIUM
WIN-SEC-A02-2026092406,SEC-A02,2026-09-24 06:00:00,2026-09-24 07:00:00,1,87,UNAVAILABLE,MEDIUM
WIN-SEC-A02-2026092407,SEC-A02,2026-09-24 07:00:00,2026-09-24 08:00:00,2,87,UNAVAILABLE,HIGH
WIN-SEC-A02-2026092408,SEC-A02,2026-09-24 08:00:00,2026-09-24 09:00:00,2,87,UNAVAILABLE,HIGH
WIN-SEC-A02-2026092409,SEC-A02,2026-09-24 09:00:00,2026-09-24 10:00:00,2,80,UNAVAILABLE,HIGH
WIN-SEC-A02-2026092410,SEC-A02,2026-09-24 10:00:00,2026-09-24 11:00:00,1,80,UNAVAILABLE,MEDIUM
WIN-SEC-A02-2026092411,SEC-A02,2026-09-24 11:00:00,2026-09-24 12:00:00,2,80,UNAVAILABLE,HIGH
WIN-SEC-A02-2026092412,SEC-A02,2026-09-24 12:00:00,2026-09-24 13:00:00,1,77,UNAVAILABLE,MEDIUM
WIN-SEC-A02-2026092413,SEC-A02,2026-09-24 13:00:00,2026-09-24 14:00:00,1,77,UNAVAILABLE,MEDIUM
WIN-SEC-A02-2026092414,SEC-A02,2026-09-24 14:00:00,2026-09-24 15:00:00,1,77,UNAVAILABLE,MEDIUM
WIN-SEC-A02-2026092415,SEC-A02,2026-09-24 15:00:00,2026-09-24 16:00:00,1,82,UNAVAILABLE,MEDIUM
WIN-SEC-A02-2026092416,SEC-A02,2026-09-24 16:00:00,2026-09-24 17:00:00,1,82,UNAVAILABLE,MEDIUM
WIN-SEC-A02-2026092417,SEC-A02,2026-09-24 17:00:00,2026-09-24 18:00:00,1,82,UNAVAILABLE,MEDIUM
WIN-SEC-A02-2026092418,SEC-A02,2026-09-24 18:00:00,2026-09-24 19:00:00,2,90,UNAVAILABLE,HIGH
WIN-SEC-A02-2026092419,SEC-A02,2026-09-24 19:00:00,2026-09-24 20:00:00,2,90,UNAVAILABLE,HIGH
WIN-SEC-A02-2026092420,SEC-A02,2026-09-24 20:00:00,2026-09-24 21:00:00,2,90,UNAVAILABLE,HIGH
WIN-SEC-A02-2026092421,SEC-A02,2026-09-24 21:00:00,2026-09-24 22:00:00,2,80,UNAVAILABLE,HIGH
WIN-SEC-A02-2026092422,SEC-A02,2026-09-24 22:00:00,2026-09-24 23:00:00,1,80,UNAVAILABLE,MEDIUM
WIN-SEC-A02-2026092423,SEC-A02,2026-09-24 23:00:00,2026-09-25 00:00:00,2,80,UNAVAILABLE,HIGH
WIN-SEC-B01-2026092400,SEC-B01,2026-09-24 00:00:00,2026-09-24 01:00:00,2,46,UNAVAILABLE,HIGH
WIN-SEC-B01-2026092401,SEC-B01,2026-09-24 01:00:00,2026-09-24 02:00:00,1,46,UNAVAILABLE,MEDIUM
WIN-SEC-B01-2026092402,SEC-B01,2026-09-24 02:00:00,2026-09-24 03:00:00,2,46,UNAVAILABLE,HIGH
WIN-SEC-B01-2026092403,SEC-B01,2026-09-24 03:00:00,2026-09-24 04:00:00,1,36,UNAVAILABLE,MEDIUM
WIN-SEC-B01-2026092404,SEC-B01,2026-09-24 04:00:00,2026-09-24 05:00:00,1,36,UNAVAILABLE,MEDIUM
WIN-SEC-B01-2026092405,SEC-B01,2026-09-24 05:00:00,2026-09-24 06:00:00,1,36,UNAVAILABLE,MEDIUM
WIN-SEC-B01-2026092406,SEC-B01,2026-09-24 06:00:00,2026-09-24 07:00:00,1,67,UNAVAILABLE,MEDIUM
WIN-SEC-B01-2026092407,SEC-B01,2026-09-24 07:00:00,2026-09-24 08:00:00,1,67,UNAVAILABLE,MEDIUM
WIN-SEC-B01-2026092408,SEC-B01,2026-09-24 08:00:00,2026-09-24 09:00:00,1,67,UNAVAILABLE,MEDIUM
WIN-SEC-B01-2026092409,SEC-B01,2026-09-24 09:00:00,2026-09-24 10:00:00,1,67,UNAVAILABLE,MEDIUM
WIN-SEC-B01-2026092410,SEC-B01,2026-09-24 10:00:00,2026-09-24 11:00:00,1,67,UNAVAILABLE,MEDIUM
WIN-SEC-B01-2026092411,SEC-B01,2026-09-24 11:00:00,2026-09-24 12:00:00,1,67,UNAVAILABLE,MEDIUM
WIN-SEC-B01-2026092412,SEC-B01,2026-09-24 12:00:00,2026-09-24 13:00:00,1,41,UNAVAILABLE,MEDIUM
WIN-SEC-B01-2026092413,SEC-B01,2026-09-24 13:00:00,2026-09-24 14:00:00,1,41,UNAVAILABLE,MEDIUM
WIN-SEC-B01-2026092414,SEC-B01,2026-09-24 14:00:00,2026-09-24 15:00:00,2,41,UNAVAILABLE,HIGH
WIN-SEC-B01-2026092415,SEC-B01,2026-09-24 15:00:00,2026-09-24 16:00:00,1,45,UNAVAILABLE,MEDIUM
WIN-SEC-B01-2026092416,SEC-B01,2026-09-24 16:00:00,2026-09-24 17:00:00,1,45,UNAVAILABLE,MEDIUM
WIN-SEC-B01-2026092417,SEC-B01,2026-09-24 17:00:00,2026-09-24 18:00:00,2,45,UNAVAILABLE,HIGH
WIN-SEC-B01-2026092418,SEC-B01,2026-09-24 18:00:00,2026-09-24 19:00:00,1,62,UNAVAILABLE,MEDIUM
WIN-SEC-B01-2026092419,SEC-B01,2026-09-24 19:00:00,2026-09-24 20:00:00,1,62,UNAVAILABLE,MEDIUM
WIN-SEC-B01-2026092420,SEC-B01,2026-09-24 20:00:00,2026-09-24 21:00:00,0,62,UNAVAILABLE,MEDIUM
WIN-SEC-B01-2026092421,SEC-B01,2026-09-24 21:00:00,2026-09-24 22:00:00,1,62,UNAVAILABLE,MEDIUM
WIN-SEC-B01-2026092422,SEC-B01,2026-09-24 22:00:00,2026-09-24 23:00:00,1,62,UNAVAILABLE,MEDIUM
WIN-SEC-B01-2026092423,SEC-B01,2026-09-24 23:00:00,2026-09-25 00:00:00,1,62,UNAVAILABLE,MEDIUM
WIN-SEC-B02-2026092400,SEC-B02,2026-09-24 00:00:00,2026-09-24 01:00:00,1,37,UNAVAILABLE,MEDIUM
WIN-SEC-B02-2026092401,SEC-B02,2026-09-24 01:00:00,2026-09-24 02:00:00,1,37,UNAVAILABLE,MEDIUM
WIN-SEC-B02-2026092402,SEC-B02,2026-09-24 02:00:00,2026-09-24 03:00:00,2,37,UNAVAILABLE,HIGH
WIN-SEC-B02-2026092403,SEC-B02,2026-09-24 03:00:00,2026-09-24 04:00:00,1,46,UNAVAILABLE,MEDIUM
WIN-SEC-B02-2026092404,SEC-B02,2026-09-24 04:00:00,2026-09-24 05:00:00,1,46,UNAVAILABLE,MEDIUM
WIN-SEC-B02-2026092405,SEC-B02,2026-09-24 05:00:00,2026-09-24 06:00:00,0,46,AVAILABLE,LOW
WIN-SEC-B02-2026092406,SEC-B02,2026-09-24 06:00:00,2026-09-24 07:00:00,1,66,UNAVAILABLE,MEDIUM
WIN-SEC-B02-2026092407,SEC-B02,2026-09-24 07:00:00,2026-09-24 08:00:00,1,66,UNAVAILABLE,MEDIUM
WIN-SEC-B02-2026092408,SEC-B02,2026-09-24 08:00:00,2026-09-24 09:00:00,0,66,UNAVAILABLE,MEDIUM
WIN-SEC-B02-2026092409,SEC-B02,2026-09-24 09:00:00,2026-09-24 10:00:00,1,63,UNAVAILABLE,MEDIUM
WIN-SEC-B02-2026092410,SEC-B02,2026-09-24 10:00:00,2026-09-24 11:00:00,1,63,UNAVAILABLE,MEDIUM
WIN-SEC-B02-2026092411,SEC-B02,2026-09-24 11:00:00,2026-09-24 12:00:00,2,63,UNAVAILABLE,HIGH
WIN-SEC-B02-2026092412,SEC-B02,2026-09-24 12:00:00,2026-09-24 13:00:00,1,47,UNAVAILABLE,MEDIUM
WIN-SEC-B02-2026092413,SEC-B02,2026-09-24 13:00:00,2026-09-24 14:00:00,1,47,UNAVAILABLE,MEDIUM
WIN-SEC-B02-2026092414,SEC-B02,2026-09-24 14:00:00,2026-09-24 15:00:00,2,47,UNAVAILABLE,HIGH
WIN-SEC-B02-2026092415,SEC-B02,2026-09-24 15:00:00,2026-09-24 16:00:00,1,58,UNAVAILABLE,MEDIUM
WIN-SEC-B02-2026092416,SEC-B02,2026-09-24 16:00:00,2026-09-24 17:00:00,1,58,UNAVAILABLE,MEDIUM
WIN-SEC-B02-2026092417,SEC-B02,2026-09-24 17:00:00,2026-09-24 18:00:00,0,58,UNAVAILABLE,MEDIUM
WIN-SEC-B02-2026092418,SEC-B02,2026-09-24 18:00:00,2026-09-24 19:00:00,1,74,UNAVAILABLE,MEDIUM
WIN-SEC-B02-2026092419,SEC-B02,2026-09-24 19:00:00,2026-09-24 20:00:00,1,74,UNAVAILABLE,MEDIUM
WIN-SEC-B02-2026092420,SEC-B02,2026-09-24 20:00:00,2026-09-24 21:00:00,2,74,UNAVAILABLE,HIGH
WIN-SEC-B02-2026092421,SEC-B02,2026-09-24 21:00:00,2026-09-24 22:00:00,1,61,UNAVAILABLE,MEDIUM
WIN-SEC-B02-2026092422,SEC-B02,2026-09-24 22:00:00,2026-09-24 23:00:00,1,61,UNAVAILABLE,MEDIUM
WIN-SEC-B02-2026092423,SEC-B02,2026-09-24 23:00:00,2026-09-25 00:00:00,1,61,UNAVAILABLE,MEDIUM
WIN-SEC-C01-2026092400,SEC-C01,2026-09-24 00:00:00,2026-09-24 01:00:00,0,20,AVAILABLE,LOW
WIN-SEC-C01-2026092401,SEC-C01,2026-09-24 01:00:00,2026-09-24 02:00:00,0,20,AVAILABLE,LOW
WIN-SEC-C01-2026092402,SEC-C01,2026-09-24 02:00:00,2026-09-24 03:00:00,1,20,UNAVAILABLE,MEDIUM
WIN-SEC-C01-2026092403,SEC-C01,2026-09-24 03:00:00,2026-09-24 04:00:00,1,27,UNAVAILABLE,MEDIUM
WIN-SEC-C01-2026092404,SEC-C01,2026-09-24 04:00:00,2026-09-24 05:00:00,1,27,UNAVAILABLE,MEDIUM
WIN-SEC-C01-2026092405,SEC-C01,2026-09-24 05:00:00,2026-09-24 06:00:00,1,27,UNAVAILABLE,MEDIUM
WIN-SEC-C01-2026092406,SEC-C01,2026-09-24 06:00:00,2026-09-24 07:00:00,0,42,UNAVAILABLE,MEDIUM
WIN-SEC-C01-2026092407,SEC-C01,2026-09-24 07:00:00,2026-09-24 08:00:00,1,42,UNAVAILABLE,MEDIUM
WIN-SEC-C01-2026092408,SEC-C01,2026-09-24 08:00:00,2026-09-24 09:00:00,0,42,UNAVAILABLE,MEDIUM
WIN-SEC-C01-2026092409,SEC-C01,2026-09-24 09:00:00,2026-09-24 10:00:00,1,43,UNAVAILABLE,MEDIUM
WIN-SEC-C01-2026092410,SEC-C01,2026-09-24 10:00:00,2026-09-24 11:00:00,0,43,AVAILABLE,LOW
WIN-SEC-C01-2026092411,SEC-C01,2026-09-24 11:00:00,2026-09-24 12:00:00,1,43,UNAVAILABLE,MEDIUM
WIN-SEC-C01-2026092412,SEC-C01,2026-09-24 12:00:00,2026-09-24 13:00:00,1,36,UNAVAILABLE,MEDIUM
WIN-SEC-C01-2026092413,SEC-C01,2026-09-24 13:00:00,2026-09-24 14:00:00,0,36,AVAILABLE,LOW
WIN-SEC-C01-2026092414,SEC-C01,2026-09-24 14:00:00,2026-09-24 15:00:00,1,36,UNAVAILABLE,MEDIUM
WIN-SEC-C01-2026092415,SEC-C01,2026-09-24 15:00:00,2026-09-24 16:00:00,0,21,AVAILABLE,LOW
WIN-SEC-C01-2026092416,SEC-C01,2026-09-24 16:00:00,2026-09-24 17:00:00,1,21,UNAVAILABLE,MEDIUM
WIN-SEC-C01-2026092417,SEC-C01,2026-09-24 17:00:00,2026-09-24 18:00:00,1,21,UNAVAILABLE,MEDIUM
WIN-SEC-C01-2026092418,SEC-C01,2026-09-24 18:00:00,2026-09-24 19:00:00,0,52,UNAVAILABLE,MEDIUM
WIN-SEC-C01-2026092419,SEC-C01,2026-09-24 19:00:00,2026-09-24 20:00:00,1,52,UNAVAILABLE,MEDIUM
WIN-SEC-C01-2026092420,SEC-C01,2026-09-24 20:00:00,2026-09-24 21:00:00,0,52,UNAVAILABLE,MEDIUM
WIN-SEC-C01-2026092421,SEC-C01,2026-09-24 21:00:00,2026-09-24 22:00:00,1,44,UNAVAILABLE,MEDIUM
WIN-SEC-C01-2026092422,SEC-C01,2026-09-24 22:00:00,2026-09-24 23:00:00,1,44,UNAVAILABLE,MEDIUM
WIN-SEC-C01-2026092423,SEC-C01,2026-09-24 23:00:00,2026-09-25 00:00:00,1,44,UNAVAILABLE,MEDIUM
WIN-SEC-A01-2026092500,SEC-A01,2026-09-25 00:00:00,2026-09-25 01:00:00,2,62,UNAVAILABLE,HIGH
WIN-SEC-A01-2026092501,SEC-A01,2026-09-25 01:00:00,2026-09-25 02:00:00,2,62,UNAVAILABLE,HIGH
WIN-SEC-A01-2026092502,SEC-A01,2026-09-25 02:00:00,2026-09-25 03:00:00,1,62,UNAVAILABLE,MEDIUM
WIN-SEC-A01-2026092503,SEC-A01,2026-09-25 03:00:00,2026-09-25 04:00:00,1,63,UNAVAILABLE,MEDIUM
WIN-SEC-A01-2026092504,SEC-A01,2026-09-25 04:00:00,2026-09-25 05:00:00,1,63,UNAVAILABLE,MEDIUM
WIN-SEC-A01-2026092505,SEC-A01,2026-09-25 05:00:00,2026-09-25 06:00:00,1,63,UNAVAILABLE,MEDIUM
WIN-SEC-A01-2026092506,SEC-A01,2026-09-25 06:00:00,2026-09-25 07:00:00,2,84,UNAVAILABLE,HIGH
WIN-SEC-A01-2026092507,SEC-A01,2026-09-25 07:00:00,2026-09-25 08:00:00,2,84,UNAVAILABLE,HIGH
WIN-SEC-A01-2026092508,SEC-A01,2026-09-25 08:00:00,2026-09-25 09:00:00,2,84,UNAVAILABLE,HIGH
WIN-SEC-A01-2026092509,SEC-A01,2026-09-25 09:00:00,2026-09-25 10:00:00,2,74,UNAVAILABLE,HIGH
WIN-SEC-A01-2026092510,SEC-A01,2026-09-25 10:00:00,2026-09-25 11:00:00,2,74,UNAVAILABLE,HIGH
WIN-SEC-A01-2026092511,SEC-A01,2026-09-25 11:00:00,2026-09-25 12:00:00,2,74,UNAVAILABLE,HIGH
WIN-SEC-A01-2026092512,SEC-A01,2026-09-25 12:00:00,2026-09-25 13:00:00,1,81,UNAVAILABLE,MEDIUM
WIN-SEC-A01-2026092513,SEC-A01,2026-09-25 13:00:00,2026-09-25 14:00:00,2,81,UNAVAILABLE,HIGH
WIN-SEC-A01-2026092514,SEC-A01,2026-09-25 14:00:00,2026-09-25 15:00:00,1,81,UNAVAILABLE,MEDIUM
WIN-SEC-A01-2026092515,SEC-A01,2026-09-25 15:00:00,2026-09-25 16:00:00,1,72,UNAVAILABLE,MEDIUM
WIN-SEC-A01-2026092516,SEC-A01,2026-09-25 16:00:00,2026-09-25 17:00:00,2,72,UNAVAILABLE,HIGH
WIN-SEC-A01-2026092517,SEC-A01,2026-09-25 17:00:00,2026-09-25 18:00:00,1,72,UNAVAILABLE,MEDIUM
WIN-SEC-A01-2026092518,SEC-A01,2026-09-25 18:00:00,2026-09-25 19:00:00,2,87,UNAVAILABLE,HIGH
WIN-SEC-A01-2026092519,SEC-A01,2026-09-25 19:00:00,2026-09-25 20:00:00,2,87,UNAVAILABLE,HIGH
WIN-SEC-A01-2026092520,SEC-A01,2026-09-25 20:00:00,2026-09-25 21:00:00,2,87,UNAVAILABLE,HIGH
WIN-SEC-A01-2026092521,SEC-A01,2026-09-25 21:00:00,2026-09-25 22:00:00,2,90,UNAVAILABLE,HIGH
WIN-SEC-A01-2026092522,SEC-A01,2026-09-25 22:00:00,2026-09-25 23:00:00,2,90,UNAVAILABLE,HIGH
WIN-SEC-A01-2026092523,SEC-A01,2026-09-25 23:00:00,2026-09-26 00:00:00,1,90,UNAVAILABLE,MEDIUM
WIN-SEC-A02-2026092500,SEC-A02,2026-09-25 00:00:00,2026-09-25 01:00:00,1,58,UNAVAILABLE,MEDIUM
WIN-SEC-A02-2026092501,SEC-A02,2026-09-25 01:00:00,2026-09-25 02:00:00,1,58,UNAVAILABLE,MEDIUM
WIN-SEC-A02-2026092502,SEC-A02,2026-09-25 02:00:00,2026-09-25 03:00:00,1,58,UNAVAILABLE,MEDIUM
WIN-SEC-A02-2026092503,SEC-A02,2026-09-25 03:00:00,2026-09-25 04:00:00,1,67,UNAVAILABLE,MEDIUM
WIN-SEC-A02-2026092504,SEC-A02,2026-09-25 04:00:00,2026-09-25 05:00:00,1,67,UNAVAILABLE,MEDIUM
WIN-SEC-A02-2026092505,SEC-A02,2026-09-25 05:00:00,2026-09-25 06:00:00,1,67,UNAVAILABLE,MEDIUM
WIN-SEC-A02-2026092506,SEC-A02,2026-09-25 06:00:00,2026-09-25 07:00:00,1,82,UNAVAILABLE,MEDIUM
WIN-SEC-A02-2026092507,SEC-A02,2026-09-25 07:00:00,2026-09-25 08:00:00,2,82,UNAVAILABLE,HIGH
WIN-SEC-A02-2026092508,SEC-A02,2026-09-25 08:00:00,2026-09-25 09:00:00,2,82,UNAVAILABLE,HIGH
WIN-SEC-A02-2026092509,SEC-A02,2026-09-25 09:00:00,2026-09-25 10:00:00,2,89,UNAVAILABLE,HIGH
WIN-SEC-A02-2026092510,SEC-A02,2026-09-25 10:00:00,2026-09-25 11:00:00,2,89,UNAVAILABLE,HIGH
WIN-SEC-A02-2026092511,SEC-A02,2026-09-25 11:00:00,2026-09-25 12:00:00,2,89,UNAVAILABLE,HIGH
WIN-SEC-A02-2026092512,SEC-A02,2026-09-25 12:00:00,2026-09-25 13:00:00,1,59,UNAVAILABLE,MEDIUM
WIN-SEC-A02-2026092513,SEC-A02,2026-09-25 13:00:00,2026-09-25 14:00:00,2,59,UNAVAILABLE,HIGH
WIN-SEC-A02-2026092514,SEC-A02,2026-09-25 14:00:00,2026-09-25 15:00:00,1,59,UNAVAILABLE,MEDIUM
WIN-SEC-A02-2026092515,SEC-A02,2026-09-25 15:00:00,2026-09-25 16:00:00,1,71,UNAVAILABLE,MEDIUM
WIN-SEC-A02-2026092516,SEC-A02,2026-09-25 16:00:00,2026-09-25 17:00:00,1,71,UNAVAILABLE,MEDIUM
WIN-SEC-A02-2026092517,SEC-A02,2026-09-25 17:00:00,2026-09-25 18:00:00,1,71,UNAVAILABLE,MEDIUM
WIN-SEC-A02-2026092518,SEC-A02,2026-09-25 18:00:00,2026-09-25 19:00:00,1,80,UNAVAILABLE,MEDIUM
WIN-SEC-A02-2026092519,SEC-A02,2026-09-25 19:00:00,2026-09-25 20:00:00,1,80,UNAVAILABLE,MEDIUM
WIN-SEC-A02-2026092520,SEC-A02,2026-09-25 20:00:00,2026-09-25 21:00:00,2,80,UNAVAILABLE,HIGH
WIN-SEC-A02-2026092521,SEC-A02,2026-09-25 21:00:00,2026-09-25 22:00:00,2,87,UNAVAILABLE,HIGH
WIN-SEC-A02-2026092522,SEC-A02,2026-09-25 22:00:00,2026-09-25 23:00:00,2,87,UNAVAILABLE,HIGH
WIN-SEC-A02-2026092523,SEC-A02,2026-09-25 23:00:00,2026-09-26 00:00:00,2,87,UNAVAILABLE,HIGH
WIN-SEC-B01-2026092500,SEC-B01,2026-09-25 00:00:00,2026-09-25 01:00:00,0,47,AVAILABLE,LOW
WIN-SEC-B01-2026092501,SEC-B01,2026-09-25 01:00:00,2026-09-25 02:00:00,1,47,UNAVAILABLE,MEDIUM
WIN-SEC-B01-2026092502,SEC-B01,2026-09-25 02:00:00,2026-09-25 03:00:00,1,47,UNAVAILABLE,MEDIUM
WIN-SEC-B01-2026092503,SEC-B01,2026-09-25 03:00:00,2026-09-25 04:00:00,1,40,UNAVAILABLE,MEDIUM
WIN-SEC-B01-2026092504,SEC-B01,2026-09-25 04:00:00,2026-09-25 05:00:00,1,40,UNAVAILABLE,MEDIUM
WIN-SEC-B01-2026092505,SEC-B01,2026-09-25 05:00:00,2026-09-25 06:00:00,2,40,UNAVAILABLE,HIGH
WIN-SEC-B01-2026092506,SEC-B01,2026-09-25 06:00:00,2026-09-25 07:00:00,1,60,UNAVAILABLE,MEDIUM
WIN-SEC-B01-2026092507,SEC-B01,2026-09-25 07:00:00,2026-09-25 08:00:00,1,60,UNAVAILABLE,MEDIUM
WIN-SEC-B01-2026092508,SEC-B01,2026-09-25 08:00:00,2026-09-25 09:00:00,2,60,UNAVAILABLE,HIGH
WIN-SEC-B01-2026092509,SEC-B01,2026-09-25 09:00:00,2026-09-25 10:00:00,1,63,UNAVAILABLE,MEDIUM
WIN-SEC-B01-2026092510,SEC-B01,2026-09-25 10:00:00,2026-09-25 11:00:00,1,63,UNAVAILABLE,MEDIUM
WIN-SEC-B01-2026092511,SEC-B01,2026-09-25 11:00:00,2026-09-25 12:00:00,2,63,UNAVAILABLE,HIGH
WIN-SEC-B01-2026092512,SEC-B01,2026-09-25 12:00:00,2026-09-25 13:00:00,1,47,UNAVAILABLE,MEDIUM
WIN-SEC-B01-2026092513,SEC-B01,2026-09-25 13:00:00,2026-09-25 14:00:00,1,47,UNAVAILABLE,MEDIUM
WIN-SEC-B01-2026092514,SEC-B01,2026-09-25 14:00:00,2026-09-25 15:00:00,0,47,AVAILABLE,LOW
WIN-SEC-B01-2026092515,SEC-B01,2026-09-25 15:00:00,2026-09-25 16:00:00,1,57,UNAVAILABLE,MEDIUM
WIN-SEC-B01-2026092516,SEC-B01,2026-09-25 16:00:00,2026-09-25 17:00:00,1,57,UNAVAILABLE,MEDIUM
WIN-SEC-B01-2026092517,SEC-B01,2026-09-25 17:00:00,2026-09-25 18:00:00,1,57,UNAVAILABLE,MEDIUM
WIN-SEC-B01-2026092518,SEC-B01,2026-09-25 18:00:00,2026-09-25 19:00:00,1,62,UNAVAILABLE,MEDIUM
WIN-SEC-B01-2026092519,SEC-B01,2026-09-25 19:00:00,2026-09-25 20:00:00,1,62,UNAVAILABLE,MEDIUM
WIN-SEC-B01-2026092520,SEC-B01,2026-09-25 20:00:00,2026-09-25 21:00:00,1,62,UNAVAILABLE,MEDIUM
WIN-SEC-B01-2026092521,SEC-B01,2026-09-25 21:00:00,2026-09-25 22:00:00,1,47,UNAVAILABLE,MEDIUM
WIN-SEC-B01-2026092522,SEC-B01,2026-09-25 22:00:00,2026-09-25 23:00:00,1,47,UNAVAILABLE,MEDIUM
WIN-SEC-B01-2026092523,SEC-B01,2026-09-25 23:00:00,2026-09-26 00:00:00,1,47,UNAVAILABLE,MEDIUM
WIN-SEC-B02-2026092500,SEC-B02,2026-09-25 00:00:00,2026-09-25 01:00:00,1,42,UNAVAILABLE,MEDIUM
WIN-SEC-B02-2026092501,SEC-B02,2026-09-25 01:00:00,2026-09-25 02:00:00,1,42,UNAVAILABLE,MEDIUM
WIN-SEC-B02-2026092502,SEC-B02,2026-09-25 02:00:00,2026-09-25 03:00:00,1,42,UNAVAILABLE,MEDIUM
WIN-SEC-B02-2026092503,SEC-B02,2026-09-25 03:00:00,2026-09-25 04:00:00,1,38,UNAVAILABLE,MEDIUM
WIN-SEC-B02-2026092504,SEC-B02,2026-09-25 04:00:00,2026-09-25 05:00:00,1,38,UNAVAILABLE,MEDIUM
WIN-SEC-B02-2026092505,SEC-B02,2026-09-25 05:00:00,2026-09-25 06:00:00,1,38,UNAVAILABLE,MEDIUM
WIN-SEC-B02-2026092506,SEC-B02,2026-09-25 06:00:00,2026-09-25 07:00:00,1,54,UNAVAILABLE,MEDIUM
WIN-SEC-B02-2026092507,SEC-B02,2026-09-25 07:00:00,2026-09-25 08:00:00,1,54,UNAVAILABLE,MEDIUM
WIN-SEC-B02-2026092508,SEC-B02,2026-09-25 08:00:00,2026-09-25 09:00:00,1,54,UNAVAILABLE,MEDIUM
WIN-SEC-B02-2026092509,SEC-B02,2026-09-25 09:00:00,2026-09-25 10:00:00,1,57,UNAVAILABLE,MEDIUM
WIN-SEC-B02-2026092510,SEC-B02,2026-09-25 10:00:00,2026-09-25 11:00:00,1,57,UNAVAILABLE,MEDIUM
WIN-SEC-B02-2026092511,SEC-B02,2026-09-25 11:00:00,2026-09-25 12:00:00,2,57,UNAVAILABLE,HIGH
WIN-SEC-B02-2026092512,SEC-B02,2026-09-25 12:00:00,2026-09-25 13:00:00,1,53,UNAVAILABLE,MEDIUM
WIN-SEC-B02-2026092513,SEC-B02,2026-09-25 13:00:00,2026-09-25 14:00:00,1,53,UNAVAILABLE,MEDIUM
WIN-SEC-B02-2026092514,SEC-B02,2026-09-25 14:00:00,2026-09-25 15:00:00,2,53,UNAVAILABLE,HIGH
WIN-SEC-B02-2026092515,SEC-B02,2026-09-25 15:00:00,2026-09-25 16:00:00,1,60,UNAVAILABLE,MEDIUM
WIN-SEC-B02-2026092516,SEC-B02,2026-09-25 16:00:00,2026-09-25 17:00:00,1,60,UNAVAILABLE,MEDIUM
WIN-SEC-B02-2026092517,SEC-B02,2026-09-25 17:00:00,2026-09-25 18:00:00,1,60,UNAVAILABLE,MEDIUM
WIN-SEC-B02-2026092518,SEC-B02,2026-09-25 18:00:00,2026-09-25 19:00:00,1,66,UNAVAILABLE,MEDIUM
WIN-SEC-B02-2026092519,SEC-B02,2026-09-25 19:00:00,2026-09-25 20:00:00,1,66,UNAVAILABLE,MEDIUM
WIN-SEC-B02-2026092520,SEC-B02,2026-09-25 20:00:00,2026-09-25 21:00:00,2,66,UNAVAILABLE,HIGH
WIN-SEC-B02-2026092521,SEC-B02,2026-09-25 21:00:00,2026-09-25 22:00:00,1,60,UNAVAILABLE,MEDIUM
WIN-SEC-B02-2026092522,SEC-B02,2026-09-25 22:00:00,2026-09-25 23:00:00,1,60,UNAVAILABLE,MEDIUM
WIN-SEC-B02-2026092523,SEC-B02,2026-09-25 23:00:00,2026-09-26 00:00:00,0,60,AVAILABLE,LOW
WIN-SEC-C01-2026092500,SEC-C01,2026-09-25 00:00:00,2026-09-25 01:00:00,2,27,UNAVAILABLE,HIGH
WIN-SEC-C01-2026092501,SEC-C01,2026-09-25 01:00:00,2026-09-25 02:00:00,0,27,AVAILABLE,LOW
WIN-SEC-C01-2026092502,SEC-C01,2026-09-25 02:00:00,2026-09-25 03:00:00,1,27,UNAVAILABLE,MEDIUM
WIN-SEC-C01-2026092503,SEC-C01,2026-09-25 03:00:00,2026-09-25 04:00:00,1,21,UNAVAILABLE,MEDIUM
WIN-SEC-C01-2026092504,SEC-C01,2026-09-25 04:00:00,2026-09-25 05:00:00,1,21,UNAVAILABLE,MEDIUM
WIN-SEC-C01-2026092505,SEC-C01,2026-09-25 05:00:00,2026-09-25 06:00:00,1,21,UNAVAILABLE,MEDIUM
WIN-SEC-C01-2026092506,SEC-C01,2026-09-25 06:00:00,2026-09-25 07:00:00,1,40,UNAVAILABLE,MEDIUM
WIN-SEC-C01-2026092507,SEC-C01,2026-09-25 07:00:00,2026-09-25 08:00:00,1,40,UNAVAILABLE,MEDIUM
WIN-SEC-C01-2026092508,SEC-C01,2026-09-25 08:00:00,2026-09-25 09:00:00,0,40,UNAVAILABLE,MEDIUM
WIN-SEC-C01-2026092509,SEC-C01,2026-09-25 09:00:00,2026-09-25 10:00:00,1,37,UNAVAILABLE,MEDIUM
WIN-SEC-C01-2026092510,SEC-C01,2026-09-25 10:00:00,2026-09-25 11:00:00,1,37,UNAVAILABLE,MEDIUM
WIN-SEC-C01-2026092511,SEC-C01,2026-09-25 11:00:00,2026-09-25 12:00:00,0,37,AVAILABLE,LOW
WIN-SEC-C01-2026092512,SEC-C01,2026-09-25 12:00:00,2026-09-25 13:00:00,1,21,UNAVAILABLE,MEDIUM
WIN-SEC-C01-2026092513,SEC-C01,2026-09-25 13:00:00,2026-09-25 14:00:00,0,21,AVAILABLE,LOW
WIN-SEC-C01-2026092514,SEC-C01,2026-09-25 14:00:00,2026-09-25 15:00:00,1,21,UNAVAILABLE,MEDIUM
WIN-SEC-C01-2026092515,SEC-C01,2026-09-25 15:00:00,2026-09-25 16:00:00,1,30,UNAVAILABLE,MEDIUM
WIN-SEC-C01-2026092516,SEC-C01,2026-09-25 16:00:00,2026-09-25 17:00:00,1,30,UNAVAILABLE,MEDIUM
WIN-SEC-C01-2026092517,SEC-C01,2026-09-25 17:00:00,2026-09-25 18:00:00,1,30,UNAVAILABLE,MEDIUM
WIN-SEC-C01-2026092518,SEC-C01,2026-09-25 18:00:00,2026-09-25 19:00:00,1,45,UNAVAILABLE,MEDIUM
WIN-SEC-C01-2026092519,SEC-C01,2026-09-25 19:00:00,2026-09-25 20:00:00,1,45,UNAVAILABLE,MEDIUM
WIN-SEC-C01-2026092520,SEC-C01,2026-09-25 20:00:00,2026-09-25 21:00:00,0,45,UNAVAILABLE,MEDIUM
WIN-SEC-C01-2026092521,SEC-C01,2026-09-25 21:00:00,2026-09-25 22:00:00,1,43,UNAVAILABLE,MEDIUM
WIN-SEC-C01-2026092522,SEC-C01,2026-09-25 22:00:00,2026-09-25 23:00:00,0,43,AVAILABLE,LOW
WIN-SEC-C01-2026092523,SEC-C01,2026-09-25 23:00:00,2026-09-26 00:00:00,0,43,AVAILABLE,LOW
WIN-SEC-A01-2026092600,SEC-A01,2026-09-26 00:00:00,2026-09-26 01:00:00,0,62,AVAILABLE,LOW
WIN-SEC-A01-2026092601,SEC-A01,2026-09-26 01:00:00,2026-09-26 02:00:00,1,62,UNAVAILABLE,MEDIUM
WIN-SEC-A01-2026092602,SEC-A01,2026-09-26 02:00:00,2026-09-26 03:00:00,1,62,UNAVAILABLE,MEDIUM
WIN-SEC-A01-2026092603,SEC-A01,2026-09-26 03:00:00,2026-09-26 04:00:00,2,58,UNAVAILABLE,HIGH
WIN-SEC-A01-2026092604,SEC-A01,2026-09-26 04:00:00,2026-09-26 05:00:00,1,58,UNAVAILABLE,MEDIUM
WIN-SEC-A01-2026092605,SEC-A01,2026-09-26 05:00:00,2026-09-26 06:00:00,1,58,UNAVAILABLE,MEDIUM
WIN-SEC-A01-2026092606,SEC-A01,2026-09-26 06:00:00,2026-09-26 07:00:00,2,88,UNAVAILABLE,HIGH
WIN-SEC-A01-2026092607,SEC-A01,2026-09-26 07:00:00,2026-09-26 08:00:00,2,88,UNAVAILABLE,HIGH
WIN-SEC-A01-2026092608,SEC-A01,2026-09-26 08:00:00,2026-09-26 09:00:00,2,88,UNAVAILABLE,HIGH
WIN-SEC-A01-2026092609,SEC-A01,2026-09-26 09:00:00,2026-09-26 10:00:00,2,76,UNAVAILABLE,HIGH
WIN-SEC-A01-2026092610,SEC-A01,2026-09-26 10:00:00,2026-09-26 11:00:00,2,76,UNAVAILABLE,HIGH
WIN-SEC-A01-2026092611,SEC-A01,2026-09-26 11:00:00,2026-09-26 12:00:00,2,76,UNAVAILABLE,HIGH
WIN-SEC-A01-2026092612,SEC-A01,2026-09-26 12:00:00,2026-09-26 13:00:00,1,77,UNAVAILABLE,MEDIUM
WIN-SEC-A01-2026092613,SEC-A01,2026-09-26 13:00:00,2026-09-26 14:00:00,2,77,UNAVAILABLE,HIGH
WIN-SEC-A01-2026092614,SEC-A01,2026-09-26 14:00:00,2026-09-26 15:00:00,1,77,UNAVAILABLE,MEDIUM
WIN-SEC-A01-2026092615,SEC-A01,2026-09-26 15:00:00,2026-09-26 16:00:00,1,66,UNAVAILABLE,MEDIUM
WIN-SEC-A01-2026092616,SEC-A01,2026-09-26 16:00:00,2026-09-26 17:00:00,2,66,UNAVAILABLE,HIGH
WIN-SEC-A01-2026092617,SEC-A01,2026-09-26 17:00:00,2026-09-26 18:00:00,2,66,UNAVAILABLE,HIGH
WIN-SEC-A01-2026092618,SEC-A01,2026-09-26 18:00:00,2026-09-26 19:00:00,2,79,UNAVAILABLE,HIGH
WIN-SEC-A01-2026092619,SEC-A01,2026-09-26 19:00:00,2026-09-26 20:00:00,1,79,UNAVAILABLE,MEDIUM
WIN-SEC-A01-2026092620,SEC-A01,2026-09-26 20:00:00,2026-09-26 21:00:00,2,79,UNAVAILABLE,HIGH
WIN-SEC-A01-2026092621,SEC-A01,2026-09-26 21:00:00,2026-09-26 22:00:00,2,75,UNAVAILABLE,HIGH
WIN-SEC-A01-2026092622,SEC-A01,2026-09-26 22:00:00,2026-09-26 23:00:00,1,75,UNAVAILABLE,MEDIUM
WIN-SEC-A01-2026092623,SEC-A01,2026-09-26 23:00:00,2026-09-27 00:00:00,2,75,UNAVAILABLE,HIGH
WIN-SEC-A02-2026092600,SEC-A02,2026-09-26 00:00:00,2026-09-26 01:00:00,2,61,UNAVAILABLE,HIGH
WIN-SEC-A02-2026092601,SEC-A02,2026-09-26 01:00:00,2026-09-26 02:00:00,1,61,UNAVAILABLE,MEDIUM
WIN-SEC-A02-2026092602,SEC-A02,2026-09-26 02:00:00,2026-09-26 03:00:00,1,61,UNAVAILABLE,MEDIUM
WIN-SEC-A02-2026092603,SEC-A02,2026-09-26 03:00:00,2026-09-26 04:00:00,1,70,UNAVAILABLE,MEDIUM
WIN-SEC-A02-2026092604,SEC-A02,2026-09-26 04:00:00,2026-09-26 05:00:00,1,70,UNAVAILABLE,MEDIUM
WIN-SEC-A02-2026092605,SEC-A02,2026-09-26 05:00:00,2026-09-26 06:00:00,1,70,UNAVAILABLE,MEDIUM
WIN-SEC-A02-2026092606,SEC-A02,2026-09-26 06:00:00,2026-09-26 07:00:00,2,87,UNAVAILABLE,HIGH
WIN-SEC-A02-2026092607,SEC-A02,2026-09-26 07:00:00,2026-09-26 08:00:00,2,87,UNAVAILABLE,HIGH
WIN-SEC-A02-2026092608,SEC-A02,2026-09-26 08:00:00,2026-09-26 09:00:00,2,87,UNAVAILABLE,HIGH
WIN-SEC-A02-2026092609,SEC-A02,2026-09-26 09:00:00,2026-09-26 10:00:00,2,90,UNAVAILABLE,HIGH
WIN-SEC-A02-2026092610,SEC-A02,2026-09-26 10:00:00,2026-09-26 11:00:00,1,90,UNAVAILABLE,MEDIUM
WIN-SEC-A02-2026092611,SEC-A02,2026-09-26 11:00:00,2026-09-26 12:00:00,1,90,UNAVAILABLE,MEDIUM
WIN-SEC-A02-2026092612,SEC-A02,2026-09-26 12:00:00,2026-09-26 13:00:00,1,75,UNAVAILABLE,MEDIUM
WIN-SEC-A02-2026092613,SEC-A02,2026-09-26 13:00:00,2026-09-26 14:00:00,1,75,UNAVAILABLE,MEDIUM
WIN-SEC-A02-2026092614,SEC-A02,2026-09-26 14:00:00,2026-09-26 15:00:00,1,75,UNAVAILABLE,MEDIUM
WIN-SEC-A02-2026092615,SEC-A02,2026-09-26 15:00:00,2026-09-26 16:00:00,1,65,UNAVAILABLE,MEDIUM
WIN-SEC-A02-2026092616,SEC-A02,2026-09-26 16:00:00,2026-09-26 17:00:00,1,65,UNAVAILABLE,MEDIUM
WIN-SEC-A02-2026092617,SEC-A02,2026-09-26 17:00:00,2026-09-26 18:00:00,1,65,UNAVAILABLE,MEDIUM
WIN-SEC-A02-2026092618,SEC-A02,2026-09-26 18:00:00,2026-09-26 19:00:00,1,82,UNAVAILABLE,MEDIUM
WIN-SEC-A02-2026092619,SEC-A02,2026-09-26 19:00:00,2026-09-26 20:00:00,2,82,UNAVAILABLE,HIGH
WIN-SEC-A02-2026092620,SEC-A02,2026-09-26 20:00:00,2026-09-26 21:00:00,2,82,UNAVAILABLE,HIGH
WIN-SEC-A02-2026092621,SEC-A02,2026-09-26 21:00:00,2026-09-26 22:00:00,2,79,UNAVAILABLE,HIGH
WIN-SEC-A02-2026092622,SEC-A02,2026-09-26 22:00:00,2026-09-26 23:00:00,2,79,UNAVAILABLE,HIGH
WIN-SEC-A02-2026092623,SEC-A02,2026-09-26 23:00:00,2026-09-27 00:00:00,2,79,UNAVAILABLE,HIGH
WIN-SEC-B01-2026092600,SEC-B01,2026-09-26 00:00:00,2026-09-26 01:00:00,2,52,UNAVAILABLE,HIGH
WIN-SEC-B01-2026092601,SEC-B01,2026-09-26 01:00:00,2026-09-26 02:00:00,1,52,UNAVAILABLE,MEDIUM
WIN-SEC-B01-2026092602,SEC-B01,2026-09-26 02:00:00,2026-09-26 03:00:00,1,52,UNAVAILABLE,MEDIUM
WIN-SEC-B01-2026092603,SEC-B01,2026-09-26 03:00:00,2026-09-26 04:00:00,1,37,UNAVAILABLE,MEDIUM
WIN-SEC-B01-2026092604,SEC-B01,2026-09-26 04:00:00,2026-09-26 05:00:00,1,37,UNAVAILABLE,MEDIUM
WIN-SEC-B01-2026092605,SEC-B01,2026-09-26 05:00:00,2026-09-26 06:00:00,2,37,UNAVAILABLE,HIGH
WIN-SEC-B01-2026092606,SEC-B01,2026-09-26 06:00:00,2026-09-26 07:00:00,1,69,UNAVAILABLE,MEDIUM
WIN-SEC-B01-2026092607,SEC-B01,2026-09-26 07:00:00,2026-09-26 08:00:00,1,69,UNAVAILABLE,MEDIUM
WIN-SEC-B01-2026092608,SEC-B01,2026-09-26 08:00:00,2026-09-26 09:00:00,0,69,UNAVAILABLE,MEDIUM
WIN-SEC-B01-2026092609,SEC-B01,2026-09-26 09:00:00,2026-09-26 10:00:00,1,69,UNAVAILABLE,MEDIUM
WIN-SEC-B01-2026092610,SEC-B01,2026-09-26 10:00:00,2026-09-26 11:00:00,1,69,UNAVAILABLE,MEDIUM
WIN-SEC-B01-2026092611,SEC-B01,2026-09-26 11:00:00,2026-09-26 12:00:00,0,69,UNAVAILABLE,MEDIUM
WIN-SEC-B01-2026092612,SEC-B01,2026-09-26 12:00:00,2026-09-26 13:00:00,1,63,UNAVAILABLE,MEDIUM
WIN-SEC-B01-2026092613,SEC-B01,2026-09-26 13:00:00,2026-09-26 14:00:00,1,63,UNAVAILABLE,MEDIUM
WIN-SEC-B01-2026092614,SEC-B01,2026-09-26 14:00:00,2026-09-26 15:00:00,0,63,AVAILABLE,LOW
WIN-SEC-B01-2026092615,SEC-B01,2026-09-26 15:00:00,2026-09-26 16:00:00,1,50,UNAVAILABLE,MEDIUM
WIN-SEC-B01-2026092616,SEC-B01,2026-09-26 16:00:00,2026-09-26 17:00:00,1,50,UNAVAILABLE,MEDIUM
WIN-SEC-B01-2026092617,SEC-B01,2026-09-26 17:00:00,2026-09-26 18:00:00,1,50,UNAVAILABLE,MEDIUM
WIN-SEC-B01-2026092618,SEC-B01,2026-09-26 18:00:00,2026-09-26 19:00:00,1,68,UNAVAILABLE,MEDIUM
WIN-SEC-B01-2026092619,SEC-B01,2026-09-26 19:00:00,2026-09-26 20:00:00,1,68,UNAVAILABLE,MEDIUM
WIN-SEC-B01-2026092620,SEC-B01,2026-09-26 20:00:00,2026-09-26 21:00:00,2,68,UNAVAILABLE,HIGH
WIN-SEC-B01-2026092621,SEC-B01,2026-09-26 21:00:00,2026-09-26 22:00:00,1,78,UNAVAILABLE,MEDIUM
WIN-SEC-B01-2026092622,SEC-B01,2026-09-26 22:00:00,2026-09-26 23:00:00,1,78,UNAVAILABLE,MEDIUM
WIN-SEC-B01-2026092623,SEC-B01,2026-09-26 23:00:00,2026-09-27 00:00:00,1,78,UNAVAILABLE,MEDIUM
WIN-SEC-B02-2026092600,SEC-B02,2026-09-26 00:00:00,2026-09-26 01:00:00,1,40,UNAVAILABLE,MEDIUM
WIN-SEC-B02-2026092601,SEC-B02,2026-09-26 01:00:00,2026-09-26 02:00:00,1,40,UNAVAILABLE,MEDIUM
WIN-SEC-B02-2026092602,SEC-B02,2026-09-26 02:00:00,2026-09-26 03:00:00,0,40,AVAILABLE,LOW
WIN-SEC-B02-2026092603,SEC-B02,2026-09-26 03:00:00,2026-09-26 04:00:00,1,35,UNAVAILABLE,MEDIUM
WIN-SEC-B02-2026092604,SEC-B02,2026-09-26 04:00:00,2026-09-26 05:00:00,1,35,UNAVAILABLE,MEDIUM
WIN-SEC-B02-2026092605,SEC-B02,2026-09-26 05:00:00,2026-09-26 06:00:00,1,35,UNAVAILABLE,MEDIUM
WIN-SEC-B02-2026092606,SEC-B02,2026-09-26 06:00:00,2026-09-26 07:00:00,1,53,UNAVAILABLE,MEDIUM
WIN-SEC-B02-2026092607,SEC-B02,2026-09-26 07:00:00,2026-09-26 08:00:00,1,53,UNAVAILABLE,MEDIUM
WIN-SEC-B02-2026092608,SEC-B02,2026-09-26 08:00:00,2026-09-26 09:00:00,0,53,UNAVAILABLE,MEDIUM
WIN-SEC-B02-2026092609,SEC-B02,2026-09-26 09:00:00,2026-09-26 10:00:00,1,68,UNAVAILABLE,MEDIUM
WIN-SEC-B02-2026092610,SEC-B02,2026-09-26 10:00:00,2026-09-26 11:00:00,1,68,UNAVAILABLE,MEDIUM
WIN-SEC-B02-2026092611,SEC-B02,2026-09-26 11:00:00,2026-09-26 12:00:00,1,68,UNAVAILABLE,MEDIUM
WIN-SEC-B02-2026092612,SEC-B02,2026-09-26 12:00:00,2026-09-26 13:00:00,1,41,UNAVAILABLE,MEDIUM
WIN-SEC-B02-2026092613,SEC-B02,2026-09-26 13:00:00,2026-09-26 14:00:00,1,41,UNAVAILABLE,MEDIUM
WIN-SEC-B02-2026092614,SEC-B02,2026-09-26 14:00:00,2026-09-26 15:00:00,1,41,UNAVAILABLE,MEDIUM
WIN-SEC-B02-2026092615,SEC-B02,2026-09-26 15:00:00,2026-09-26 16:00:00,1,50,UNAVAILABLE,MEDIUM
WIN-SEC-B02-2026092616,SEC-B02,2026-09-26 16:00:00,2026-09-26 17:00:00,1,50,UNAVAILABLE,MEDIUM
WIN-SEC-B02-2026092617,SEC-B02,2026-09-26 17:00:00,2026-09-26 18:00:00,1,50,UNAVAILABLE,MEDIUM
WIN-SEC-B02-2026092618,SEC-B02,2026-09-26 18:00:00,2026-09-26 19:00:00,1,67,UNAVAILABLE,MEDIUM
WIN-SEC-B02-2026092619,SEC-B02,2026-09-26 19:00:00,2026-09-26 20:00:00,1,67,UNAVAILABLE,MEDIUM
WIN-SEC-B02-2026092620,SEC-B02,2026-09-26 20:00:00,2026-09-26 21:00:00,2,67,UNAVAILABLE,HIGH
WIN-SEC-B02-2026092621,SEC-B02,2026-09-26 21:00:00,2026-09-26 22:00:00,1,65,UNAVAILABLE,MEDIUM
WIN-SEC-B02-2026092622,SEC-B02,2026-09-26 22:00:00,2026-09-26 23:00:00,1,65,UNAVAILABLE,MEDIUM
WIN-SEC-B02-2026092623,SEC-B02,2026-09-26 23:00:00,2026-09-27 00:00:00,1,65,UNAVAILABLE,MEDIUM
WIN-SEC-C01-2026092600,SEC-C01,2026-09-26 00:00:00,2026-09-26 01:00:00,0,27,AVAILABLE,LOW
WIN-SEC-C01-2026092601,SEC-C01,2026-09-26 01:00:00,2026-09-26 02:00:00,0,27,AVAILABLE,LOW
WIN-SEC-C01-2026092602,SEC-C01,2026-09-26 02:00:00,2026-09-26 03:00:00,1,27,UNAVAILABLE,MEDIUM
WIN-SEC-C01-2026092603,SEC-C01,2026-09-26 03:00:00,2026-09-26 04:00:00,0,25,AVAILABLE,LOW
WIN-SEC-C01-2026092604,SEC-C01,2026-09-26 04:00:00,2026-09-26 05:00:00,1,25,UNAVAILABLE,MEDIUM
WIN-SEC-C01-2026092605,SEC-C01,2026-09-26 05:00:00,2026-09-26 06:00:00,1,25,UNAVAILABLE,MEDIUM
WIN-SEC-C01-2026092606,SEC-C01,2026-09-26 06:00:00,2026-09-26 07:00:00,0,52,UNAVAILABLE,MEDIUM
WIN-SEC-C01-2026092607,SEC-C01,2026-09-26 07:00:00,2026-09-26 08:00:00,1,52,UNAVAILABLE,MEDIUM
WIN-SEC-C01-2026092608,SEC-C01,2026-09-26 08:00:00,2026-09-26 09:00:00,0,52,UNAVAILABLE,MEDIUM
WIN-SEC-C01-2026092609,SEC-C01,2026-09-26 09:00:00,2026-09-26 10:00:00,1,38,UNAVAILABLE,MEDIUM
WIN-SEC-C01-2026092610,SEC-C01,2026-09-26 10:00:00,2026-09-26 11:00:00,1,38,UNAVAILABLE,MEDIUM
WIN-SEC-C01-2026092611,SEC-C01,2026-09-26 11:00:00,2026-09-26 12:00:00,0,38,AVAILABLE,LOW
WIN-SEC-C01-2026092612,SEC-C01,2026-09-26 12:00:00,2026-09-26 13:00:00,1,28,UNAVAILABLE,MEDIUM
WIN-SEC-C01-2026092613,SEC-C01,2026-09-26 13:00:00,2026-09-26 14:00:00,0,28,AVAILABLE,LOW
WIN-SEC-C01-2026092614,SEC-C01,2026-09-26 14:00:00,2026-09-26 15:00:00,1,28,UNAVAILABLE,MEDIUM
WIN-SEC-C01-2026092615,SEC-C01,2026-09-26 15:00:00,2026-09-26 16:00:00,0,27,AVAILABLE,LOW
WIN-SEC-C01-2026092616,SEC-C01,2026-09-26 16:00:00,2026-09-26 17:00:00,1,27,UNAVAILABLE,MEDIUM
WIN-SEC-C01-2026092617,SEC-C01,2026-09-26 17:00:00,2026-09-26 18:00:00,1,27,UNAVAILABLE,MEDIUM
WIN-SEC-C01-2026092618,SEC-C01,2026-09-26 18:00:00,2026-09-26 19:00:00,0,49,UNAVAILABLE,MEDIUM
WIN-SEC-C01-2026092619,SEC-C01,2026-09-26 19:00:00,2026-09-26 20:00:00,1,49,UNAVAILABLE,MEDIUM
WIN-SEC-C01-2026092620,SEC-C01,2026-09-26 20:00:00,2026-09-26 21:00:00,0,49,UNAVAILABLE,MEDIUM
WIN-SEC-C01-2026092621,SEC-C01,2026-09-26 21:00:00,2026-09-26 22:00:00,1,49,UNAVAILABLE,MEDIUM
WIN-SEC-C01-2026092622,SEC-C01,2026-09-26 22:00:00,2026-09-26 23:00:00,1,49,UNAVAILABLE,MEDIUM
WIN-SEC-C01-2026092623,SEC-C01,2026-09-26 23:00:00,2026-09-27 00:00:00,1,49,UNAVAILABLE,MEDIUM
WIN-SEC-A01-2026092700,SEC-A01,2026-09-27 00:00:00,2026-09-27 01:00:00,1,67,UNAVAILABLE,MEDIUM
WIN-SEC-A01-2026092701,SEC-A01,2026-09-27 01:00:00,2026-09-27 02:00:00,1,67,UNAVAILABLE,MEDIUM
WIN-SEC-A01-2026092702,SEC-A01,2026-09-27 02:00:00,2026-09-27 03:00:00,1,67,UNAVAILABLE,MEDIUM
WIN-SEC-A01-2026092703,SEC-A01,2026-09-27 03:00:00,2026-09-27 04:00:00,1,71,UNAVAILABLE,MEDIUM
WIN-SEC-A01-2026092704,SEC-A01,2026-09-27 04:00:00,2026-09-27 05:00:00,1,71,UNAVAILABLE,MEDIUM
WIN-SEC-A01-2026092705,SEC-A01,2026-09-27 05:00:00,2026-09-27 06:00:00,2,71,UNAVAILABLE,HIGH
WIN-SEC-A01-2026092706,SEC-A01,2026-09-27 06:00:00,2026-09-27 07:00:00,2,77,UNAVAILABLE,HIGH
WIN-SEC-A01-2026092707,SEC-A01,2026-09-27 07:00:00,2026-09-27 08:00:00,2,77,UNAVAILABLE,HIGH
WIN-SEC-A01-2026092708,SEC-A01,2026-09-27 08:00:00,2026-09-27 09:00:00,2,77,UNAVAILABLE,HIGH
WIN-SEC-A01-2026092709,SEC-A01,2026-09-27 09:00:00,2026-09-27 10:00:00,2,94,UNAVAILABLE,HIGH
WIN-SEC-A01-2026092710,SEC-A01,2026-09-27 10:00:00,2026-09-27 11:00:00,2,94,UNAVAILABLE,HIGH
WIN-SEC-A01-2026092711,SEC-A01,2026-09-27 11:00:00,2026-09-27 12:00:00,1,94,UNAVAILABLE,MEDIUM
WIN-SEC-A01-2026092712,SEC-A01,2026-09-27 12:00:00,2026-09-27 13:00:00,2,81,UNAVAILABLE,HIGH
WIN-SEC-A01-2026092713,SEC-A01,2026-09-27 13:00:00,2026-09-27 14:00:00,1,81,UNAVAILABLE,MEDIUM
WIN-SEC-A01-2026092714,SEC-A01,2026-09-27 14:00:00,2026-09-27 15:00:00,1,81,UNAVAILABLE,MEDIUM
WIN-SEC-A01-2026092715,SEC-A01,2026-09-27 15:00:00,2026-09-27 16:00:00,1,76,UNAVAILABLE,MEDIUM
WIN-SEC-A01-2026092716,SEC-A01,2026-09-27 16:00:00,2026-09-27 17:00:00,1,76,UNAVAILABLE,MEDIUM
WIN-SEC-A01-2026092717,SEC-A01,2026-09-27 17:00:00,2026-09-27 18:00:00,1,76,UNAVAILABLE,MEDIUM
WIN-SEC-A01-2026092718,SEC-A01,2026-09-27 18:00:00,2026-09-27 19:00:00,1,95,UNAVAILABLE,MEDIUM
WIN-SEC-A01-2026092719,SEC-A01,2026-09-27 19:00:00,2026-09-27 20:00:00,2,95,UNAVAILABLE,HIGH
WIN-SEC-A01-2026092720,SEC-A01,2026-09-27 20:00:00,2026-09-27 21:00:00,2,95,UNAVAILABLE,HIGH
WIN-SEC-A01-2026092721,SEC-A01,2026-09-27 21:00:00,2026-09-27 22:00:00,0,74,UNAVAILABLE,MEDIUM
WIN-SEC-A01-2026092722,SEC-A01,2026-09-27 22:00:00,2026-09-27 23:00:00,2,74,UNAVAILABLE,HIGH
WIN-SEC-A01-2026092723,SEC-A01,2026-09-27 23:00:00,2026-09-28 00:00:00,2,74,UNAVAILABLE,HIGH
WIN-SEC-A02-2026092700,SEC-A02,2026-09-27 00:00:00,2026-09-27 01:00:00,2,61,UNAVAILABLE,HIGH
WIN-SEC-A02-2026092701,SEC-A02,2026-09-27 01:00:00,2026-09-27 02:00:00,1,61,UNAVAILABLE,MEDIUM
WIN-SEC-A02-2026092702,SEC-A02,2026-09-27 02:00:00,2026-09-27 03:00:00,1,61,UNAVAILABLE,MEDIUM
WIN-SEC-A02-2026092703,SEC-A02,2026-09-27 03:00:00,2026-09-27 04:00:00,1,60,UNAVAILABLE,MEDIUM
WIN-SEC-A02-2026092704,SEC-A02,2026-09-27 04:00:00,2026-09-27 05:00:00,2,60,UNAVAILABLE,HIGH
WIN-SEC-A02-2026092705,SEC-A02,2026-09-27 05:00:00,2026-09-27 06:00:00,2,60,UNAVAILABLE,HIGH
WIN-SEC-A02-2026092706,SEC-A02,2026-09-27 06:00:00,2026-09-27 07:00:00,1,88,UNAVAILABLE,MEDIUM
WIN-SEC-A02-2026092707,SEC-A02,2026-09-27 07:00:00,2026-09-27 08:00:00,2,88,UNAVAILABLE,HIGH
WIN-SEC-A02-2026092708,SEC-A02,2026-09-27 08:00:00,2026-09-27 09:00:00,2,88,UNAVAILABLE,HIGH
WIN-SEC-A02-2026092709,SEC-A02,2026-09-27 09:00:00,2026-09-27 10:00:00,1,78,UNAVAILABLE,MEDIUM
WIN-SEC-A02-2026092710,SEC-A02,2026-09-27 10:00:00,2026-09-27 11:00:00,2,78,UNAVAILABLE,HIGH
WIN-SEC-A02-2026092711,SEC-A02,2026-09-27 11:00:00,2026-09-27 12:00:00,2,78,UNAVAILABLE,HIGH
WIN-SEC-A02-2026092712,SEC-A02,2026-09-27 12:00:00,2026-09-27 13:00:00,1,77,UNAVAILABLE,MEDIUM
WIN-SEC-A02-2026092713,SEC-A02,2026-09-27 13:00:00,2026-09-27 14:00:00,1,77,UNAVAILABLE,MEDIUM
WIN-SEC-A02-2026092714,SEC-A02,2026-09-27 14:00:00,2026-09-27 15:00:00,1,77,UNAVAILABLE,MEDIUM
WIN-SEC-A02-2026092715,SEC-A02,2026-09-27 15:00:00,2026-09-27 16:00:00,1,80,UNAVAILABLE,MEDIUM
WIN-SEC-A02-2026092716,SEC-A02,2026-09-27 16:00:00,2026-09-27 17:00:00,1,80,UNAVAILABLE,MEDIUM
WIN-SEC-A02-2026092717,SEC-A02,2026-09-27 17:00:00,2026-09-27 18:00:00,1,80,UNAVAILABLE,MEDIUM
WIN-SEC-A02-2026092718,SEC-A02,2026-09-27 18:00:00,2026-09-27 19:00:00,2,88,UNAVAILABLE,HIGH
WIN-SEC-A02-2026092719,SEC-A02,2026-09-27 19:00:00,2026-09-27 20:00:00,1,88,UNAVAILABLE,MEDIUM
WIN-SEC-A02-2026092720,SEC-A02,2026-09-27 20:00:00,2026-09-27 21:00:00,2,88,UNAVAILABLE,HIGH
WIN-SEC-A02-2026092721,SEC-A02,2026-09-27 21:00:00,2026-09-27 22:00:00,1,86,UNAVAILABLE,MEDIUM
WIN-SEC-A02-2026092722,SEC-A02,2026-09-27 22:00:00,2026-09-27 23:00:00,1,86,UNAVAILABLE,MEDIUM
WIN-SEC-A02-2026092723,SEC-A02,2026-09-27 23:00:00,2026-09-28 00:00:00,2,86,UNAVAILABLE,HIGH
WIN-SEC-B01-2026092700,SEC-B01,2026-09-27 00:00:00,2026-09-27 01:00:00,0,38,AVAILABLE,LOW
WIN-SEC-B01-2026092701,SEC-B01,2026-09-27 01:00:00,2026-09-27 02:00:00,1,38,UNAVAILABLE,MEDIUM
WIN-SEC-B01-2026092702,SEC-B01,2026-09-27 02:00:00,2026-09-27 03:00:00,1,38,UNAVAILABLE,MEDIUM
WIN-SEC-B01-2026092703,SEC-B01,2026-09-27 03:00:00,2026-09-27 04:00:00,1,39,UNAVAILABLE,MEDIUM
WIN-SEC-B01-2026092704,SEC-B01,2026-09-27 04:00:00,2026-09-27 05:00:00,1,39,UNAVAILABLE,MEDIUM
WIN-SEC-B01-2026092705,SEC-B01,2026-09-27 05:00:00,2026-09-27 06:00:00,1,39,UNAVAILABLE,MEDIUM
WIN-SEC-B01-2026092706,SEC-B01,2026-09-27 06:00:00,2026-09-27 07:00:00,1,71,UNAVAILABLE,MEDIUM
WIN-SEC-B01-2026092707,SEC-B01,2026-09-27 07:00:00,2026-09-27 08:00:00,1,71,UNAVAILABLE,MEDIUM
WIN-SEC-B01-2026092708,SEC-B01,2026-09-27 08:00:00,2026-09-27 09:00:00,2,71,UNAVAILABLE,HIGH
WIN-SEC-B01-2026092709,SEC-B01,2026-09-27 09:00:00,2026-09-27 10:00:00,1,69,UNAVAILABLE,MEDIUM
WIN-SEC-B01-2026092710,SEC-B01,2026-09-27 10:00:00,2026-09-27 11:00:00,1,69,UNAVAILABLE,MEDIUM
WIN-SEC-B01-2026092711,SEC-B01,2026-09-27 11:00:00,2026-09-27 12:00:00,2,69,UNAVAILABLE,HIGH
WIN-SEC-B01-2026092712,SEC-B01,2026-09-27 12:00:00,2026-09-27 13:00:00,1,52,UNAVAILABLE,MEDIUM
WIN-SEC-B01-2026092713,SEC-B01,2026-09-27 13:00:00,2026-09-27 14:00:00,1,52,UNAVAILABLE,MEDIUM
WIN-SEC-B01-2026092714,SEC-B01,2026-09-27 14:00:00,2026-09-27 15:00:00,2,52,UNAVAILABLE,HIGH
WIN-SEC-B01-2026092715,SEC-B01,2026-09-27 15:00:00,2026-09-27 16:00:00,1,49,UNAVAILABLE,MEDIUM
WIN-SEC-B01-2026092716,SEC-B01,2026-09-27 16:00:00,2026-09-27 17:00:00,1,49,UNAVAILABLE,MEDIUM
WIN-SEC-B01-2026092717,SEC-B01,2026-09-27 17:00:00,2026-09-27 18:00:00,1,49,UNAVAILABLE,MEDIUM
WIN-SEC-B01-2026092718,SEC-B01,2026-09-27 18:00:00,2026-09-27 19:00:00,1,52,UNAVAILABLE,MEDIUM
WIN-SEC-B01-2026092719,SEC-B01,2026-09-27 19:00:00,2026-09-27 20:00:00,1,52,UNAVAILABLE,MEDIUM
WIN-SEC-B01-2026092720,SEC-B01,2026-09-27 20:00:00,2026-09-27 21:00:00,1,52,UNAVAILABLE,MEDIUM
WIN-SEC-B01-2026092721,SEC-B01,2026-09-27 21:00:00,2026-09-27 22:00:00,1,58,UNAVAILABLE,MEDIUM
WIN-SEC-B01-2026092722,SEC-B01,2026-09-27 22:00:00,2026-09-27 23:00:00,1,58,UNAVAILABLE,MEDIUM
WIN-SEC-B01-2026092723,SEC-B01,2026-09-27 23:00:00,2026-09-28 00:00:00,2,58,UNAVAILABLE,HIGH
WIN-SEC-B02-2026092700,SEC-B02,2026-09-27 00:00:00,2026-09-27 01:00:00,0,55,AVAILABLE,LOW
WIN-SEC-B02-2026092701,SEC-B02,2026-09-27 01:00:00,2026-09-27 02:00:00,1,55,UNAVAILABLE,MEDIUM
WIN-SEC-B02-2026092702,SEC-B02,2026-09-27 02:00:00,2026-09-27 03:00:00,1,55,UNAVAILABLE,MEDIUM
WIN-SEC-B02-2026092703,SEC-B02,2026-09-27 03:00:00,2026-09-27 04:00:00,1,36,UNAVAILABLE,MEDIUM
WIN-SEC-B02-2026092704,SEC-B02,2026-09-27 04:00:00,2026-09-27 05:00:00,1,36,UNAVAILABLE,MEDIUM
WIN-SEC-B02-2026092705,SEC-B02,2026-09-27 05:00:00,2026-09-27 06:00:00,1,36,UNAVAILABLE,MEDIUM
WIN-SEC-B02-2026092706,SEC-B02,2026-09-27 06:00:00,2026-09-27 07:00:00,1,65,UNAVAILABLE,MEDIUM
WIN-SEC-B02-2026092707,SEC-B02,2026-09-27 07:00:00,2026-09-27 08:00:00,1,65,UNAVAILABLE,MEDIUM
WIN-SEC-B02-2026092708,SEC-B02,2026-09-27 08:00:00,2026-09-27 09:00:00,2,65,UNAVAILABLE,HIGH
WIN-SEC-B02-2026092709,SEC-B02,2026-09-27 09:00:00,2026-09-27 10:00:00,1,70,UNAVAILABLE,MEDIUM
WIN-SEC-B02-2026092710,SEC-B02,2026-09-27 10:00:00,2026-09-27 11:00:00,1,70,UNAVAILABLE,MEDIUM
WIN-SEC-B02-2026092711,SEC-B02,2026-09-27 11:00:00,2026-09-27 12:00:00,1,70,UNAVAILABLE,MEDIUM
WIN-SEC-B02-2026092712,SEC-B02,2026-09-27 12:00:00,2026-09-27 13:00:00,1,44,UNAVAILABLE,MEDIUM
WIN-SEC-B02-2026092713,SEC-B02,2026-09-27 13:00:00,2026-09-27 14:00:00,1,44,UNAVAILABLE,MEDIUM
WIN-SEC-B02-2026092714,SEC-B02,2026-09-27 14:00:00,2026-09-27 15:00:00,2,44,UNAVAILABLE,HIGH
WIN-SEC-B02-2026092715,SEC-B02,2026-09-27 15:00:00,2026-09-27 16:00:00,1,53,UNAVAILABLE,MEDIUM
WIN-SEC-B02-2026092716,SEC-B02,2026-09-27 16:00:00,2026-09-27 17:00:00,1,53,UNAVAILABLE,MEDIUM
WIN-SEC-B02-2026092717,SEC-B02,2026-09-27 17:00:00,2026-09-27 18:00:00,2,53,UNAVAILABLE,HIGH
WIN-SEC-B02-2026092718,SEC-B02,2026-09-27 18:00:00,2026-09-27 19:00:00,1,70,UNAVAILABLE,MEDIUM
WIN-SEC-B02-2026092719,SEC-B02,2026-09-27 19:00:00,2026-09-27 20:00:00,1,70,UNAVAILABLE,MEDIUM
WIN-SEC-B02-2026092720,SEC-B02,2026-09-27 20:00:00,2026-09-27 21:00:00,1,70,UNAVAILABLE,MEDIUM
WIN-SEC-B02-2026092721,SEC-B02,2026-09-27 21:00:00,2026-09-27 22:00:00,1,64,UNAVAILABLE,MEDIUM
WIN-SEC-B02-2026092722,SEC-B02,2026-09-27 22:00:00,2026-09-27 23:00:00,1,64,UNAVAILABLE,MEDIUM
WIN-SEC-B02-2026092723,SEC-B02,2026-09-27 23:00:00,2026-09-28 00:00:00,1,64,UNAVAILABLE,MEDIUM
WIN-SEC-C01-2026092700,SEC-C01,2026-09-27 00:00:00,2026-09-27 01:00:00,1,41,UNAVAILABLE,MEDIUM
WIN-SEC-C01-2026092701,SEC-C01,2026-09-27 01:00:00,2026-09-27 02:00:00,0,41,AVAILABLE,LOW
WIN-SEC-C01-2026092702,SEC-C01,2026-09-27 02:00:00,2026-09-27 03:00:00,1,41,UNAVAILABLE,MEDIUM
WIN-SEC-C01-2026092703,SEC-C01,2026-09-27 03:00:00,2026-09-27 04:00:00,0,14,AVAILABLE,LOW
WIN-SEC-C01-2026092704,SEC-C01,2026-09-27 04:00:00,2026-09-27 05:00:00,0,14,AVAILABLE,LOW
WIN-SEC-C01-2026092705,SEC-C01,2026-09-27 05:00:00,2026-09-27 06:00:00,1,14,UNAVAILABLE,MEDIUM
WIN-SEC-C01-2026092706,SEC-C01,2026-09-27 06:00:00,2026-09-27 07:00:00,0,50,UNAVAILABLE,MEDIUM
WIN-SEC-C01-2026092707,SEC-C01,2026-09-27 07:00:00,2026-09-27 08:00:00,1,50,UNAVAILABLE,MEDIUM
WIN-SEC-C01-2026092708,SEC-C01,2026-09-27 08:00:00,2026-09-27 09:00:00,1,50,UNAVAILABLE,MEDIUM
WIN-SEC-C01-2026092709,SEC-C01,2026-09-27 09:00:00,2026-09-27 10:00:00,1,43,UNAVAILABLE,MEDIUM
WIN-SEC-C01-2026092710,SEC-C01,2026-09-27 10:00:00,2026-09-27 11:00:00,0,43,AVAILABLE,LOW
WIN-SEC-C01-2026092711,SEC-C01,2026-09-27 11:00:00,2026-09-27 12:00:00,1,43,UNAVAILABLE,MEDIUM
WIN-SEC-C01-2026092712,SEC-C01,2026-09-27 12:00:00,2026-09-27 13:00:00,1,37,UNAVAILABLE,MEDIUM
WIN-SEC-C01-2026092713,SEC-C01,2026-09-27 13:00:00,2026-09-27 14:00:00,0,37,AVAILABLE,LOW
WIN-SEC-C01-2026092714,SEC-C01,2026-09-27 14:00:00,2026-09-27 15:00:00,1,37,UNAVAILABLE,MEDIUM
WIN-SEC-C01-2026092715,SEC-C01,2026-09-27 15:00:00,2026-09-27 16:00:00,0,35,AVAILABLE,LOW
WIN-SEC-C01-2026092716,SEC-C01,2026-09-27 16:00:00,2026-09-27 17:00:00,1,35,UNAVAILABLE,MEDIUM
WIN-SEC-C01-2026092717,SEC-C01,2026-09-27 17:00:00,2026-09-27 18:00:00,1,35,UNAVAILABLE,MEDIUM
WIN-SEC-C01-2026092718,SEC-C01,2026-09-27 18:00:00,2026-09-27 19:00:00,0,40,UNAVAILABLE,MEDIUM
WIN-SEC-C01-2026092719,SEC-C01,2026-09-27 19:00:00,2026-09-27 20:00:00,1,40,UNAVAILABLE,MEDIUM
WIN-SEC-C01-2026092720,SEC-C01,2026-09-27 20:00:00,2026-09-27 21:00:00,0,40,UNAVAILABLE,MEDIUM
WIN-SEC-C01-2026092721,SEC-C01,2026-09-27 21:00:00,2026-09-27 22:00:00,1,45,UNAVAILABLE,MEDIUM
WIN-SEC-C01-2026092722,SEC-C01,2026-09-27 22:00:00,2026-09-27 23:00:00,1,45,UNAVAILABLE,MEDIUM
WIN-SEC-C01-2026092723,SEC-C01,2026-09-27 23:00:00,2026-09-28 00:00:00,1,45,UNAVAILABLE,MEDIUM
WIN-SEC-A01-2026092800,SEC-A01,2026-09-28 00:00:00,2026-09-28 01:00:00,1,53,UNAVAILABLE,MEDIUM
WIN-SEC-A01-2026092801,SEC-A01,2026-09-28 01:00:00,2026-09-28 02:00:00,1,53,UNAVAILABLE,MEDIUM
WIN-SEC-A01-2026092802,SEC-A01,2026-09-28 02:00:00,2026-09-28 03:00:00,1,53,UNAVAILABLE,MEDIUM
WIN-SEC-A01-2026092803,SEC-A01,2026-09-28 03:00:00,2026-09-28 04:00:00,1,68,UNAVAILABLE,MEDIUM
WIN-SEC-A01-2026092804,SEC-A01,2026-09-28 04:00:00,2026-09-28 05:00:00,1,68,UNAVAILABLE,MEDIUM
WIN-SEC-A01-2026092805,SEC-A01,2026-09-28 05:00:00,2026-09-28 06:00:00,1,68,UNAVAILABLE,MEDIUM
WIN-SEC-A01-2026092806,SEC-A01,2026-09-28 06:00:00,2026-09-28 07:00:00,1,86,UNAVAILABLE,MEDIUM
WIN-SEC-A01-2026092807,SEC-A01,2026-09-28 07:00:00,2026-09-28 08:00:00,2,86,UNAVAILABLE,HIGH
WIN-SEC-A01-2026092808,SEC-A01,2026-09-28 08:00:00,2026-09-28 09:00:00,1,86,UNAVAILABLE,MEDIUM
WIN-SEC-A01-2026092809,SEC-A01,2026-09-28 09:00:00,2026-09-28 10:00:00,2,88,UNAVAILABLE,HIGH
WIN-SEC-A01-2026092810,SEC-A01,2026-09-28 10:00:00,2026-09-28 11:00:00,2,88,UNAVAILABLE,HIGH
WIN-SEC-A01-2026092811,SEC-A01,2026-09-28 11:00:00,2026-09-28 12:00:00,2,88,UNAVAILABLE,HIGH
WIN-SEC-A01-2026092812,SEC-A01,2026-09-28 12:00:00,2026-09-28 13:00:00,2,78,UNAVAILABLE,HIGH
WIN-SEC-A01-2026092813,SEC-A01,2026-09-28 13:00:00,2026-09-28 14:00:00,1,78,UNAVAILABLE,MEDIUM
WIN-SEC-A01-2026092814,SEC-A01,2026-09-28 14:00:00,2026-09-28 15:00:00,1,78,UNAVAILABLE,MEDIUM
WIN-SEC-A01-2026092815,SEC-A01,2026-09-28 15:00:00,2026-09-28 16:00:00,1,74,UNAVAILABLE,MEDIUM
WIN-SEC-A01-2026092816,SEC-A01,2026-09-28 16:00:00,2026-09-28 17:00:00,1,74,UNAVAILABLE,MEDIUM
WIN-SEC-A01-2026092817,SEC-A01,2026-09-28 17:00:00,2026-09-28 18:00:00,2,74,UNAVAILABLE,HIGH
WIN-SEC-A01-2026092818,SEC-A01,2026-09-28 18:00:00,2026-09-28 19:00:00,2,85,UNAVAILABLE,HIGH
WIN-SEC-A01-2026092819,SEC-A01,2026-09-28 19:00:00,2026-09-28 20:00:00,2,85,UNAVAILABLE,HIGH
WIN-SEC-A01-2026092820,SEC-A01,2026-09-28 20:00:00,2026-09-28 21:00:00,2,85,UNAVAILABLE,HIGH
WIN-SEC-A01-2026092821,SEC-A01,2026-09-28 21:00:00,2026-09-28 22:00:00,2,79,UNAVAILABLE,HIGH
WIN-SEC-A01-2026092822,SEC-A01,2026-09-28 22:00:00,2026-09-28 23:00:00,2,79,UNAVAILABLE,HIGH
WIN-SEC-A01-2026092823,SEC-A01,2026-09-28 23:00:00,2026-09-29 00:00:00,2,79,UNAVAILABLE,HIGH
WIN-SEC-A02-2026092800,SEC-A02,2026-09-28 00:00:00,2026-09-28 01:00:00,2,60,UNAVAILABLE,HIGH
WIN-SEC-A02-2026092801,SEC-A02,2026-09-28 01:00:00,2026-09-28 02:00:00,2,60,UNAVAILABLE,HIGH
WIN-SEC-A02-2026092802,SEC-A02,2026-09-28 02:00:00,2026-09-28 03:00:00,1,60,UNAVAILABLE,MEDIUM
WIN-SEC-A02-2026092803,SEC-A02,2026-09-28 03:00:00,2026-09-28 04:00:00,1,71,UNAVAILABLE,MEDIUM
WIN-SEC-A02-2026092804,SEC-A02,2026-09-28 04:00:00,2026-09-28 05:00:00,1,71,UNAVAILABLE,MEDIUM
WIN-SEC-A02-2026092805,SEC-A02,2026-09-28 05:00:00,2026-09-28 06:00:00,2,71,UNAVAILABLE,HIGH
WIN-SEC-A02-2026092806,SEC-A02,2026-09-28 06:00:00,2026-09-28 07:00:00,2,93,UNAVAILABLE,HIGH
WIN-SEC-A02-2026092807,SEC-A02,2026-09-28 07:00:00,2026-09-28 08:00:00,2,93,UNAVAILABLE,HIGH
WIN-SEC-A02-2026092808,SEC-A02,2026-09-28 08:00:00,2026-09-28 09:00:00,2,93,UNAVAILABLE,HIGH
WIN-SEC-A02-2026092809,SEC-A02,2026-09-28 09:00:00,2026-09-28 10:00:00,1,83,UNAVAILABLE,MEDIUM
WIN-SEC-A02-2026092810,SEC-A02,2026-09-28 10:00:00,2026-09-28 11:00:00,2,83,UNAVAILABLE,HIGH
WIN-SEC-A02-2026092811,SEC-A02,2026-09-28 11:00:00,2026-09-28 12:00:00,2,83,UNAVAILABLE,HIGH
WIN-SEC-A02-2026092812,SEC-A02,2026-09-28 12:00:00,2026-09-28 13:00:00,2,72,UNAVAILABLE,HIGH
WIN-SEC-A02-2026092813,SEC-A02,2026-09-28 13:00:00,2026-09-28 14:00:00,1,72,UNAVAILABLE,MEDIUM
WIN-SEC-A02-2026092814,SEC-A02,2026-09-28 14:00:00,2026-09-28 15:00:00,1,72,UNAVAILABLE,MEDIUM
WIN-SEC-A02-2026092815,SEC-A02,2026-09-28 15:00:00,2026-09-28 16:00:00,2,67,UNAVAILABLE,HIGH
WIN-SEC-A02-2026092816,SEC-A02,2026-09-28 16:00:00,2026-09-28 17:00:00,2,67,UNAVAILABLE,HIGH
WIN-SEC-A02-2026092817,SEC-A02,2026-09-28 17:00:00,2026-09-28 18:00:00,2,67,UNAVAILABLE,HIGH
WIN-SEC-A02-2026092818,SEC-A02,2026-09-28 18:00:00,2026-09-28 19:00:00,2,91,UNAVAILABLE,HIGH
WIN-SEC-A02-2026092819,SEC-A02,2026-09-28 19:00:00,2026-09-28 20:00:00,2,91,UNAVAILABLE,HIGH
WIN-SEC-A02-2026092820,SEC-A02,2026-09-28 20:00:00,2026-09-28 21:00:00,2,91,UNAVAILABLE,HIGH
WIN-SEC-A02-2026092821,SEC-A02,2026-09-28 21:00:00,2026-09-28 22:00:00,2,88,UNAVAILABLE,HIGH
WIN-SEC-A02-2026092822,SEC-A02,2026-09-28 22:00:00,2026-09-28 23:00:00,1,88,UNAVAILABLE,MEDIUM
WIN-SEC-A02-2026092823,SEC-A02,2026-09-28 23:00:00,2026-09-29 00:00:00,2,88,UNAVAILABLE,HIGH
WIN-SEC-B01-2026092800,SEC-B01,2026-09-28 00:00:00,2026-09-28 01:00:00,1,56,UNAVAILABLE,MEDIUM
WIN-SEC-B01-2026092801,SEC-B01,2026-09-28 01:00:00,2026-09-28 02:00:00,1,56,UNAVAILABLE,MEDIUM
WIN-SEC-B01-2026092802,SEC-B01,2026-09-28 02:00:00,2026-09-28 03:00:00,2,56,UNAVAILABLE,HIGH
WIN-SEC-B01-2026092803,SEC-B01,2026-09-28 03:00:00,2026-09-28 04:00:00,1,39,UNAVAILABLE,MEDIUM
WIN-SEC-B01-2026092804,SEC-B01,2026-09-28 04:00:00,2026-09-28 05:00:00,1,39,UNAVAILABLE,MEDIUM
WIN-SEC-B01-2026092805,SEC-B01,2026-09-28 05:00:00,2026-09-28 06:00:00,1,39,UNAVAILABLE,MEDIUM
WIN-SEC-B01-2026092806,SEC-B01,2026-09-28 06:00:00,2026-09-28 07:00:00,1,62,UNAVAILABLE,MEDIUM
WIN-SEC-B01-2026092807,SEC-B01,2026-09-28 07:00:00,2026-09-28 08:00:00,1,62,UNAVAILABLE,MEDIUM
WIN-SEC-B01-2026092808,SEC-B01,2026-09-28 08:00:00,2026-09-28 09:00:00,1,62,UNAVAILABLE,MEDIUM
WIN-SEC-B01-2026092809,SEC-B01,2026-09-28 09:00:00,2026-09-28 10:00:00,1,65,UNAVAILABLE,MEDIUM
WIN-SEC-B01-2026092810,SEC-B01,2026-09-28 10:00:00,2026-09-28 11:00:00,1,65,UNAVAILABLE,MEDIUM
WIN-SEC-B01-2026092811,SEC-B01,2026-09-28 11:00:00,2026-09-28 12:00:00,1,65,UNAVAILABLE,MEDIUM
WIN-SEC-B01-2026092812,SEC-B01,2026-09-28 12:00:00,2026-09-28 13:00:00,1,56,UNAVAILABLE,MEDIUM
WIN-SEC-B01-2026092813,SEC-B01,2026-09-28 13:00:00,2026-09-28 14:00:00,1,56,UNAVAILABLE,MEDIUM
WIN-SEC-B01-2026092814,SEC-B01,2026-09-28 14:00:00,2026-09-28 15:00:00,2,56,UNAVAILABLE,HIGH
WIN-SEC-B01-2026092815,SEC-B01,2026-09-28 15:00:00,2026-09-28 16:00:00,1,51,UNAVAILABLE,MEDIUM
WIN-SEC-B01-2026092816,SEC-B01,2026-09-28 16:00:00,2026-09-28 17:00:00,1,51,UNAVAILABLE,MEDIUM
WIN-SEC-B01-2026092817,SEC-B01,2026-09-28 17:00:00,2026-09-28 18:00:00,2,51,UNAVAILABLE,HIGH
WIN-SEC-B01-2026092818,SEC-B01,2026-09-28 18:00:00,2026-09-28 19:00:00,1,59,UNAVAILABLE,MEDIUM
WIN-SEC-B01-2026092819,SEC-B01,2026-09-28 19:00:00,2026-09-28 20:00:00,1,59,UNAVAILABLE,MEDIUM
WIN-SEC-B01-2026092820,SEC-B01,2026-09-28 20:00:00,2026-09-28 21:00:00,1,59,UNAVAILABLE,MEDIUM
WIN-SEC-B01-2026092821,SEC-B01,2026-09-28 21:00:00,2026-09-28 22:00:00,1,69,UNAVAILABLE,MEDIUM
WIN-SEC-B01-2026092822,SEC-B01,2026-09-28 22:00:00,2026-09-28 23:00:00,1,69,UNAVAILABLE,MEDIUM
WIN-SEC-B01-2026092823,SEC-B01,2026-09-28 23:00:00,2026-09-29 00:00:00,2,69,UNAVAILABLE,HIGH
WIN-SEC-B02-2026092800,SEC-B02,2026-09-28 00:00:00,2026-09-28 01:00:00,2,48,UNAVAILABLE,HIGH
WIN-SEC-B02-2026092801,SEC-B02,2026-09-28 01:00:00,2026-09-28 02:00:00,1,48,UNAVAILABLE,MEDIUM
WIN-SEC-B02-2026092802,SEC-B02,2026-09-28 02:00:00,2026-09-28 03:00:00,1,48,UNAVAILABLE,MEDIUM
WIN-SEC-B02-2026092803,SEC-B02,2026-09-28 03:00:00,2026-09-28 04:00:00,1,39,UNAVAILABLE,MEDIUM
WIN-SEC-B02-2026092804,SEC-B02,2026-09-28 04:00:00,2026-09-28 05:00:00,1,39,UNAVAILABLE,MEDIUM
WIN-SEC-B02-2026092805,SEC-B02,2026-09-28 05:00:00,2026-09-28 06:00:00,2,39,UNAVAILABLE,HIGH
WIN-SEC-B02-2026092806,SEC-B02,2026-09-28 06:00:00,2026-09-28 07:00:00,1,72,UNAVAILABLE,MEDIUM
WIN-SEC-B02-2026092807,SEC-B02,2026-09-28 07:00:00,2026-09-28 08:00:00,1,72,UNAVAILABLE,MEDIUM
WIN-SEC-B02-2026092808,SEC-B02,2026-09-28 08:00:00,2026-09-28 09:00:00,2,72,UNAVAILABLE,HIGH
WIN-SEC-B02-2026092809,SEC-B02,2026-09-28 09:00:00,2026-09-28 10:00:00,1,71,UNAVAILABLE,MEDIUM
WIN-SEC-B02-2026092810,SEC-B02,2026-09-28 10:00:00,2026-09-28 11:00:00,1,71,UNAVAILABLE,MEDIUM
WIN-SEC-B02-2026092811,SEC-B02,2026-09-28 11:00:00,2026-09-28 12:00:00,1,71,UNAVAILABLE,MEDIUM
WIN-SEC-B02-2026092812,SEC-B02,2026-09-28 12:00:00,2026-09-28 13:00:00,1,53,UNAVAILABLE,MEDIUM
WIN-SEC-B02-2026092813,SEC-B02,2026-09-28 13:00:00,2026-09-28 14:00:00,1,53,UNAVAILABLE,MEDIUM
WIN-SEC-B02-2026092814,SEC-B02,2026-09-28 14:00:00,2026-09-28 15:00:00,1,53,UNAVAILABLE,MEDIUM
WIN-SEC-B02-2026092815,SEC-B02,2026-09-28 15:00:00,2026-09-28 16:00:00,1,52,UNAVAILABLE,MEDIUM
WIN-SEC-B02-2026092816,SEC-B02,2026-09-28 16:00:00,2026-09-28 17:00:00,1,52,UNAVAILABLE,MEDIUM
WIN-SEC-B02-2026092817,SEC-B02,2026-09-28 17:00:00,2026-09-28 18:00:00,1,52,UNAVAILABLE,MEDIUM
WIN-SEC-B02-2026092818,SEC-B02,2026-09-28 18:00:00,2026-09-28 19:00:00,1,67,UNAVAILABLE,MEDIUM
WIN-SEC-B02-2026092819,SEC-B02,2026-09-28 19:00:00,2026-09-28 20:00:00,1,67,UNAVAILABLE,MEDIUM
WIN-SEC-B02-2026092820,SEC-B02,2026-09-28 20:00:00,2026-09-28 21:00:00,1,67,UNAVAILABLE,MEDIUM
WIN-SEC-B02-2026092821,SEC-B02,2026-09-28 21:00:00,2026-09-28 22:00:00,1,59,UNAVAILABLE,MEDIUM
WIN-SEC-B02-2026092822,SEC-B02,2026-09-28 22:00:00,2026-09-28 23:00:00,1,59,UNAVAILABLE,MEDIUM
WIN-SEC-B02-2026092823,SEC-B02,2026-09-28 23:00:00,2026-09-29 00:00:00,0,59,AVAILABLE,LOW
WIN-SEC-C01-2026092800,SEC-C01,2026-09-28 00:00:00,2026-09-28 01:00:00,2,24,UNAVAILABLE,HIGH
WIN-SEC-C01-2026092801,SEC-C01,2026-09-28 01:00:00,2026-09-28 02:00:00,0,24,AVAILABLE,LOW
WIN-SEC-C01-2026092802,SEC-C01,2026-09-28 02:00:00,2026-09-28 03:00:00,1,24,UNAVAILABLE,MEDIUM
WIN-SEC-C01-2026092803,SEC-C01,2026-09-28 03:00:00,2026-09-28 04:00:00,0,11,AVAILABLE,LOW
WIN-SEC-C01-2026092804,SEC-C01,2026-09-28 04:00:00,2026-09-28 05:00:00,0,11,AVAILABLE,LOW
WIN-SEC-C01-2026092805,SEC-C01,2026-09-28 05:00:00,2026-09-28 06:00:00,1,11,UNAVAILABLE,MEDIUM
WIN-SEC-C01-2026092806,SEC-C01,2026-09-28 06:00:00,2026-09-28 07:00:00,0,49,UNAVAILABLE,MEDIUM
WIN-SEC-C01-2026092807,SEC-C01,2026-09-28 07:00:00,2026-09-28 08:00:00,1,49,UNAVAILABLE,MEDIUM
WIN-SEC-C01-2026092808,SEC-C01,2026-09-28 08:00:00,2026-09-28 09:00:00,0,49,UNAVAILABLE,MEDIUM
WIN-SEC-C01-2026092809,SEC-C01,2026-09-28 09:00:00,2026-09-28 10:00:00,1,35,UNAVAILABLE,MEDIUM
WIN-SEC-C01-2026092810,SEC-C01,2026-09-28 10:00:00,2026-09-28 11:00:00,1,35,UNAVAILABLE,MEDIUM
WIN-SEC-C01-2026092811,SEC-C01,2026-09-28 11:00:00,2026-09-28 12:00:00,1,35,UNAVAILABLE,MEDIUM
WIN-SEC-C01-2026092812,SEC-C01,2026-09-28 12:00:00,2026-09-28 13:00:00,1,41,UNAVAILABLE,MEDIUM
WIN-SEC-C01-2026092813,SEC-C01,2026-09-28 13:00:00,2026-09-28 14:00:00,0,41,AVAILABLE,LOW
WIN-SEC-C01-2026092814,SEC-C01,2026-09-28 14:00:00,2026-09-28 15:00:00,1,41,UNAVAILABLE,MEDIUM
WIN-SEC-C01-2026092815,SEC-C01,2026-09-28 15:00:00,2026-09-28 16:00:00,1,30,UNAVAILABLE,MEDIUM
WIN-SEC-C01-2026092816,SEC-C01,2026-09-28 16:00:00,2026-09-28 17:00:00,1,30,UNAVAILABLE,MEDIUM
WIN-SEC-C01-2026092817,SEC-C01,2026-09-28 17:00:00,2026-09-28 18:00:00,1,30,UNAVAILABLE,MEDIUM
WIN-SEC-C01-2026092818,SEC-C01,2026-09-28 18:00:00,2026-09-28 19:00:00,0,43,UNAVAILABLE,MEDIUM
WIN-SEC-C01-2026092819,SEC-C01,2026-09-28 19:00:00,2026-09-28 20:00:00,1,43,UNAVAILABLE,MEDIUM
WIN-SEC-C01-2026092820,SEC-C01,2026-09-28 20:00:00,2026-09-28 21:00:00,0,43,UNAVAILABLE,MEDIUM
WIN-SEC-C01-2026092821,SEC-C01,2026-09-28 21:00:00,2026-09-28 22:00:00,1,40,UNAVAILABLE,MEDIUM
WIN-SEC-C01-2026092822,SEC-C01,2026-09-28 22:00:00,2026-09-28 23:00:00,0,40,AVAILABLE,LOW
WIN-SEC-C01-2026092823,SEC-C01,2026-09-28 23:00:00,2026-09-29 00:00:00,0,40,AVAILABLE,LOW
WIN-SEC-A01-2026092900,SEC-A01,2026-09-29 00:00:00,2026-09-29 01:00:00,2,62,UNAVAILABLE,HIGH
WIN-SEC-A01-2026092901,SEC-A01,2026-09-29 01:00:00,2026-09-29 02:00:00,1,62,UNAVAILABLE,MEDIUM
WIN-SEC-A01-2026092902,SEC-A01,2026-09-29 02:00:00,2026-09-29 03:00:00,1,62,UNAVAILABLE,MEDIUM
WIN-SEC-A01-2026092903,SEC-A01,2026-09-29 03:00:00,2026-09-29 04:00:00,2,73,UNAVAILABLE,HIGH
WIN-SEC-A01-2026092904,SEC-A01,2026-09-29 04:00:00,2026-09-29 05:00:00,2,73,UNAVAILABLE,HIGH
WIN-SEC-A01-2026092905,SEC-A01,2026-09-29 05:00:00,2026-09-29 06:00:00,2,73,UNAVAILABLE,HIGH
WIN-SEC-A01-2026092906,SEC-A01,2026-09-29 06:00:00,2026-09-29 07:00:00,2,69,UNAVAILABLE,HIGH
WIN-SEC-A01-2026092907,SEC-A01,2026-09-29 07:00:00,2026-09-29 08:00:00,1,69,UNAVAILABLE,MEDIUM
WIN-SEC-A01-2026092908,SEC-A01,2026-09-29 08:00:00,2026-09-29 09:00:00,2,69,UNAVAILABLE,HIGH
WIN-SEC-A01-2026092909,SEC-A01,2026-09-29 09:00:00,2026-09-29 10:00:00,2,92,UNAVAILABLE,HIGH
WIN-SEC-A01-2026092910,SEC-A01,2026-09-29 10:00:00,2026-09-29 11:00:00,2,92,UNAVAILABLE,HIGH
WIN-SEC-A01-2026092911,SEC-A01,2026-09-29 11:00:00,2026-09-29 12:00:00,2,92,UNAVAILABLE,HIGH
WIN-SEC-A01-2026092912,SEC-A01,2026-09-29 12:00:00,2026-09-29 13:00:00,1,74,UNAVAILABLE,MEDIUM
WIN-SEC-A01-2026092913,SEC-A01,2026-09-29 13:00:00,2026-09-29 14:00:00,1,74,UNAVAILABLE,MEDIUM
WIN-SEC-A01-2026092914,SEC-A01,2026-09-29 14:00:00,2026-09-29 15:00:00,1,74,UNAVAILABLE,MEDIUM
WIN-SEC-A01-2026092915,SEC-A01,2026-09-29 15:00:00,2026-09-29 16:00:00,1,65,UNAVAILABLE,MEDIUM
WIN-SEC-A01-2026092916,SEC-A01,2026-09-29 16:00:00,2026-09-29 17:00:00,1,65,UNAVAILABLE,MEDIUM
WIN-SEC-A01-2026092917,SEC-A01,2026-09-29 17:00:00,2026-09-29 18:00:00,1,65,UNAVAILABLE,MEDIUM
WIN-SEC-A01-2026092918,SEC-A01,2026-09-29 18:00:00,2026-09-29 19:00:00,2,78,UNAVAILABLE,HIGH
WIN-SEC-A01-2026092919,SEC-A01,2026-09-29 19:00:00,2026-09-29 20:00:00,1,78,UNAVAILABLE,MEDIUM
WIN-SEC-A01-2026092920,SEC-A01,2026-09-29 20:00:00,2026-09-29 21:00:00,2,78,UNAVAILABLE,HIGH
WIN-SEC-A01-2026092921,SEC-A01,2026-09-29 21:00:00,2026-09-29 22:00:00,2,94,UNAVAILABLE,HIGH
WIN-SEC-A01-2026092922,SEC-A01,2026-09-29 22:00:00,2026-09-29 23:00:00,1,94,UNAVAILABLE,MEDIUM
WIN-SEC-A01-2026092923,SEC-A01,2026-09-29 23:00:00,2026-09-30 00:00:00,2,94,UNAVAILABLE,HIGH
WIN-SEC-A02-2026092900,SEC-A02,2026-09-29 00:00:00,2026-09-29 01:00:00,2,58,UNAVAILABLE,HIGH
WIN-SEC-A02-2026092901,SEC-A02,2026-09-29 01:00:00,2026-09-29 02:00:00,1,58,UNAVAILABLE,MEDIUM
WIN-SEC-A02-2026092902,SEC-A02,2026-09-29 02:00:00,2026-09-29 03:00:00,1,58,UNAVAILABLE,MEDIUM
WIN-SEC-A02-2026092903,SEC-A02,2026-09-29 03:00:00,2026-09-29 04:00:00,1,57,UNAVAILABLE,MEDIUM
WIN-SEC-A02-2026092904,SEC-A02,2026-09-29 04:00:00,2026-09-29 05:00:00,1,57,UNAVAILABLE,MEDIUM
WIN-SEC-A02-2026092905,SEC-A02,2026-09-29 05:00:00,2026-09-29 06:00:00,1,57,UNAVAILABLE,MEDIUM
WIN-SEC-A02-2026092906,SEC-A02,2026-09-29 06:00:00,2026-09-29 07:00:00,1,91,UNAVAILABLE,MEDIUM
WIN-SEC-A02-2026092907,SEC-A02,2026-09-29 07:00:00,2026-09-29 08:00:00,1,91,UNAVAILABLE,MEDIUM
WIN-SEC-A02-2026092908,SEC-A02,2026-09-29 08:00:00,2026-09-29 09:00:00,2,91,UNAVAILABLE,HIGH
WIN-SEC-A02-2026092909,SEC-A02,2026-09-29 09:00:00,2026-09-29 10:00:00,2,86,UNAVAILABLE,HIGH
WIN-SEC-A02-2026092910,SEC-A02,2026-09-29 10:00:00,2026-09-29 11:00:00,2,86,UNAVAILABLE,HIGH
WIN-SEC-A02-2026092911,SEC-A02,2026-09-29 11:00:00,2026-09-29 12:00:00,2,86,UNAVAILABLE,HIGH
WIN-SEC-A02-2026092912,SEC-A02,2026-09-29 12:00:00,2026-09-29 13:00:00,1,66,UNAVAILABLE,MEDIUM
WIN-SEC-A02-2026092913,SEC-A02,2026-09-29 13:00:00,2026-09-29 14:00:00,1,66,UNAVAILABLE,MEDIUM
WIN-SEC-A02-2026092914,SEC-A02,2026-09-29 14:00:00,2026-09-29 15:00:00,1,66,UNAVAILABLE,MEDIUM
WIN-SEC-A02-2026092915,SEC-A02,2026-09-29 15:00:00,2026-09-29 16:00:00,1,73,UNAVAILABLE,MEDIUM
WIN-SEC-A02-2026092916,SEC-A02,2026-09-29 16:00:00,2026-09-29 17:00:00,1,73,UNAVAILABLE,MEDIUM
WIN-SEC-A02-2026092917,SEC-A02,2026-09-29 17:00:00,2026-09-29 18:00:00,1,73,UNAVAILABLE,MEDIUM
WIN-SEC-A02-2026092918,SEC-A02,2026-09-29 18:00:00,2026-09-29 19:00:00,2,78,UNAVAILABLE,HIGH
WIN-SEC-A02-2026092919,SEC-A02,2026-09-29 19:00:00,2026-09-29 20:00:00,1,78,UNAVAILABLE,MEDIUM
WIN-SEC-A02-2026092920,SEC-A02,2026-09-29 20:00:00,2026-09-29 21:00:00,2,78,UNAVAILABLE,HIGH
WIN-SEC-A02-2026092921,SEC-A02,2026-09-29 21:00:00,2026-09-29 22:00:00,1,91,UNAVAILABLE,MEDIUM
WIN-SEC-A02-2026092922,SEC-A02,2026-09-29 22:00:00,2026-09-29 23:00:00,2,91,UNAVAILABLE,HIGH
WIN-SEC-A02-2026092923,SEC-A02,2026-09-29 23:00:00,2026-09-30 00:00:00,1,91,UNAVAILABLE,MEDIUM
WIN-SEC-B01-2026092900,SEC-B01,2026-09-29 00:00:00,2026-09-29 01:00:00,1,50,UNAVAILABLE,MEDIUM
WIN-SEC-B01-2026092901,SEC-B01,2026-09-29 01:00:00,2026-09-29 02:00:00,1,50,UNAVAILABLE,MEDIUM
WIN-SEC-B01-2026092902,SEC-B01,2026-09-29 02:00:00,2026-09-29 03:00:00,1,50,UNAVAILABLE,MEDIUM
WIN-SEC-B01-2026092903,SEC-B01,2026-09-29 03:00:00,2026-09-29 04:00:00,1,47,UNAVAILABLE,MEDIUM
WIN-SEC-B01-2026092904,SEC-B01,2026-09-29 04:00:00,2026-09-29 05:00:00,1,47,UNAVAILABLE,MEDIUM
WIN-SEC-B01-2026092905,SEC-B01,2026-09-29 05:00:00,2026-09-29 06:00:00,1,47,UNAVAILABLE,MEDIUM
WIN-SEC-B01-2026092906,SEC-B01,2026-09-29 06:00:00,2026-09-29 07:00:00,1,66,UNAVAILABLE,MEDIUM
WIN-SEC-B01-2026092907,SEC-B01,2026-09-29 07:00:00,2026-09-29 08:00:00,1,66,UNAVAILABLE,MEDIUM
WIN-SEC-B01-2026092908,SEC-B01,2026-09-29 08:00:00,2026-09-29 09:00:00,1,66,UNAVAILABLE,MEDIUM
WIN-SEC-B01-2026092909,SEC-B01,2026-09-29 09:00:00,2026-09-29 10:00:00,1,75,UNAVAILABLE,MEDIUM
WIN-SEC-B01-2026092910,SEC-B01,2026-09-29 10:00:00,2026-09-29 11:00:00,1,75,UNAVAILABLE,MEDIUM
WIN-SEC-B01-2026092911,SEC-B01,2026-09-29 11:00:00,2026-09-29 12:00:00,2,75,UNAVAILABLE,HIGH
WIN-SEC-B01-2026092912,SEC-B01,2026-09-29 12:00:00,2026-09-29 13:00:00,1,52,UNAVAILABLE,MEDIUM
WIN-SEC-B01-2026092913,SEC-B01,2026-09-29 13:00:00,2026-09-29 14:00:00,1,52,UNAVAILABLE,MEDIUM
WIN-SEC-B01-2026092914,SEC-B01,2026-09-29 14:00:00,2026-09-29 15:00:00,1,52,UNAVAILABLE,MEDIUM
WIN-SEC-B01-2026092915,SEC-B01,2026-09-29 15:00:00,2026-09-29 16:00:00,1,45,UNAVAILABLE,MEDIUM
WIN-SEC-B01-2026092916,SEC-B01,2026-09-29 16:00:00,2026-09-29 17:00:00,1,45,UNAVAILABLE,MEDIUM
WIN-SEC-B01-2026092917,SEC-B01,2026-09-29 17:00:00,2026-09-29 18:00:00,1,45,UNAVAILABLE,MEDIUM
WIN-SEC-B01-2026092918,SEC-B01,2026-09-29 18:00:00,2026-09-29 19:00:00,1,67,UNAVAILABLE,MEDIUM
WIN-SEC-B01-2026092919,SEC-B01,2026-09-29 19:00:00,2026-09-29 20:00:00,1,67,UNAVAILABLE,MEDIUM
WIN-SEC-B01-2026092920,SEC-B01,2026-09-29 20:00:00,2026-09-29 21:00:00,0,67,UNAVAILABLE,MEDIUM
WIN-SEC-B01-2026092921,SEC-B01,2026-09-29 21:00:00,2026-09-29 22:00:00,1,77,UNAVAILABLE,MEDIUM
WIN-SEC-B01-2026092922,SEC-B01,2026-09-29 22:00:00,2026-09-29 23:00:00,1,77,UNAVAILABLE,MEDIUM
WIN-SEC-B01-2026092923,SEC-B01,2026-09-29 23:00:00,2026-09-30 00:00:00,2,77,UNAVAILABLE,HIGH
WIN-SEC-B02-2026092900,SEC-B02,2026-09-29 00:00:00,2026-09-29 01:00:00,1,38,UNAVAILABLE,MEDIUM
WIN-SEC-B02-2026092901,SEC-B02,2026-09-29 01:00:00,2026-09-29 02:00:00,1,38,UNAVAILABLE,MEDIUM
WIN-SEC-B02-2026092902,SEC-B02,2026-09-29 02:00:00,2026-09-29 03:00:00,0,38,AVAILABLE,LOW
WIN-SEC-B02-2026092903,SEC-B02,2026-09-29 03:00:00,2026-09-29 04:00:00,1,42,UNAVAILABLE,MEDIUM
WIN-SEC-B02-2026092904,SEC-B02,2026-09-29 04:00:00,2026-09-29 05:00:00,1,42,UNAVAILABLE,MEDIUM
WIN-SEC-B02-2026092905,SEC-B02,2026-09-29 05:00:00,2026-09-29 06:00:00,2,42,UNAVAILABLE,HIGH
WIN-SEC-B02-2026092906,SEC-B02,2026-09-29 06:00:00,2026-09-29 07:00:00,1,66,UNAVAILABLE,MEDIUM
WIN-SEC-B02-2026092907,SEC-B02,2026-09-29 07:00:00,2026-09-29 08:00:00,1,66,UNAVAILABLE,MEDIUM
WIN-SEC-B02-2026092908,SEC-B02,2026-09-29 08:00:00,2026-09-29 09:00:00,1,66,UNAVAILABLE,MEDIUM
WIN-SEC-B02-2026092909,SEC-B02,2026-09-29 09:00:00,2026-09-29 10:00:00,1,64,UNAVAILABLE,MEDIUM
WIN-SEC-B02-2026092910,SEC-B02,2026-09-29 10:00:00,2026-09-29 11:00:00,1,64,UNAVAILABLE,MEDIUM
WIN-SEC-B02-2026092911,SEC-B02,2026-09-29 11:00:00,2026-09-29 12:00:00,2,64,UNAVAILABLE,HIGH
WIN-SEC-B02-2026092912,SEC-B02,2026-09-29 12:00:00,2026-09-29 13:00:00,1,46,UNAVAILABLE,MEDIUM
WIN-SEC-B02-2026092913,SEC-B02,2026-09-29 13:00:00,2026-09-29 14:00:00,1,46,UNAVAILABLE,MEDIUM
WIN-SEC-B02-2026092914,SEC-B02,2026-09-29 14:00:00,2026-09-29 15:00:00,2,46,UNAVAILABLE,HIGH
WIN-SEC-B02-2026092915,SEC-B02,2026-09-29 15:00:00,2026-09-29 16:00:00,1,59,UNAVAILABLE,MEDIUM
WIN-SEC-B02-2026092916,SEC-B02,2026-09-29 16:00:00,2026-09-29 17:00:00,1,59,UNAVAILABLE,MEDIUM
WIN-SEC-B02-2026092917,SEC-B02,2026-09-29 17:00:00,2026-09-29 18:00:00,1,59,UNAVAILABLE,MEDIUM
WIN-SEC-B02-2026092918,SEC-B02,2026-09-29 18:00:00,2026-09-29 19:00:00,1,78,UNAVAILABLE,MEDIUM
WIN-SEC-B02-2026092919,SEC-B02,2026-09-29 19:00:00,2026-09-29 20:00:00,1,78,UNAVAILABLE,MEDIUM
WIN-SEC-B02-2026092920,SEC-B02,2026-09-29 20:00:00,2026-09-29 21:00:00,1,78,UNAVAILABLE,MEDIUM
WIN-SEC-B02-2026092921,SEC-B02,2026-09-29 21:00:00,2026-09-29 22:00:00,1,65,UNAVAILABLE,MEDIUM
WIN-SEC-B02-2026092922,SEC-B02,2026-09-29 22:00:00,2026-09-29 23:00:00,1,65,UNAVAILABLE,MEDIUM
WIN-SEC-B02-2026092923,SEC-B02,2026-09-29 23:00:00,2026-09-30 00:00:00,1,65,UNAVAILABLE,MEDIUM
WIN-SEC-C01-2026092900,SEC-C01,2026-09-29 00:00:00,2026-09-29 01:00:00,0,19,AVAILABLE,LOW
WIN-SEC-C01-2026092901,SEC-C01,2026-09-29 01:00:00,2026-09-29 02:00:00,0,19,AVAILABLE,LOW
WIN-SEC-C01-2026092902,SEC-C01,2026-09-29 02:00:00,2026-09-29 03:00:00,1,19,UNAVAILABLE,MEDIUM
WIN-SEC-C01-2026092903,SEC-C01,2026-09-29 03:00:00,2026-09-29 04:00:00,1,15,UNAVAILABLE,MEDIUM
WIN-SEC-C01-2026092904,SEC-C01,2026-09-29 04:00:00,2026-09-29 05:00:00,1,15,UNAVAILABLE,MEDIUM
WIN-SEC-C01-2026092905,SEC-C01,2026-09-29 05:00:00,2026-09-29 06:00:00,1,15,UNAVAILABLE,MEDIUM
WIN-SEC-C01-2026092906,SEC-C01,2026-09-29 06:00:00,2026-09-29 07:00:00,0,46,UNAVAILABLE,MEDIUM
WIN-SEC-C01-2026092907,SEC-C01,2026-09-29 07:00:00,2026-09-29 08:00:00,1,46,UNAVAILABLE,MEDIUM
WIN-SEC-C01-2026092908,SEC-C01,2026-09-29 08:00:00,2026-09-29 09:00:00,1,46,UNAVAILABLE,MEDIUM
WIN-SEC-C01-2026092909,SEC-C01,2026-09-29 09:00:00,2026-09-29 10:00:00,1,51,UNAVAILABLE,MEDIUM
WIN-SEC-C01-2026092910,SEC-C01,2026-09-29 10:00:00,2026-09-29 11:00:00,1,51,UNAVAILABLE,MEDIUM
WIN-SEC-C01-2026092911,SEC-C01,2026-09-29 11:00:00,2026-09-29 12:00:00,1,51,UNAVAILABLE,MEDIUM
WIN-SEC-C01-2026092912,SEC-C01,2026-09-29 12:00:00,2026-09-29 13:00:00,1,35,UNAVAILABLE,MEDIUM
WIN-SEC-C01-2026092913,SEC-C01,2026-09-29 13:00:00,2026-09-29 14:00:00,0,35,AVAILABLE,LOW
WIN-SEC-C01-2026092914,SEC-C01,2026-09-29 14:00:00,2026-09-29 15:00:00,1,35,UNAVAILABLE,MEDIUM
WIN-SEC-C01-2026092915,SEC-C01,2026-09-29 15:00:00,2026-09-29 16:00:00,0,32,AVAILABLE,LOW
WIN-SEC-C01-2026092916,SEC-C01,2026-09-29 16:00:00,2026-09-29 17:00:00,1,32,UNAVAILABLE,MEDIUM
WIN-SEC-C01-2026092917,SEC-C01,2026-09-29 17:00:00,2026-09-29 18:00:00,1,32,UNAVAILABLE,MEDIUM
WIN-SEC-C01-2026092918,SEC-C01,2026-09-29 18:00:00,2026-09-29 19:00:00,0,40,UNAVAILABLE,MEDIUM
WIN-SEC-C01-2026092919,SEC-C01,2026-09-29 19:00:00,2026-09-29 20:00:00,1,40,UNAVAILABLE,MEDIUM
WIN-SEC-C01-2026092920,SEC-C01,2026-09-29 20:00:00,2026-09-29 21:00:00,0,40,UNAVAILABLE,MEDIUM
WIN-SEC-C01-2026092921,SEC-C01,2026-09-29 21:00:00,2026-09-29 22:00:00,1,37,UNAVAILABLE,MEDIUM
WIN-SEC-C01-2026092922,SEC-C01,2026-09-29 22:00:00,2026-09-29 23:00:00,0,37,AVAILABLE,LOW
WIN-SEC-C01-2026092923,SEC-C01,2026-09-29 23:00:00,2026-09-30 00:00:00,1,37,UNAVAILABLE,MEDIUM
WIN-SEC-A01-2026093000,SEC-A01,2026-09-30 00:00:00,2026-09-30 01:00:00,2,69,UNAVAILABLE,HIGH
WIN-SEC-A01-2026093001,SEC-A01,2026-09-30 01:00:00,2026-09-30 02:00:00,1,69,UNAVAILABLE,MEDIUM
WIN-SEC-A01-2026093002,SEC-A01,2026-09-30 02:00:00,2026-09-30 03:00:00,1,69,UNAVAILABLE,MEDIUM
WIN-SEC-A01-2026093003,SEC-A01,2026-09-30 03:00:00,2026-09-30 04:00:00,1,69,UNAVAILABLE,MEDIUM
WIN-SEC-A01-2026093004,SEC-A01,2026-09-30 04:00:00,2026-09-30 05:00:00,1,69,UNAVAILABLE,MEDIUM
WIN-SEC-A01-2026093005,SEC-A01,2026-09-30 05:00:00,2026-09-30 06:00:00,1,69,UNAVAILABLE,MEDIUM
WIN-SEC-A01-2026093006,SEC-A01,2026-09-30 06:00:00,2026-09-30 07:00:00,1,75,UNAVAILABLE,MEDIUM
WIN-SEC-A01-2026093007,SEC-A01,2026-09-30 07:00:00,2026-09-30 08:00:00,1,75,UNAVAILABLE,MEDIUM
WIN-SEC-A01-2026093008,SEC-A01,2026-09-30 08:00:00,2026-09-30 09:00:00,2,75,UNAVAILABLE,HIGH
WIN-SEC-A01-2026093009,SEC-A01,2026-09-30 09:00:00,2026-09-30 10:00:00,2,94,UNAVAILABLE,HIGH
WIN-SEC-A01-2026093010,SEC-A01,2026-09-30 10:00:00,2026-09-30 11:00:00,1,94,UNAVAILABLE,MEDIUM
WIN-SEC-A01-2026093011,SEC-A01,2026-09-30 11:00:00,2026-09-30 12:00:00,2,94,UNAVAILABLE,HIGH
WIN-SEC-A01-2026093012,SEC-A01,2026-09-30 12:00:00,2026-09-30 13:00:00,1,75,UNAVAILABLE,MEDIUM
WIN-SEC-A01-2026093013,SEC-A01,2026-09-30 13:00:00,2026-09-30 14:00:00,1,75,UNAVAILABLE,MEDIUM
WIN-SEC-A01-2026093014,SEC-A01,2026-09-30 14:00:00,2026-09-30 15:00:00,1,75,UNAVAILABLE,MEDIUM
WIN-SEC-A01-2026093015,SEC-A01,2026-09-30 15:00:00,2026-09-30 16:00:00,1,80,UNAVAILABLE,MEDIUM
WIN-SEC-A01-2026093016,SEC-A01,2026-09-30 16:00:00,2026-09-30 17:00:00,1,80,UNAVAILABLE,MEDIUM
WIN-SEC-A01-2026093017,SEC-A01,2026-09-30 17:00:00,2026-09-30 18:00:00,1,80,UNAVAILABLE,MEDIUM
WIN-SEC-A01-2026093018,SEC-A01,2026-09-30 18:00:00,2026-09-30 19:00:00,1,76,UNAVAILABLE,MEDIUM
WIN-SEC-A01-2026093019,SEC-A01,2026-09-30 19:00:00,2026-09-30 20:00:00,2,76,UNAVAILABLE,HIGH
WIN-SEC-A01-2026093020,SEC-A01,2026-09-30 20:00:00,2026-09-30 21:00:00,2,76,UNAVAILABLE,HIGH
WIN-SEC-A01-2026093021,SEC-A01,2026-09-30 21:00:00,2026-09-30 22:00:00,2,76,UNAVAILABLE,HIGH
WIN-SEC-A01-2026093022,SEC-A01,2026-09-30 22:00:00,2026-09-30 23:00:00,1,76,UNAVAILABLE,MEDIUM
WIN-SEC-A01-2026093023,SEC-A01,2026-09-30 23:00:00,2026-10-01 00:00:00,1,76,UNAVAILABLE,MEDIUM
WIN-SEC-A02-2026093000,SEC-A02,2026-09-30 00:00:00,2026-09-30 01:00:00,1,63,UNAVAILABLE,MEDIUM
WIN-SEC-A02-2026093001,SEC-A02,2026-09-30 01:00:00,2026-09-30 02:00:00,1,63,UNAVAILABLE,MEDIUM
WIN-SEC-A02-2026093002,SEC-A02,2026-09-30 02:00:00,2026-09-30 03:00:00,1,63,UNAVAILABLE,MEDIUM
WIN-SEC-A02-2026093003,SEC-A02,2026-09-30 03:00:00,2026-09-30 04:00:00,1,67,UNAVAILABLE,MEDIUM
WIN-SEC-A02-2026093004,SEC-A02,2026-09-30 04:00:00,2026-09-30 05:00:00,2,67,UNAVAILABLE,HIGH
WIN-SEC-A02-2026093005,SEC-A02,2026-09-30 05:00:00,2026-09-30 06:00:00,1,67,UNAVAILABLE,MEDIUM
WIN-SEC-A02-2026093006,SEC-A02,2026-09-30 06:00:00,2026-09-30 07:00:00,2,95,UNAVAILABLE,HIGH
WIN-SEC-A02-2026093007,SEC-A02,2026-09-30 07:00:00,2026-09-30 08:00:00,2,95,UNAVAILABLE,HIGH
WIN-SEC-A02-2026093008,SEC-A02,2026-09-30 08:00:00,2026-09-30 09:00:00,2,95,UNAVAILABLE,HIGH
WIN-SEC-A02-2026093009,SEC-A02,2026-09-30 09:00:00,2026-09-30 10:00:00,2,88,UNAVAILABLE,HIGH
WIN-SEC-A02-2026093010,SEC-A02,2026-09-30 10:00:00,2026-09-30 11:00:00,2,88,UNAVAILABLE,HIGH
WIN-SEC-A02-2026093011,SEC-A02,2026-09-30 11:00:00,2026-09-30 12:00:00,2,88,UNAVAILABLE,HIGH
WIN-SEC-A02-2026093012,SEC-A02,2026-09-30 12:00:00,2026-09-30 13:00:00,1,71,UNAVAILABLE,MEDIUM
WIN-SEC-A02-2026093013,SEC-A02,2026-09-30 13:00:00,2026-09-30 14:00:00,1,71,UNAVAILABLE,MEDIUM
WIN-SEC-A02-2026093014,SEC-A02,2026-09-30 14:00:00,2026-09-30 15:00:00,1,71,UNAVAILABLE,MEDIUM
WIN-SEC-A02-2026093015,SEC-A02,2026-09-30 15:00:00,2026-09-30 16:00:00,2,66,UNAVAILABLE,HIGH
WIN-SEC-A02-2026093016,SEC-A02,2026-09-30 16:00:00,2026-09-30 17:00:00,1,66,UNAVAILABLE,MEDIUM
WIN-SEC-A02-2026093017,SEC-A02,2026-09-30 17:00:00,2026-09-30 18:00:00,2,66,UNAVAILABLE,HIGH
WIN-SEC-A02-2026093018,SEC-A02,2026-09-30 18:00:00,2026-09-30 19:00:00,2,91,UNAVAILABLE,HIGH
WIN-SEC-A02-2026093019,SEC-A02,2026-09-30 19:00:00,2026-09-30 20:00:00,2,91,UNAVAILABLE,HIGH
WIN-SEC-A02-2026093020,SEC-A02,2026-09-30 20:00:00,2026-09-30 21:00:00,2,91,UNAVAILABLE,HIGH
WIN-SEC-A02-2026093021,SEC-A02,2026-09-30 21:00:00,2026-09-30 22:00:00,2,78,UNAVAILABLE,HIGH
WIN-SEC-A02-2026093022,SEC-A02,2026-09-30 22:00:00,2026-09-30 23:00:00,2,78,UNAVAILABLE,HIGH
WIN-SEC-A02-2026093023,SEC-A02,2026-09-30 23:00:00,2026-10-01 00:00:00,2,78,UNAVAILABLE,HIGH
WIN-SEC-B01-2026093000,SEC-B01,2026-09-30 00:00:00,2026-09-30 01:00:00,1,54,UNAVAILABLE,MEDIUM
WIN-SEC-B01-2026093001,SEC-B01,2026-09-30 01:00:00,2026-09-30 02:00:00,1,54,UNAVAILABLE,MEDIUM
WIN-SEC-B01-2026093002,SEC-B01,2026-09-30 02:00:00,2026-09-30 03:00:00,1,54,UNAVAILABLE,MEDIUM
WIN-SEC-B01-2026093003,SEC-B01,2026-09-30 03:00:00,2026-09-30 04:00:00,1,42,UNAVAILABLE,MEDIUM
WIN-SEC-B01-2026093004,SEC-B01,2026-09-30 04:00:00,2026-09-30 05:00:00,1,42,UNAVAILABLE,MEDIUM
WIN-SEC-B01-2026093005,SEC-B01,2026-09-30 05:00:00,2026-09-30 06:00:00,1,42,UNAVAILABLE,MEDIUM
WIN-SEC-B01-2026093006,SEC-B01,2026-09-30 06:00:00,2026-09-30 07:00:00,1,74,UNAVAILABLE,MEDIUM
WIN-SEC-B01-2026093007,SEC-B01,2026-09-30 07:00:00,2026-09-30 08:00:00,1,74,UNAVAILABLE,MEDIUM
WIN-SEC-B01-2026093008,SEC-B01,2026-09-30 08:00:00,2026-09-30 09:00:00,1,74,UNAVAILABLE,MEDIUM
WIN-SEC-B01-2026093009,SEC-B01,2026-09-30 09:00:00,2026-09-30 10:00:00,1,68,UNAVAILABLE,MEDIUM
WIN-SEC-B01-2026093010,SEC-B01,2026-09-30 10:00:00,2026-09-30 11:00:00,1,68,UNAVAILABLE,MEDIUM
WIN-SEC-B01-2026093011,SEC-B01,2026-09-30 11:00:00,2026-09-30 12:00:00,2,68,UNAVAILABLE,HIGH
WIN-SEC-B01-2026093012,SEC-B01,2026-09-30 12:00:00,2026-09-30 13:00:00,1,51,UNAVAILABLE,MEDIUM
WIN-SEC-B01-2026093013,SEC-B01,2026-09-30 13:00:00,2026-09-30 14:00:00,1,51,UNAVAILABLE,MEDIUM
WIN-SEC-B01-2026093014,SEC-B01,2026-09-30 14:00:00,2026-09-30 15:00:00,0,51,AVAILABLE,LOW
WIN-SEC-B01-2026093015,SEC-B01,2026-09-30 15:00:00,2026-09-30 16:00:00,1,49,UNAVAILABLE,MEDIUM
WIN-SEC-B01-2026093016,SEC-B01,2026-09-30 16:00:00,2026-09-30 17:00:00,1,49,UNAVAILABLE,MEDIUM
WIN-SEC-B01-2026093017,SEC-B01,2026-09-30 17:00:00,2026-09-30 18:00:00,2,49,UNAVAILABLE,HIGH
WIN-SEC-B01-2026093018,SEC-B01,2026-09-30 18:00:00,2026-09-30 19:00:00,1,62,UNAVAILABLE,MEDIUM
WIN-SEC-B01-2026093019,SEC-B01,2026-09-30 19:00:00,2026-09-30 20:00:00,1,62,UNAVAILABLE,MEDIUM
WIN-SEC-B01-2026093020,SEC-B01,2026-09-30 20:00:00,2026-09-30 21:00:00,0,62,UNAVAILABLE,MEDIUM
WIN-SEC-B01-2026093021,SEC-B01,2026-09-30 21:00:00,2026-09-30 22:00:00,1,67,UNAVAILABLE,MEDIUM
WIN-SEC-B01-2026093022,SEC-B01,2026-09-30 22:00:00,2026-09-30 23:00:00,1,67,UNAVAILABLE,MEDIUM
WIN-SEC-B01-2026093023,SEC-B01,2026-09-30 23:00:00,2026-10-01 00:00:00,1,67,UNAVAILABLE,MEDIUM
WIN-SEC-B02-2026093000,SEC-B02,2026-09-30 00:00:00,2026-09-30 01:00:00,1,44,UNAVAILABLE,MEDIUM
WIN-SEC-B02-2026093001,SEC-B02,2026-09-30 01:00:00,2026-09-30 02:00:00,1,44,UNAVAILABLE,MEDIUM
WIN-SEC-B02-2026093002,SEC-B02,2026-09-30 02:00:00,2026-09-30 03:00:00,1,44,UNAVAILABLE,MEDIUM
WIN-SEC-B02-2026093003,SEC-B02,2026-09-30 03:00:00,2026-09-30 04:00:00,1,40,UNAVAILABLE,MEDIUM
WIN-SEC-B02-2026093004,SEC-B02,2026-09-30 04:00:00,2026-09-30 05:00:00,1,40,UNAVAILABLE,MEDIUM
WIN-SEC-B02-2026093005,SEC-B02,2026-09-30 05:00:00,2026-09-30 06:00:00,1,40,UNAVAILABLE,MEDIUM
WIN-SEC-B02-2026093006,SEC-B02,2026-09-30 06:00:00,2026-09-30 07:00:00,1,63,UNAVAILABLE,MEDIUM
WIN-SEC-B02-2026093007,SEC-B02,2026-09-30 07:00:00,2026-09-30 08:00:00,1,63,UNAVAILABLE,MEDIUM
WIN-SEC-B02-2026093008,SEC-B02,2026-09-30 08:00:00,2026-09-30 09:00:00,1,63,UNAVAILABLE,MEDIUM
WIN-SEC-B02-2026093009,SEC-B02,2026-09-30 09:00:00,2026-09-30 10:00:00,1,64,UNAVAILABLE,MEDIUM
WIN-SEC-B02-2026093010,SEC-B02,2026-09-30 10:00:00,2026-09-30 11:00:00,1,64,UNAVAILABLE,MEDIUM
WIN-SEC-B02-2026093011,SEC-B02,2026-09-30 11:00:00,2026-09-30 12:00:00,2,64,UNAVAILABLE,HIGH
WIN-SEC-B02-2026093012,SEC-B02,2026-09-30 12:00:00,2026-09-30 13:00:00,1,39,UNAVAILABLE,MEDIUM
WIN-SEC-B02-2026093013,SEC-B02,2026-09-30 13:00:00,2026-09-30 14:00:00,1,39,UNAVAILABLE,MEDIUM
WIN-SEC-B02-2026093014,SEC-B02,2026-09-30 14:00:00,2026-09-30 15:00:00,1,39,UNAVAILABLE,MEDIUM
WIN-SEC-B02-2026093015,SEC-B02,2026-09-30 15:00:00,2026-09-30 16:00:00,1,55,UNAVAILABLE,MEDIUM
WIN-SEC-B02-2026093016,SEC-B02,2026-09-30 16:00:00,2026-09-30 17:00:00,1,55,UNAVAILABLE,MEDIUM
WIN-SEC-B02-2026093017,SEC-B02,2026-09-30 17:00:00,2026-09-30 18:00:00,0,55,UNAVAILABLE,MEDIUM
WIN-SEC-B02-2026093018,SEC-B02,2026-09-30 18:00:00,2026-09-30 19:00:00,1,58,UNAVAILABLE,MEDIUM
WIN-SEC-B02-2026093019,SEC-B02,2026-09-30 19:00:00,2026-09-30 20:00:00,1,58,UNAVAILABLE,MEDIUM
WIN-SEC-B02-2026093020,SEC-B02,2026-09-30 20:00:00,2026-09-30 21:00:00,1,58,UNAVAILABLE,MEDIUM
WIN-SEC-B02-2026093021,SEC-B02,2026-09-30 21:00:00,2026-09-30 22:00:00,1,57,UNAVAILABLE,MEDIUM
WIN-SEC-B02-2026093022,SEC-B02,2026-09-30 22:00:00,2026-09-30 23:00:00,1,57,UNAVAILABLE,MEDIUM
WIN-SEC-B02-2026093023,SEC-B02,2026-09-30 23:00:00,2026-10-01 00:00:00,1,57,UNAVAILABLE,MEDIUM
WIN-SEC-C01-2026093000,SEC-C01,2026-09-30 00:00:00,2026-09-30 01:00:00,1,14,UNAVAILABLE,MEDIUM
WIN-SEC-C01-2026093001,SEC-C01,2026-09-30 01:00:00,2026-09-30 02:00:00,0,14,AVAILABLE,LOW
WIN-SEC-C01-2026093002,SEC-C01,2026-09-30 02:00:00,2026-09-30 03:00:00,1,14,UNAVAILABLE,MEDIUM
WIN-SEC-C01-2026093003,SEC-C01,2026-09-30 03:00:00,2026-09-30 04:00:00,0,13,AVAILABLE,LOW
WIN-SEC-C01-2026093004,SEC-C01,2026-09-30 04:00:00,2026-09-30 05:00:00,1,13,UNAVAILABLE,MEDIUM
WIN-SEC-C01-2026093005,SEC-C01,2026-09-30 05:00:00,2026-09-30 06:00:00,1,13,UNAVAILABLE,MEDIUM
WIN-SEC-C01-2026093006,SEC-C01,2026-09-30 06:00:00,2026-09-30 07:00:00,1,36,UNAVAILABLE,MEDIUM
WIN-SEC-C01-2026093007,SEC-C01,2026-09-30 07:00:00,2026-09-30 08:00:00,1,36,UNAVAILABLE,MEDIUM
WIN-SEC-C01-2026093008,SEC-C01,2026-09-30 08:00:00,2026-09-30 09:00:00,0,36,UNAVAILABLE,MEDIUM
WIN-SEC-C01-2026093009,SEC-C01,2026-09-30 09:00:00,2026-09-30 10:00:00,1,40,UNAVAILABLE,MEDIUM
WIN-SEC-C01-2026093010,SEC-C01,2026-09-30 10:00:00,2026-09-30 11:00:00,0,40,AVAILABLE,LOW
WIN-SEC-C01-2026093011,SEC-C01,2026-09-30 11:00:00,2026-09-30 12:00:00,0,40,AVAILABLE,LOW
WIN-SEC-C01-2026093012,SEC-C01,2026-09-30 12:00:00,2026-09-30 13:00:00,1,44,UNAVAILABLE,MEDIUM
WIN-SEC-C01-2026093013,SEC-C01,2026-09-30 13:00:00,2026-09-30 14:00:00,0,44,AVAILABLE,LOW
WIN-SEC-C01-2026093014,SEC-C01,2026-09-30 14:00:00,2026-09-30 15:00:00,1,44,UNAVAILABLE,MEDIUM
WIN-SEC-C01-2026093015,SEC-C01,2026-09-30 15:00:00,2026-09-30 16:00:00,1,29,UNAVAILABLE,MEDIUM
WIN-SEC-C01-2026093016,SEC-C01,2026-09-30 16:00:00,2026-09-30 17:00:00,1,29,UNAVAILABLE,MEDIUM
WIN-SEC-C01-2026093017,SEC-C01,2026-09-30 17:00:00,2026-09-30 18:00:00,1,29,UNAVAILABLE,MEDIUM
WIN-SEC-C01-2026093018,SEC-C01,2026-09-30 18:00:00,2026-09-30 19:00:00,0,45,UNAVAILABLE,MEDIUM
WIN-SEC-C01-2026093019,SEC-C01,2026-09-30 19:00:00,2026-09-30 20:00:00,1,45,UNAVAILABLE,MEDIUM
WIN-SEC-C01-2026093020,SEC-C01,2026-09-30 20:00:00,2026-09-30 21:00:00,0,45,UNAVAILABLE,MEDIUM
WIN-SEC-C01-2026093021,SEC-C01,2026-09-30 21:00:00,2026-09-30 22:00:00,1,46,UNAVAILABLE,MEDIUM
WIN-SEC-C01-2026093022,SEC-C01,2026-09-30 22:00:00,2026-09-30 23:00:00,0,46,AVAILABLE,LOW
WIN-SEC-C01-2026093023,SEC-C01,2026-09-30 23:00:00,2026-10-01 00:00:00,1,46,UNAVAILABLE,MEDIUM
WIN-SEC-A01-2026100100,SEC-A01,2026-10-01 00:00:00,2026-10-01 01:00:00,2,65,UNAVAILABLE,HIGH
WIN-SEC-A01-2026100101,SEC-A01,2026-10-01 01:00:00,2026-10-01 02:00:00,1,65,UNAVAILABLE,MEDIUM
WIN-SEC-A01-2026100102,SEC-A01,2026-10-01 02:00:00,2026-10-01 03:00:00,1,65,UNAVAILABLE,MEDIUM
WIN-SEC-A01-2026100103,SEC-A01,2026-10-01 03:00:00,2026-10-01 04:00:00,1,64,UNAVAILABLE,MEDIUM
WIN-SEC-A01-2026100104,SEC-A01,2026-10-01 04:00:00,2026-10-01 05:00:00,1,64,UNAVAILABLE,MEDIUM
WIN-SEC-A01-2026100105,SEC-A01,2026-10-01 05:00:00,2026-10-01 06:00:00,1,64,UNAVAILABLE,MEDIUM
WIN-SEC-A01-2026100106,SEC-A01,2026-10-01 06:00:00,2026-10-01 07:00:00,2,77,UNAVAILABLE,HIGH
WIN-SEC-A01-2026100107,SEC-A01,2026-10-01 07:00:00,2026-10-01 08:00:00,2,77,UNAVAILABLE,HIGH
WIN-SEC-A01-2026100108,SEC-A01,2026-10-01 08:00:00,2026-10-01 09:00:00,2,77,UNAVAILABLE,HIGH
WIN-SEC-A01-2026100109,SEC-A01,2026-10-01 09:00:00,2026-10-01 10:00:00,1,93,UNAVAILABLE,MEDIUM
WIN-SEC-A01-2026100110,SEC-A01,2026-10-01 10:00:00,2026-10-01 11:00:00,2,93,UNAVAILABLE,HIGH
WIN-SEC-A01-2026100111,SEC-A01,2026-10-01 11:00:00,2026-10-01 12:00:00,2,93,UNAVAILABLE,HIGH
WIN-SEC-A01-2026100112,SEC-A01,2026-10-01 12:00:00,2026-10-01 13:00:00,2,83,UNAVAILABLE,HIGH
WIN-SEC-A01-2026100113,SEC-A01,2026-10-01 13:00:00,2026-10-01 14:00:00,1,83,UNAVAILABLE,MEDIUM
WIN-SEC-A01-2026100114,SEC-A01,2026-10-01 14:00:00,2026-10-01 15:00:00,1,83,UNAVAILABLE,MEDIUM
WIN-SEC-A01-2026100115,SEC-A01,2026-10-01 15:00:00,2026-10-01 16:00:00,1,62,UNAVAILABLE,MEDIUM
WIN-SEC-A01-2026100116,SEC-A01,2026-10-01 16:00:00,2026-10-01 17:00:00,1,62,UNAVAILABLE,MEDIUM
WIN-SEC-A01-2026100117,SEC-A01,2026-10-01 17:00:00,2026-10-01 18:00:00,1,62,UNAVAILABLE,MEDIUM
WIN-SEC-A01-2026100118,SEC-A01,2026-10-01 18:00:00,2026-10-01 19:00:00,1,78,UNAVAILABLE,MEDIUM
WIN-SEC-A01-2026100119,SEC-A01,2026-10-01 19:00:00,2026-10-01 20:00:00,2,78,UNAVAILABLE,HIGH
WIN-SEC-A01-2026100120,SEC-A01,2026-10-01 20:00:00,2026-10-01 21:00:00,2,78,UNAVAILABLE,HIGH
WIN-SEC-A01-2026100121,SEC-A01,2026-10-01 21:00:00,2026-10-01 22:00:00,1,82,UNAVAILABLE,MEDIUM
WIN-SEC-A01-2026100122,SEC-A01,2026-10-01 22:00:00,2026-10-01 23:00:00,2,82,UNAVAILABLE,HIGH
WIN-SEC-A01-2026100123,SEC-A01,2026-10-01 23:00:00,2026-10-02 00:00:00,1,82,UNAVAILABLE,MEDIUM
WIN-SEC-A02-2026100100,SEC-A02,2026-10-01 00:00:00,2026-10-01 01:00:00,2,58,UNAVAILABLE,HIGH
WIN-SEC-A02-2026100101,SEC-A02,2026-10-01 01:00:00,2026-10-01 02:00:00,1,58,UNAVAILABLE,MEDIUM
WIN-SEC-A02-2026100102,SEC-A02,2026-10-01 02:00:00,2026-10-01 03:00:00,1,58,UNAVAILABLE,MEDIUM
WIN-SEC-A02-2026100103,SEC-A02,2026-10-01 03:00:00,2026-10-01 04:00:00,1,67,UNAVAILABLE,MEDIUM
WIN-SEC-A02-2026100104,SEC-A02,2026-10-01 04:00:00,2026-10-01 05:00:00,1,67,UNAVAILABLE,MEDIUM
WIN-SEC-A02-2026100105,SEC-A02,2026-10-01 05:00:00,2026-10-01 06:00:00,2,67,UNAVAILABLE,HIGH
WIN-SEC-A02-2026100106,SEC-A02,2026-10-01 06:00:00,2026-10-01 07:00:00,2,80,UNAVAILABLE,HIGH
WIN-SEC-A02-2026100107,SEC-A02,2026-10-01 07:00:00,2026-10-01 08:00:00,2,80,UNAVAILABLE,HIGH
WIN-SEC-A02-2026100108,SEC-A02,2026-10-01 08:00:00,2026-10-01 09:00:00,2,80,UNAVAILABLE,HIGH
WIN-SEC-A02-2026100109,SEC-A02,2026-10-01 09:00:00,2026-10-01 10:00:00,2,97,UNAVAILABLE,HIGH
WIN-SEC-A02-2026100110,SEC-A02,2026-10-01 10:00:00,2026-10-01 11:00:00,2,97,UNAVAILABLE,HIGH
WIN-SEC-A02-2026100111,SEC-A02,2026-10-01 11:00:00,2026-10-01 12:00:00,1,97,UNAVAILABLE,MEDIUM
WIN-SEC-A02-2026100112,SEC-A02,2026-10-01 12:00:00,2026-10-01 13:00:00,1,79,UNAVAILABLE,MEDIUM
WIN-SEC-A02-2026100113,SEC-A02,2026-10-01 13:00:00,2026-10-01 14:00:00,2,79,UNAVAILABLE,HIGH
WIN-SEC-A02-2026100114,SEC-A02,2026-10-01 14:00:00,2026-10-01 15:00:00,1,79,UNAVAILABLE,MEDIUM
WIN-SEC-A02-2026100115,SEC-A02,2026-10-01 15:00:00,2026-10-01 16:00:00,1,73,UNAVAILABLE,MEDIUM
WIN-SEC-A02-2026100116,SEC-A02,2026-10-01 16:00:00,2026-10-01 17:00:00,2,73,UNAVAILABLE,HIGH
WIN-SEC-A02-2026100117,SEC-A02,2026-10-01 17:00:00,2026-10-01 18:00:00,1,73,UNAVAILABLE,MEDIUM
WIN-SEC-A02-2026100118,SEC-A02,2026-10-01 18:00:00,2026-10-01 19:00:00,2,90,UNAVAILABLE,HIGH
WIN-SEC-A02-2026100119,SEC-A02,2026-10-01 19:00:00,2026-10-01 20:00:00,1,90,UNAVAILABLE,MEDIUM
WIN-SEC-A02-2026100120,SEC-A02,2026-10-01 20:00:00,2026-10-01 21:00:00,2,90,UNAVAILABLE,HIGH
WIN-SEC-A02-2026100121,SEC-A02,2026-10-01 21:00:00,2026-10-01 22:00:00,2,91,UNAVAILABLE,HIGH
WIN-SEC-A02-2026100122,SEC-A02,2026-10-01 22:00:00,2026-10-01 23:00:00,1,91,UNAVAILABLE,MEDIUM
WIN-SEC-A02-2026100123,SEC-A02,2026-10-01 23:00:00,2026-10-02 00:00:00,2,91,UNAVAILABLE,HIGH
WIN-SEC-B01-2026100100,SEC-B01,2026-10-01 00:00:00,2026-10-01 01:00:00,1,41,UNAVAILABLE,MEDIUM
WIN-SEC-B01-2026100101,SEC-B01,2026-10-01 01:00:00,2026-10-01 02:00:00,1,41,UNAVAILABLE,MEDIUM
WIN-SEC-B01-2026100102,SEC-B01,2026-10-01 02:00:00,2026-10-01 03:00:00,1,41,UNAVAILABLE,MEDIUM
WIN-SEC-B01-2026100103,SEC-B01,2026-10-01 03:00:00,2026-10-01 04:00:00,1,39,UNAVAILABLE,MEDIUM
WIN-SEC-B01-2026100104,SEC-B01,2026-10-01 04:00:00,2026-10-01 05:00:00,1,39,UNAVAILABLE,MEDIUM
WIN-SEC-B01-2026100105,SEC-B01,2026-10-01 05:00:00,2026-10-01 06:00:00,1,39,UNAVAILABLE,MEDIUM
WIN-SEC-B01-2026100106,SEC-B01,2026-10-01 06:00:00,2026-10-01 07:00:00,1,64,UNAVAILABLE,MEDIUM
WIN-SEC-B01-2026100107,SEC-B01,2026-10-01 07:00:00,2026-10-01 08:00:00,1,64,UNAVAILABLE,MEDIUM
WIN-SEC-B01-2026100108,SEC-B01,2026-10-01 08:00:00,2026-10-01 09:00:00,2,64,UNAVAILABLE,HIGH
WIN-SEC-B01-2026100109,SEC-B01,2026-10-01 09:00:00,2026-10-01 10:00:00,1,69,UNAVAILABLE,MEDIUM
WIN-SEC-B01-2026100110,SEC-B01,2026-10-01 10:00:00,2026-10-01 11:00:00,1,69,UNAVAILABLE,MEDIUM
WIN-SEC-B01-2026100111,SEC-B01,2026-10-01 11:00:00,2026-10-01 12:00:00,1,69,UNAVAILABLE,MEDIUM
WIN-SEC-B01-2026100112,SEC-B01,2026-10-01 12:00:00,2026-10-01 13:00:00,1,53,UNAVAILABLE,MEDIUM
WIN-SEC-B01-2026100113,SEC-B01,2026-10-01 13:00:00,2026-10-01 14:00:00,1,53,UNAVAILABLE,MEDIUM
WIN-SEC-B01-2026100114,SEC-B01,2026-10-01 14:00:00,2026-10-01 15:00:00,1,53,UNAVAILABLE,MEDIUM
WIN-SEC-B01-2026100115,SEC-B01,2026-10-01 15:00:00,2026-10-01 16:00:00,1,43,UNAVAILABLE,MEDIUM
WIN-SEC-B01-2026100116,SEC-B01,2026-10-01 16:00:00,2026-10-01 17:00:00,1,43,UNAVAILABLE,MEDIUM
WIN-SEC-B01-2026100117,SEC-B01,2026-10-01 17:00:00,2026-10-01 18:00:00,2,43,UNAVAILABLE,HIGH
WIN-SEC-B01-2026100118,SEC-B01,2026-10-01 18:00:00,2026-10-01 19:00:00,1,59,UNAVAILABLE,MEDIUM
WIN-SEC-B01-2026100119,SEC-B01,2026-10-01 19:00:00,2026-10-01 20:00:00,1,59,UNAVAILABLE,MEDIUM
WIN-SEC-B01-2026100120,SEC-B01,2026-10-01 20:00:00,2026-10-01 21:00:00,1,59,UNAVAILABLE,MEDIUM
WIN-SEC-B01-2026100121,SEC-B01,2026-10-01 21:00:00,2026-10-01 22:00:00,1,64,UNAVAILABLE,MEDIUM
WIN-SEC-B01-2026100122,SEC-B01,2026-10-01 22:00:00,2026-10-01 23:00:00,1,64,UNAVAILABLE,MEDIUM
WIN-SEC-B01-2026100123,SEC-B01,2026-10-01 23:00:00,2026-10-02 00:00:00,2,64,UNAVAILABLE,HIGH
WIN-SEC-B02-2026100100,SEC-B02,2026-10-01 00:00:00,2026-10-01 01:00:00,0,44,AVAILABLE,LOW
WIN-SEC-B02-2026100101,SEC-B02,2026-10-01 01:00:00,2026-10-01 02:00:00,1,44,UNAVAILABLE,MEDIUM
WIN-SEC-B02-2026100102,SEC-B02,2026-10-01 02:00:00,2026-10-01 03:00:00,0,44,AVAILABLE,LOW
WIN-SEC-B02-2026100103,SEC-B02,2026-10-01 03:00:00,2026-10-01 04:00:00,1,56,UNAVAILABLE,MEDIUM
WIN-SEC-B02-2026100104,SEC-B02,2026-10-01 04:00:00,2026-10-01 05:00:00,1,56,UNAVAILABLE,MEDIUM
WIN-SEC-B02-2026100105,SEC-B02,2026-10-01 05:00:00,2026-10-01 06:00:00,0,56,AVAILABLE,LOW
WIN-SEC-B02-2026100106,SEC-B02,2026-10-01 06:00:00,2026-10-01 07:00:00,1,56,UNAVAILABLE,MEDIUM
WIN-SEC-B02-2026100107,SEC-B02,2026-10-01 07:00:00,2026-10-01 08:00:00,1,56,UNAVAILABLE,MEDIUM
WIN-SEC-B02-2026100108,SEC-B02,2026-10-01 08:00:00,2026-10-01 09:00:00,0,56,UNAVAILABLE,MEDIUM
WIN-SEC-B02-2026100109,SEC-B02,2026-10-01 09:00:00,2026-10-01 10:00:00,1,67,UNAVAILABLE,MEDIUM
WIN-SEC-B02-2026100110,SEC-B02,2026-10-01 10:00:00,2026-10-01 11:00:00,1,67,UNAVAILABLE,MEDIUM
WIN-SEC-B02-2026100111,SEC-B02,2026-10-01 11:00:00,2026-10-01 12:00:00,1,67,UNAVAILABLE,MEDIUM
WIN-SEC-B02-2026100112,SEC-B02,2026-10-01 12:00:00,2026-10-01 13:00:00,1,61,UNAVAILABLE,MEDIUM
WIN-SEC-B02-2026100113,SEC-B02,2026-10-01 13:00:00,2026-10-01 14:00:00,1,61,UNAVAILABLE,MEDIUM
WIN-SEC-B02-2026100114,SEC-B02,2026-10-01 14:00:00,2026-10-01 15:00:00,1,61,UNAVAILABLE,MEDIUM
WIN-SEC-B02-2026100115,SEC-B02,2026-10-01 15:00:00,2026-10-01 16:00:00,1,66,UNAVAILABLE,MEDIUM
WIN-SEC-B02-2026100116,SEC-B02,2026-10-01 16:00:00,2026-10-01 17:00:00,1,66,UNAVAILABLE,MEDIUM
WIN-SEC-B02-2026100117,SEC-B02,2026-10-01 17:00:00,2026-10-01 18:00:00,0,66,UNAVAILABLE,MEDIUM
WIN-SEC-B02-2026100118,SEC-B02,2026-10-01 18:00:00,2026-10-01 19:00:00,1,62,UNAVAILABLE,MEDIUM
WIN-SEC-B02-2026100119,SEC-B02,2026-10-01 19:00:00,2026-10-01 20:00:00,1,62,UNAVAILABLE,MEDIUM
WIN-SEC-B02-2026100120,SEC-B02,2026-10-01 20:00:00,2026-10-01 21:00:00,1,62,UNAVAILABLE,MEDIUM
WIN-SEC-B02-2026100121,SEC-B02,2026-10-01 21:00:00,2026-10-01 22:00:00,1,67,UNAVAILABLE,MEDIUM
WIN-SEC-B02-2026100122,SEC-B02,2026-10-01 22:00:00,2026-10-01 23:00:00,1,67,UNAVAILABLE,MEDIUM
WIN-SEC-B02-2026100123,SEC-B02,2026-10-01 23:00:00,2026-10-02 00:00:00,2,67,UNAVAILABLE,HIGH
WIN-SEC-C01-2026100100,SEC-C01,2026-10-01 00:00:00,2026-10-01 01:00:00,2,27,UNAVAILABLE,HIGH
WIN-SEC-C01-2026100101,SEC-C01,2026-10-01 01:00:00,2026-10-01 02:00:00,0,27,AVAILABLE,LOW
WIN-SEC-C01-2026100102,SEC-C01,2026-10-01 02:00:00,2026-10-01 03:00:00,1,27,UNAVAILABLE,MEDIUM
WIN-SEC-C01-2026100103,SEC-C01,2026-10-01 03:00:00,2026-10-01 04:00:00,0,25,AVAILABLE,LOW
WIN-SEC-C01-2026100104,SEC-C01,2026-10-01 04:00:00,2026-10-01 05:00:00,1,25,UNAVAILABLE,MEDIUM
WIN-SEC-C01-2026100105,SEC-C01,2026-10-01 05:00:00,2026-10-01 06:00:00,1,25,UNAVAILABLE,MEDIUM
WIN-SEC-C01-2026100106,SEC-C01,2026-10-01 06:00:00,2026-10-01 07:00:00,0,43,UNAVAILABLE,MEDIUM
WIN-SEC-C01-2026100107,SEC-C01,2026-10-01 07:00:00,2026-10-01 08:00:00,1,43,UNAVAILABLE,MEDIUM
WIN-SEC-C01-2026100108,SEC-C01,2026-10-01 08:00:00,2026-10-01 09:00:00,1,43,UNAVAILABLE,MEDIUM
WIN-SEC-C01-2026100109,SEC-C01,2026-10-01 09:00:00,2026-10-01 10:00:00,1,47,UNAVAILABLE,MEDIUM
WIN-SEC-C01-2026100110,SEC-C01,2026-10-01 10:00:00,2026-10-01 11:00:00,1,47,UNAVAILABLE,MEDIUM
WIN-SEC-C01-2026100111,SEC-C01,2026-10-01 11:00:00,2026-10-01 12:00:00,1,47,UNAVAILABLE,MEDIUM
WIN-SEC-C01-2026100112,SEC-C01,2026-10-01 12:00:00,2026-10-01 13:00:00,1,17,UNAVAILABLE,MEDIUM
WIN-SEC-C01-2026100113,SEC-C01,2026-10-01 13:00:00,2026-10-01 14:00:00,0,17,AVAILABLE,LOW
WIN-SEC-C01-2026100114,SEC-C01,2026-10-01 14:00:00,2026-10-01 15:00:00,1,17,UNAVAILABLE,MEDIUM
WIN-SEC-C01-2026100115,SEC-C01,2026-10-01 15:00:00,2026-10-01 16:00:00,1,36,UNAVAILABLE,MEDIUM
WIN-SEC-C01-2026100116,SEC-C01,2026-10-01 16:00:00,2026-10-01 17:00:00,1,36,UNAVAILABLE,MEDIUM
WIN-SEC-C01-2026100117,SEC-C01,2026-10-01 17:00:00,2026-10-01 18:00:00,1,36,UNAVAILABLE,MEDIUM
WIN-SEC-C01-2026100118,SEC-C01,2026-10-01 18:00:00,2026-10-01 19:00:00,1,45,UNAVAILABLE,MEDIUM
WIN-SEC-C01-2026100119,SEC-C01,2026-10-01 19:00:00,2026-10-01 20:00:00,1,45,UNAVAILABLE,MEDIUM
WIN-SEC-C01-2026100120,SEC-C01,2026-10-01 20:00:00,2026-10-01 21:00:00,0,45,UNAVAILABLE,MEDIUM
WIN-SEC-C01-2026100121,SEC-C01,2026-10-01 21:00:00,2026-10-01 22:00:00,1,43,UNAVAILABLE,MEDIUM
WIN-SEC-C01-2026100122,SEC-C01,2026-10-01 22:00:00,2026-10-01 23:00:00,1,43,UNAVAILABLE,MEDIUM
WIN-SEC-C01-2026100123,SEC-C01,2026-10-01 23:00:00,2026-10-02 00:00:00,0,43,AVAILABLE,LOW
WIN-SEC-A01-2026100200,SEC-A01,2026-10-02 00:00:00,2026-10-02 01:00:00,1,76,UNAVAILABLE,MEDIUM
WIN-SEC-A01-2026100201,SEC-A01,2026-10-02 01:00:00,2026-10-02 02:00:00,1,76,UNAVAILABLE,MEDIUM
WIN-SEC-A01-2026100202,SEC-A01,2026-10-02 02:00:00,2026-10-02 03:00:00,1,76,UNAVAILABLE,MEDIUM
WIN-SEC-A01-2026100203,SEC-A01,2026-10-02 03:00:00,2026-10-02 04:00:00,1,60,UNAVAILABLE,MEDIUM
WIN-SEC-A01-2026100204,SEC-A01,2026-10-02 04:00:00,2026-10-02 05:00:00,1,60,UNAVAILABLE,MEDIUM
WIN-SEC-A01-2026100205,SEC-A01,2026-10-02 05:00:00,2026-10-02 06:00:00,1,60,UNAVAILABLE,MEDIUM
WIN-SEC-A01-2026100206,SEC-A01,2026-10-02 06:00:00,2026-10-02 07:00:00,1,82,UNAVAILABLE,MEDIUM
WIN-SEC-A01-2026100207,SEC-A01,2026-10-02 07:00:00,2026-10-02 08:00:00,2,82,UNAVAILABLE,HIGH
WIN-SEC-A01-2026100208,SEC-A01,2026-10-02 08:00:00,2026-10-02 09:00:00,2,82,UNAVAILABLE,HIGH
WIN-SEC-A01-2026100209,SEC-A01,2026-10-02 09:00:00,2026-10-02 10:00:00,2,96,UNAVAILABLE,HIGH
WIN-SEC-A01-2026100210,SEC-A01,2026-10-02 10:00:00,2026-10-02 11:00:00,2,96,UNAVAILABLE,HIGH
WIN-SEC-A01-2026100211,SEC-A01,2026-10-02 11:00:00,2026-10-02 12:00:00,1,96,UNAVAILABLE,MEDIUM
WIN-SEC-A01-2026100212,SEC-A01,2026-10-02 12:00:00,2026-10-02 13:00:00,1,67,UNAVAILABLE,MEDIUM
WIN-SEC-A01-2026100213,SEC-A01,2026-10-02 13:00:00,2026-10-02 14:00:00,1,67,UNAVAILABLE,MEDIUM
WIN-SEC-A01-2026100214,SEC-A01,2026-10-02 14:00:00,2026-10-02 15:00:00,1,67,UNAVAILABLE,MEDIUM
WIN-SEC-A01-2026100215,SEC-A01,2026-10-02 15:00:00,2026-10-02 16:00:00,1,69,UNAVAILABLE,MEDIUM
WIN-SEC-A01-2026100216,SEC-A01,2026-10-02 16:00:00,2026-10-02 17:00:00,1,69,UNAVAILABLE,MEDIUM
WIN-SEC-A01-2026100217,SEC-A01,2026-10-02 17:00:00,2026-10-02 18:00:00,2,69,UNAVAILABLE,HIGH
WIN-SEC-A01-2026100218,SEC-A01,2026-10-02 18:00:00,2026-10-02 19:00:00,2,83,UNAVAILABLE,HIGH
WIN-SEC-A01-2026100219,SEC-A01,2026-10-02 19:00:00,2026-10-02 20:00:00,2,83,UNAVAILABLE,HIGH
WIN-SEC-A01-2026100220,SEC-A01,2026-10-02 20:00:00,2026-10-02 21:00:00,2,83,UNAVAILABLE,HIGH
WIN-SEC-A01-2026100221,SEC-A01,2026-10-02 21:00:00,2026-10-02 22:00:00,2,89,UNAVAILABLE,HIGH
WIN-SEC-A01-2026100222,SEC-A01,2026-10-02 22:00:00,2026-10-02 23:00:00,2,89,UNAVAILABLE,HIGH
WIN-SEC-A01-2026100223,SEC-A01,2026-10-02 23:00:00,2026-10-03 00:00:00,1,89,UNAVAILABLE,MEDIUM
WIN-SEC-A02-2026100200,SEC-A02,2026-10-02 00:00:00,2026-10-02 01:00:00,1,65,UNAVAILABLE,MEDIUM
WIN-SEC-A02-2026100201,SEC-A02,2026-10-02 01:00:00,2026-10-02 02:00:00,1,65,UNAVAILABLE,MEDIUM
WIN-SEC-A02-2026100202,SEC-A02,2026-10-02 02:00:00,2026-10-02 03:00:00,1,65,UNAVAILABLE,MEDIUM
WIN-SEC-A02-2026100203,SEC-A02,2026-10-02 03:00:00,2026-10-02 04:00:00,1,56,UNAVAILABLE,MEDIUM
WIN-SEC-A02-2026100204,SEC-A02,2026-10-02 04:00:00,2026-10-02 05:00:00,2,56,UNAVAILABLE,HIGH
WIN-SEC-A02-2026100205,SEC-A02,2026-10-02 05:00:00,2026-10-02 06:00:00,1,56,UNAVAILABLE,MEDIUM
WIN-SEC-A02-2026100206,SEC-A02,2026-10-02 06:00:00,2026-10-02 07:00:00,2,81,UNAVAILABLE,HIGH
WIN-SEC-A02-2026100207,SEC-A02,2026-10-02 07:00:00,2026-10-02 08:00:00,2,81,UNAVAILABLE,HIGH
WIN-SEC-A02-2026100208,SEC-A02,2026-10-02 08:00:00,2026-10-02 09:00:00,1,81,UNAVAILABLE,MEDIUM
WIN-SEC-A02-2026100209,SEC-A02,2026-10-02 09:00:00,2026-10-02 10:00:00,1,80,UNAVAILABLE,MEDIUM
WIN-SEC-A02-2026100210,SEC-A02,2026-10-02 10:00:00,2026-10-02 11:00:00,2,80,UNAVAILABLE,HIGH
WIN-SEC-A02-2026100211,SEC-A02,2026-10-02 11:00:00,2026-10-02 12:00:00,1,80,UNAVAILABLE,MEDIUM
WIN-SEC-A02-2026100212,SEC-A02,2026-10-02 12:00:00,2026-10-02 13:00:00,2,72,UNAVAILABLE,HIGH
WIN-SEC-A02-2026100213,SEC-A02,2026-10-02 13:00:00,2026-10-02 14:00:00,1,72,UNAVAILABLE,MEDIUM
WIN-SEC-A02-2026100214,SEC-A02,2026-10-02 14:00:00,2026-10-02 15:00:00,1,72,UNAVAILABLE,MEDIUM
WIN-SEC-A02-2026100215,SEC-A02,2026-10-02 15:00:00,2026-10-02 16:00:00,1,75,UNAVAILABLE,MEDIUM
WIN-SEC-A02-2026100216,SEC-A02,2026-10-02 16:00:00,2026-10-02 17:00:00,2,75,UNAVAILABLE,HIGH
WIN-SEC-A02-2026100217,SEC-A02,2026-10-02 17:00:00,2026-10-02 18:00:00,2,75,UNAVAILABLE,HIGH
WIN-SEC-A02-2026100218,SEC-A02,2026-10-02 18:00:00,2026-10-02 19:00:00,2,87,UNAVAILABLE,HIGH
WIN-SEC-A02-2026100219,SEC-A02,2026-10-02 19:00:00,2026-10-02 20:00:00,2,87,UNAVAILABLE,HIGH
WIN-SEC-A02-2026100220,SEC-A02,2026-10-02 20:00:00,2026-10-02 21:00:00,2,87,UNAVAILABLE,HIGH
WIN-SEC-A02-2026100221,SEC-A02,2026-10-02 21:00:00,2026-10-02 22:00:00,2,73,UNAVAILABLE,HIGH
WIN-SEC-A02-2026100222,SEC-A02,2026-10-02 22:00:00,2026-10-02 23:00:00,1,73,UNAVAILABLE,MEDIUM
WIN-SEC-A02-2026100223,SEC-A02,2026-10-02 23:00:00,2026-10-03 00:00:00,2,73,UNAVAILABLE,HIGH
WIN-SEC-B01-2026100200,SEC-B01,2026-10-02 00:00:00,2026-10-02 01:00:00,2,50,UNAVAILABLE,HIGH
WIN-SEC-B01-2026100201,SEC-B01,2026-10-02 01:00:00,2026-10-02 02:00:00,1,50,UNAVAILABLE,MEDIUM
WIN-SEC-B01-2026100202,SEC-B01,2026-10-02 02:00:00,2026-10-02 03:00:00,1,50,UNAVAILABLE,MEDIUM
WIN-SEC-B01-2026100203,SEC-B01,2026-10-02 03:00:00,2026-10-02 04:00:00,1,46,UNAVAILABLE,MEDIUM
WIN-SEC-B01-2026100204,SEC-B01,2026-10-02 04:00:00,2026-10-02 05:00:00,1,46,UNAVAILABLE,MEDIUM
WIN-SEC-B01-2026100205,SEC-B01,2026-10-02 05:00:00,2026-10-02 06:00:00,1,46,UNAVAILABLE,MEDIUM
WIN-SEC-B01-2026100206,SEC-B01,2026-10-02 06:00:00,2026-10-02 07:00:00,1,72,UNAVAILABLE,MEDIUM
WIN-SEC-B01-2026100207,SEC-B01,2026-10-02 07:00:00,2026-10-02 08:00:00,1,72,UNAVAILABLE,MEDIUM
WIN-SEC-B01-2026100208,SEC-B01,2026-10-02 08:00:00,2026-10-02 09:00:00,2,72,UNAVAILABLE,HIGH
WIN-SEC-B01-2026100209,SEC-B01,2026-10-02 09:00:00,2026-10-02 10:00:00,1,67,UNAVAILABLE,MEDIUM
WIN-SEC-B01-2026100210,SEC-B01,2026-10-02 10:00:00,2026-10-02 11:00:00,1,67,UNAVAILABLE,MEDIUM
WIN-SEC-B01-2026100211,SEC-B01,2026-10-02 11:00:00,2026-10-02 12:00:00,1,67,UNAVAILABLE,MEDIUM
WIN-SEC-B01-2026100212,SEC-B01,2026-10-02 12:00:00,2026-10-02 13:00:00,1,59,UNAVAILABLE,MEDIUM
WIN-SEC-B01-2026100213,SEC-B01,2026-10-02 13:00:00,2026-10-02 14:00:00,1,59,UNAVAILABLE,MEDIUM
WIN-SEC-B01-2026100214,SEC-B01,2026-10-02 14:00:00,2026-10-02 15:00:00,2,59,UNAVAILABLE,HIGH
WIN-SEC-B01-2026100215,SEC-B01,2026-10-02 15:00:00,2026-10-02 16:00:00,1,55,UNAVAILABLE,MEDIUM
WIN-SEC-B01-2026100216,SEC-B01,2026-10-02 16:00:00,2026-10-02 17:00:00,1,55,UNAVAILABLE,MEDIUM
WIN-SEC-B01-2026100217,SEC-B01,2026-10-02 17:00:00,2026-10-02 18:00:00,1,55,UNAVAILABLE,MEDIUM
WIN-SEC-B01-2026100218,SEC-B01,2026-10-02 18:00:00,2026-10-02 19:00:00,1,72,UNAVAILABLE,MEDIUM
WIN-SEC-B01-2026100219,SEC-B01,2026-10-02 19:00:00,2026-10-02 20:00:00,1,72,UNAVAILABLE,MEDIUM
WIN-SEC-B01-2026100220,SEC-B01,2026-10-02 20:00:00,2026-10-02 21:00:00,1,72,UNAVAILABLE,MEDIUM
WIN-SEC-B01-2026100221,SEC-B01,2026-10-02 21:00:00,2026-10-02 22:00:00,1,67,UNAVAILABLE,MEDIUM
WIN-SEC-B01-2026100222,SEC-B01,2026-10-02 22:00:00,2026-10-02 23:00:00,1,67,UNAVAILABLE,MEDIUM
WIN-SEC-B01-2026100223,SEC-B01,2026-10-02 23:00:00,2026-10-03 00:00:00,0,67,UNAVAILABLE,MEDIUM
WIN-SEC-B02-2026100200,SEC-B02,2026-10-02 00:00:00,2026-10-02 01:00:00,2,43,UNAVAILABLE,HIGH
WIN-SEC-B02-2026100201,SEC-B02,2026-10-02 01:00:00,2026-10-02 02:00:00,1,43,UNAVAILABLE,MEDIUM
WIN-SEC-B02-2026100202,SEC-B02,2026-10-02 02:00:00,2026-10-02 03:00:00,1,43,UNAVAILABLE,MEDIUM
WIN-SEC-B02-2026100203,SEC-B02,2026-10-02 03:00:00,2026-10-02 04:00:00,1,58,UNAVAILABLE,MEDIUM
WIN-SEC-B02-2026100204,SEC-B02,2026-10-02 04:00:00,2026-10-02 05:00:00,1,58,UNAVAILABLE,MEDIUM
WIN-SEC-B02-2026100205,SEC-B02,2026-10-02 05:00:00,2026-10-02 06:00:00,1,58,UNAVAILABLE,MEDIUM
WIN-SEC-B02-2026100206,SEC-B02,2026-10-02 06:00:00,2026-10-02 07:00:00,1,69,UNAVAILABLE,MEDIUM
WIN-SEC-B02-2026100207,SEC-B02,2026-10-02 07:00:00,2026-10-02 08:00:00,1,69,UNAVAILABLE,MEDIUM
WIN-SEC-B02-2026100208,SEC-B02,2026-10-02 08:00:00,2026-10-02 09:00:00,2,69,UNAVAILABLE,HIGH
WIN-SEC-B02-2026100209,SEC-B02,2026-10-02 09:00:00,2026-10-02 10:00:00,1,67,UNAVAILABLE,MEDIUM
WIN-SEC-B02-2026100210,SEC-B02,2026-10-02 10:00:00,2026-10-02 11:00:00,1,67,UNAVAILABLE,MEDIUM
WIN-SEC-B02-2026100211,SEC-B02,2026-10-02 11:00:00,2026-10-02 12:00:00,1,67,UNAVAILABLE,MEDIUM
WIN-SEC-B02-2026100212,SEC-B02,2026-10-02 12:00:00,2026-10-02 13:00:00,1,44,UNAVAILABLE,MEDIUM
WIN-SEC-B02-2026100213,SEC-B02,2026-10-02 13:00:00,2026-10-02 14:00:00,1,44,UNAVAILABLE,MEDIUM
WIN-SEC-B02-2026100214,SEC-B02,2026-10-02 14:00:00,2026-10-02 15:00:00,1,44,UNAVAILABLE,MEDIUM
WIN-SEC-B02-2026100215,SEC-B02,2026-10-02 15:00:00,2026-10-02 16:00:00,1,44,UNAVAILABLE,MEDIUM
WIN-SEC-B02-2026100216,SEC-B02,2026-10-02 16:00:00,2026-10-02 17:00:00,1,44,UNAVAILABLE,MEDIUM
WIN-SEC-B02-2026100217,SEC-B02,2026-10-02 17:00:00,2026-10-02 18:00:00,1,44,UNAVAILABLE,MEDIUM
WIN-SEC-B02-2026100218,SEC-B02,2026-10-02 18:00:00,2026-10-02 19:00:00,1,66,UNAVAILABLE,MEDIUM
WIN-SEC-B02-2026100219,SEC-B02,2026-10-02 19:00:00,2026-10-02 20:00:00,1,66,UNAVAILABLE,MEDIUM
WIN-SEC-B02-2026100220,SEC-B02,2026-10-02 20:00:00,2026-10-02 21:00:00,1,66,UNAVAILABLE,MEDIUM
WIN-SEC-B02-2026100221,SEC-B02,2026-10-02 21:00:00,2026-10-02 22:00:00,1,65,UNAVAILABLE,MEDIUM
WIN-SEC-B02-2026100222,SEC-B02,2026-10-02 22:00:00,2026-10-02 23:00:00,1,65,UNAVAILABLE,MEDIUM
WIN-SEC-B02-2026100223,SEC-B02,2026-10-02 23:00:00,2026-10-03 00:00:00,0,65,UNAVAILABLE,MEDIUM
WIN-SEC-C01-2026100200,SEC-C01,2026-10-02 00:00:00,2026-10-02 01:00:00,1,20,UNAVAILABLE,MEDIUM
WIN-SEC-C01-2026100201,SEC-C01,2026-10-02 01:00:00,2026-10-02 02:00:00,0,20,AVAILABLE,LOW
WIN-SEC-C01-2026100202,SEC-C01,2026-10-02 02:00:00,2026-10-02 03:00:00,1,20,UNAVAILABLE,MEDIUM
WIN-SEC-C01-2026100203,SEC-C01,2026-10-02 03:00:00,2026-10-02 04:00:00,1,25,UNAVAILABLE,MEDIUM
WIN-SEC-C01-2026100204,SEC-C01,2026-10-02 04:00:00,2026-10-02 05:00:00,1,25,UNAVAILABLE,MEDIUM
WIN-SEC-C01-2026100205,SEC-C01,2026-10-02 05:00:00,2026-10-02 06:00:00,1,25,UNAVAILABLE,MEDIUM
WIN-SEC-C01-2026100206,SEC-C01,2026-10-02 06:00:00,2026-10-02 07:00:00,0,54,UNAVAILABLE,MEDIUM
WIN-SEC-C01-2026100207,SEC-C01,2026-10-02 07:00:00,2026-10-02 08:00:00,1,54,UNAVAILABLE,MEDIUM
WIN-SEC-C01-2026100208,SEC-C01,2026-10-02 08:00:00,2026-10-02 09:00:00,0,54,UNAVAILABLE,MEDIUM
WIN-SEC-C01-2026100209,SEC-C01,2026-10-02 09:00:00,2026-10-02 10:00:00,1,48,UNAVAILABLE,MEDIUM
WIN-SEC-C01-2026100210,SEC-C01,2026-10-02 10:00:00,2026-10-02 11:00:00,1,48,UNAVAILABLE,MEDIUM
WIN-SEC-C01-2026100211,SEC-C01,2026-10-02 11:00:00,2026-10-02 12:00:00,0,48,AVAILABLE,LOW
WIN-SEC-C01-2026100212,SEC-C01,2026-10-02 12:00:00,2026-10-02 13:00:00,1,25,UNAVAILABLE,MEDIUM
WIN-SEC-C01-2026100213,SEC-C01,2026-10-02 13:00:00,2026-10-02 14:00:00,0,25,AVAILABLE,LOW
WIN-SEC-C01-2026100214,SEC-C01,2026-10-02 14:00:00,2026-10-02 15:00:00,1,25,UNAVAILABLE,MEDIUM
WIN-SEC-C01-2026100215,SEC-C01,2026-10-02 15:00:00,2026-10-02 16:00:00,1,31,UNAVAILABLE,MEDIUM
WIN-SEC-C01-2026100216,SEC-C01,2026-10-02 16:00:00,2026-10-02 17:00:00,1,31,UNAVAILABLE,MEDIUM
WIN-SEC-C01-2026100217,SEC-C01,2026-10-02 17:00:00,2026-10-02 18:00:00,1,31,UNAVAILABLE,MEDIUM
WIN-SEC-C01-2026100218,SEC-C01,2026-10-02 18:00:00,2026-10-02 19:00:00,0,39,UNAVAILABLE,MEDIUM
WIN-SEC-C01-2026100219,SEC-C01,2026-10-02 19:00:00,2026-10-02 20:00:00,1,39,UNAVAILABLE,MEDIUM
WIN-SEC-C01-2026100220,SEC-C01,2026-10-02 20:00:00,2026-10-02 21:00:00,0,39,UNAVAILABLE,MEDIUM
WIN-SEC-C01-2026100221,SEC-C01,2026-10-02 21:00:00,2026-10-02 22:00:00,1,42,UNAVAILABLE,MEDIUM
WIN-SEC-C01-2026100222,SEC-C01,2026-10-02 22:00:00,2026-10-02 23:00:00,1,42,UNAVAILABLE,MEDIUM
WIN-SEC-C01-2026100223,SEC-C01,2026-10-02 23:00:00,2026-10-03 00:00:00,0,42,AVAILABLE,LOW
WIN-SEC-A01-2026100300,SEC-A01,2026-10-03 00:00:00,2026-10-03 01:00:00,0,62,AVAILABLE,LOW
WIN-SEC-A01-2026100301,SEC-A01,2026-10-03 01:00:00,2026-10-03 02:00:00,1,62,UNAVAILABLE,MEDIUM
WIN-SEC-A01-2026100302,SEC-A01,2026-10-03 02:00:00,2026-10-03 03:00:00,1,62,UNAVAILABLE,MEDIUM
WIN-SEC-A01-2026100303,SEC-A01,2026-10-03 03:00:00,2026-10-03 04:00:00,1,61,UNAVAILABLE,MEDIUM
WIN-SEC-A01-2026100304,SEC-A01,2026-10-03 04:00:00,2026-10-03 05:00:00,1,61,UNAVAILABLE,MEDIUM
WIN-SEC-A01-2026100305,SEC-A01,2026-10-03 05:00:00,2026-10-03 06:00:00,1,61,UNAVAILABLE,MEDIUM
WIN-SEC-A01-2026100306,SEC-A01,2026-10-03 06:00:00,2026-10-03 07:00:00,1,76,UNAVAILABLE,MEDIUM
WIN-SEC-A01-2026100307,SEC-A01,2026-10-03 07:00:00,2026-10-03 08:00:00,2,76,UNAVAILABLE,HIGH
WIN-SEC-A01-2026100308,SEC-A01,2026-10-03 08:00:00,2026-10-03 09:00:00,2,76,UNAVAILABLE,HIGH
WIN-SEC-A01-2026100309,SEC-A01,2026-10-03 09:00:00,2026-10-03 10:00:00,2,83,UNAVAILABLE,HIGH
WIN-SEC-A01-2026100310,SEC-A01,2026-10-03 10:00:00,2026-10-03 11:00:00,2,83,UNAVAILABLE,HIGH
WIN-SEC-A01-2026100311,SEC-A01,2026-10-03 11:00:00,2026-10-03 12:00:00,1,83,UNAVAILABLE,MEDIUM
WIN-SEC-A01-2026100312,SEC-A01,2026-10-03 12:00:00,2026-10-03 13:00:00,1,69,UNAVAILABLE,MEDIUM
WIN-SEC-A01-2026100313,SEC-A01,2026-10-03 13:00:00,2026-10-03 14:00:00,1,69,UNAVAILABLE,MEDIUM
WIN-SEC-A01-2026100314,SEC-A01,2026-10-03 14:00:00,2026-10-03 15:00:00,1,69,UNAVAILABLE,MEDIUM
WIN-SEC-A01-2026100315,SEC-A01,2026-10-03 15:00:00,2026-10-03 16:00:00,1,54,UNAVAILABLE,MEDIUM
WIN-SEC-A01-2026100316,SEC-A01,2026-10-03 16:00:00,2026-10-03 17:00:00,1,54,UNAVAILABLE,MEDIUM
WIN-SEC-A01-2026100317,SEC-A01,2026-10-03 17:00:00,2026-10-03 18:00:00,1,54,UNAVAILABLE,MEDIUM
WIN-SEC-A01-2026100318,SEC-A01,2026-10-03 18:00:00,2026-10-03 19:00:00,2,96,UNAVAILABLE,HIGH
WIN-SEC-A01-2026100319,SEC-A01,2026-10-03 19:00:00,2026-10-03 20:00:00,2,96,UNAVAILABLE,HIGH
WIN-SEC-A01-2026100320,SEC-A01,2026-10-03 20:00:00,2026-10-03 21:00:00,2,96,UNAVAILABLE,HIGH
WIN-SEC-A01-2026100321,SEC-A01,2026-10-03 21:00:00,2026-10-03 22:00:00,2,91,UNAVAILABLE,HIGH
WIN-SEC-A01-2026100322,SEC-A01,2026-10-03 22:00:00,2026-10-03 23:00:00,1,91,UNAVAILABLE,MEDIUM
WIN-SEC-A01-2026100323,SEC-A01,2026-10-03 23:00:00,2026-10-04 00:00:00,2,91,UNAVAILABLE,HIGH
WIN-SEC-A02-2026100300,SEC-A02,2026-10-03 00:00:00,2026-10-03 01:00:00,2,62,UNAVAILABLE,HIGH
WIN-SEC-A02-2026100301,SEC-A02,2026-10-03 01:00:00,2026-10-03 02:00:00,2,62,UNAVAILABLE,HIGH
WIN-SEC-A02-2026100302,SEC-A02,2026-10-03 02:00:00,2026-10-03 03:00:00,1,62,UNAVAILABLE,MEDIUM
WIN-SEC-A02-2026100303,SEC-A02,2026-10-03 03:00:00,2026-10-03 04:00:00,1,64,UNAVAILABLE,MEDIUM
WIN-SEC-A02-2026100304,SEC-A02,2026-10-03 04:00:00,2026-10-03 05:00:00,1,64,UNAVAILABLE,MEDIUM
WIN-SEC-A02-2026100305,SEC-A02,2026-10-03 05:00:00,2026-10-03 06:00:00,1,64,UNAVAILABLE,MEDIUM
WIN-SEC-A02-2026100306,SEC-A02,2026-10-03 06:00:00,2026-10-03 07:00:00,1,77,UNAVAILABLE,MEDIUM
WIN-SEC-A02-2026100307,SEC-A02,2026-10-03 07:00:00,2026-10-03 08:00:00,2,77,UNAVAILABLE,HIGH
WIN-SEC-A02-2026100308,SEC-A02,2026-10-03 08:00:00,2026-10-03 09:00:00,2,77,UNAVAILABLE,HIGH
WIN-SEC-A02-2026100309,SEC-A02,2026-10-03 09:00:00,2026-10-03 10:00:00,1,94,UNAVAILABLE,MEDIUM
WIN-SEC-A02-2026100310,SEC-A02,2026-10-03 10:00:00,2026-10-03 11:00:00,1,94,UNAVAILABLE,MEDIUM
WIN-SEC-A02-2026100311,SEC-A02,2026-10-03 11:00:00,2026-10-03 12:00:00,2,94,UNAVAILABLE,HIGH
WIN-SEC-A02-2026100312,SEC-A02,2026-10-03 12:00:00,2026-10-03 13:00:00,1,83,UNAVAILABLE,MEDIUM
WIN-SEC-A02-2026100313,SEC-A02,2026-10-03 13:00:00,2026-10-03 14:00:00,1,83,UNAVAILABLE,MEDIUM
WIN-SEC-A02-2026100314,SEC-A02,2026-10-03 14:00:00,2026-10-03 15:00:00,1,83,UNAVAILABLE,MEDIUM
WIN-SEC-A02-2026100315,SEC-A02,2026-10-03 15:00:00,2026-10-03 16:00:00,1,73,UNAVAILABLE,MEDIUM
WIN-SEC-A02-2026100316,SEC-A02,2026-10-03 16:00:00,2026-10-03 17:00:00,1,73,UNAVAILABLE,MEDIUM
WIN-SEC-A02-2026100317,SEC-A02,2026-10-03 17:00:00,2026-10-03 18:00:00,2,73,UNAVAILABLE,HIGH
WIN-SEC-A02-2026100318,SEC-A02,2026-10-03 18:00:00,2026-10-03 19:00:00,2,90,UNAVAILABLE,HIGH
WIN-SEC-A02-2026100319,SEC-A02,2026-10-03 19:00:00,2026-10-03 20:00:00,2,90,UNAVAILABLE,HIGH
WIN-SEC-A02-2026100320,SEC-A02,2026-10-03 20:00:00,2026-10-03 21:00:00,2,90,UNAVAILABLE,HIGH
WIN-SEC-A02-2026100321,SEC-A02,2026-10-03 21:00:00,2026-10-03 22:00:00,2,85,UNAVAILABLE,HIGH
WIN-SEC-A02-2026100322,SEC-A02,2026-10-03 22:00:00,2026-10-03 23:00:00,1,85,UNAVAILABLE,MEDIUM
WIN-SEC-A02-2026100323,SEC-A02,2026-10-03 23:00:00,2026-10-04 00:00:00,2,85,UNAVAILABLE,HIGH
WIN-SEC-B01-2026100300,SEC-B01,2026-10-03 00:00:00,2026-10-03 01:00:00,0,36,AVAILABLE,LOW
WIN-SEC-B01-2026100301,SEC-B01,2026-10-03 01:00:00,2026-10-03 02:00:00,1,36,UNAVAILABLE,MEDIUM
WIN-SEC-B01-2026100302,SEC-B01,2026-10-03 02:00:00,2026-10-03 03:00:00,2,36,UNAVAILABLE,HIGH
WIN-SEC-B01-2026100303,SEC-B01,2026-10-03 03:00:00,2026-10-03 04:00:00,1,42,UNAVAILABLE,MEDIUM
WIN-SEC-B01-2026100304,SEC-B01,2026-10-03 04:00:00,2026-10-03 05:00:00,1,42,UNAVAILABLE,MEDIUM
WIN-SEC-B01-2026100305,SEC-B01,2026-10-03 05:00:00,2026-10-03 06:00:00,2,42,UNAVAILABLE,HIGH
WIN-SEC-B01-2026100306,SEC-B01,2026-10-03 06:00:00,2026-10-03 07:00:00,1,65,UNAVAILABLE,MEDIUM
WIN-SEC-B01-2026100307,SEC-B01,2026-10-03 07:00:00,2026-10-03 08:00:00,1,65,UNAVAILABLE,MEDIUM
WIN-SEC-B01-2026100308,SEC-B01,2026-10-03 08:00:00,2026-10-03 09:00:00,2,65,UNAVAILABLE,HIGH
WIN-SEC-B01-2026100309,SEC-B01,2026-10-03 09:00:00,2026-10-03 10:00:00,1,61,UNAVAILABLE,MEDIUM
WIN-SEC-B01-2026100310,SEC-B01,2026-10-03 10:00:00,2026-10-03 11:00:00,1,61,UNAVAILABLE,MEDIUM
WIN-SEC-B01-2026100311,SEC-B01,2026-10-03 11:00:00,2026-10-03 12:00:00,1,61,UNAVAILABLE,MEDIUM
WIN-SEC-B01-2026100312,SEC-B01,2026-10-03 12:00:00,2026-10-03 13:00:00,1,51,UNAVAILABLE,MEDIUM
WIN-SEC-B01-2026100313,SEC-B01,2026-10-03 13:00:00,2026-10-03 14:00:00,1,51,UNAVAILABLE,MEDIUM
WIN-SEC-B01-2026100314,SEC-B01,2026-10-03 14:00:00,2026-10-03 15:00:00,1,51,UNAVAILABLE,MEDIUM
WIN-SEC-B01-2026100315,SEC-B01,2026-10-03 15:00:00,2026-10-03 16:00:00,1,51,UNAVAILABLE,MEDIUM
WIN-SEC-B01-2026100316,SEC-B01,2026-10-03 16:00:00,2026-10-03 17:00:00,1,51,UNAVAILABLE,MEDIUM
WIN-SEC-B01-2026100317,SEC-B01,2026-10-03 17:00:00,2026-10-03 18:00:00,2,51,UNAVAILABLE,HIGH
WIN-SEC-B01-2026100318,SEC-B01,2026-10-03 18:00:00,2026-10-03 19:00:00,1,64,UNAVAILABLE,MEDIUM
WIN-SEC-B01-2026100319,SEC-B01,2026-10-03 19:00:00,2026-10-03 20:00:00,1,64,UNAVAILABLE,MEDIUM
WIN-SEC-B01-2026100320,SEC-B01,2026-10-03 20:00:00,2026-10-03 21:00:00,2,64,UNAVAILABLE,HIGH
WIN-SEC-B01-2026100321,SEC-B01,2026-10-03 21:00:00,2026-10-03 22:00:00,1,64,UNAVAILABLE,MEDIUM
WIN-SEC-B01-2026100322,SEC-B01,2026-10-03 22:00:00,2026-10-03 23:00:00,1,64,UNAVAILABLE,MEDIUM
WIN-SEC-B01-2026100323,SEC-B01,2026-10-03 23:00:00,2026-10-04 00:00:00,2,64,UNAVAILABLE,HIGH
WIN-SEC-B02-2026100300,SEC-B02,2026-10-03 00:00:00,2026-10-03 01:00:00,1,38,UNAVAILABLE,MEDIUM
WIN-SEC-B02-2026100301,SEC-B02,2026-10-03 01:00:00,2026-10-03 02:00:00,1,38,UNAVAILABLE,MEDIUM
WIN-SEC-B02-2026100302,SEC-B02,2026-10-03 02:00:00,2026-10-03 03:00:00,2,38,UNAVAILABLE,HIGH
WIN-SEC-B02-2026100303,SEC-B02,2026-10-03 03:00:00,2026-10-03 04:00:00,1,40,UNAVAILABLE,MEDIUM
WIN-SEC-B02-2026100304,SEC-B02,2026-10-03 04:00:00,2026-10-03 05:00:00,1,40,UNAVAILABLE,MEDIUM
WIN-SEC-B02-2026100305,SEC-B02,2026-10-03 05:00:00,2026-10-03 06:00:00,1,40,UNAVAILABLE,MEDIUM
WIN-SEC-B02-2026100306,SEC-B02,2026-10-03 06:00:00,2026-10-03 07:00:00,1,56,UNAVAILABLE,MEDIUM
WIN-SEC-B02-2026100307,SEC-B02,2026-10-03 07:00:00,2026-10-03 08:00:00,1,56,UNAVAILABLE,MEDIUM
WIN-SEC-B02-2026100308,SEC-B02,2026-10-03 08:00:00,2026-10-03 09:00:00,1,56,UNAVAILABLE,MEDIUM
WIN-SEC-B02-2026100309,SEC-B02,2026-10-03 09:00:00,2026-10-03 10:00:00,1,70,UNAVAILABLE,MEDIUM
WIN-SEC-B02-2026100310,SEC-B02,2026-10-03 10:00:00,2026-10-03 11:00:00,1,70,UNAVAILABLE,MEDIUM
WIN-SEC-B02-2026100311,SEC-B02,2026-10-03 11:00:00,2026-10-03 12:00:00,1,70,UNAVAILABLE,MEDIUM
WIN-SEC-B02-2026100312,SEC-B02,2026-10-03 12:00:00,2026-10-03 13:00:00,1,39,UNAVAILABLE,MEDIUM
WIN-SEC-B02-2026100313,SEC-B02,2026-10-03 13:00:00,2026-10-03 14:00:00,1,39,UNAVAILABLE,MEDIUM
WIN-SEC-B02-2026100314,SEC-B02,2026-10-03 14:00:00,2026-10-03 15:00:00,1,39,UNAVAILABLE,MEDIUM
WIN-SEC-B02-2026100315,SEC-B02,2026-10-03 15:00:00,2026-10-03 16:00:00,1,59,UNAVAILABLE,MEDIUM
WIN-SEC-B02-2026100316,SEC-B02,2026-10-03 16:00:00,2026-10-03 17:00:00,1,59,UNAVAILABLE,MEDIUM
WIN-SEC-B02-2026100317,SEC-B02,2026-10-03 17:00:00,2026-10-03 18:00:00,2,59,UNAVAILABLE,HIGH
WIN-SEC-B02-2026100318,SEC-B02,2026-10-03 18:00:00,2026-10-03 19:00:00,1,72,UNAVAILABLE,MEDIUM
WIN-SEC-B02-2026100319,SEC-B02,2026-10-03 19:00:00,2026-10-03 20:00:00,1,72,UNAVAILABLE,MEDIUM
WIN-SEC-B02-2026100320,SEC-B02,2026-10-03 20:00:00,2026-10-03 21:00:00,0,72,UNAVAILABLE,MEDIUM
WIN-SEC-B02-2026100321,SEC-B02,2026-10-03 21:00:00,2026-10-03 22:00:00,1,62,UNAVAILABLE,MEDIUM
WIN-SEC-B02-2026100322,SEC-B02,2026-10-03 22:00:00,2026-10-03 23:00:00,1,62,UNAVAILABLE,MEDIUM
WIN-SEC-B02-2026100323,SEC-B02,2026-10-03 23:00:00,2026-10-04 00:00:00,0,62,AVAILABLE,LOW
WIN-SEC-C01-2026100300,SEC-C01,2026-10-03 00:00:00,2026-10-03 01:00:00,0,8,AVAILABLE,LOW
WIN-SEC-C01-2026100301,SEC-C01,2026-10-03 01:00:00,2026-10-03 02:00:00,0,8,AVAILABLE,LOW
WIN-SEC-C01-2026100302,SEC-C01,2026-10-03 02:00:00,2026-10-03 03:00:00,1,8,UNAVAILABLE,MEDIUM
WIN-SEC-C01-2026100303,SEC-C01,2026-10-03 03:00:00,2026-10-03 04:00:00,0,22,AVAILABLE,LOW
WIN-SEC-C01-2026100304,SEC-C01,2026-10-03 04:00:00,2026-10-03 05:00:00,1,22,UNAVAILABLE,MEDIUM
WIN-SEC-C01-2026100305,SEC-C01,2026-10-03 05:00:00,2026-10-03 06:00:00,1,22,UNAVAILABLE,MEDIUM
WIN-SEC-C01-2026100306,SEC-C01,2026-10-03 06:00:00,2026-10-03 07:00:00,0,44,UNAVAILABLE,MEDIUM
WIN-SEC-C01-2026100307,SEC-C01,2026-10-03 07:00:00,2026-10-03 08:00:00,1,44,UNAVAILABLE,MEDIUM
WIN-SEC-C01-2026100308,SEC-C01,2026-10-03 08:00:00,2026-10-03 09:00:00,0,44,UNAVAILABLE,MEDIUM
WIN-SEC-C01-2026100309,SEC-C01,2026-10-03 09:00:00,2026-10-03 10:00:00,1,38,UNAVAILABLE,MEDIUM
WIN-SEC-C01-2026100310,SEC-C01,2026-10-03 10:00:00,2026-10-03 11:00:00,1,38,UNAVAILABLE,MEDIUM
WIN-SEC-C01-2026100311,SEC-C01,2026-10-03 11:00:00,2026-10-03 12:00:00,1,38,UNAVAILABLE,MEDIUM
WIN-SEC-C01-2026100312,SEC-C01,2026-10-03 12:00:00,2026-10-03 13:00:00,1,29,UNAVAILABLE,MEDIUM
WIN-SEC-C01-2026100313,SEC-C01,2026-10-03 13:00:00,2026-10-03 14:00:00,0,29,AVAILABLE,LOW
WIN-SEC-C01-2026100314,SEC-C01,2026-10-03 14:00:00,2026-10-03 15:00:00,1,29,UNAVAILABLE,MEDIUM
WIN-SEC-C01-2026100315,SEC-C01,2026-10-03 15:00:00,2026-10-03 16:00:00,0,41,AVAILABLE,LOW
WIN-SEC-C01-2026100316,SEC-C01,2026-10-03 16:00:00,2026-10-03 17:00:00,1,41,UNAVAILABLE,MEDIUM
WIN-SEC-C01-2026100317,SEC-C01,2026-10-03 17:00:00,2026-10-03 18:00:00,1,41,UNAVAILABLE,MEDIUM
WIN-SEC-C01-2026100318,SEC-C01,2026-10-03 18:00:00,2026-10-03 19:00:00,0,48,UNAVAILABLE,MEDIUM
WIN-SEC-C01-2026100319,SEC-C01,2026-10-03 19:00:00,2026-10-03 20:00:00,1,48,UNAVAILABLE,MEDIUM
WIN-SEC-C01-2026100320,SEC-C01,2026-10-03 20:00:00,2026-10-03 21:00:00,0,48,UNAVAILABLE,MEDIUM
WIN-SEC-C01-2026100321,SEC-C01,2026-10-03 21:00:00,2026-10-03 22:00:00,1,38,UNAVAILABLE,MEDIUM
WIN-SEC-C01-2026100322,SEC-C01,2026-10-03 22:00:00,2026-10-03 23:00:00,1,38,UNAVAILABLE,MEDIUM
WIN-SEC-C01-2026100323,SEC-C01,2026-10-03 23:00:00,2026-10-04 00:00:00,1,38,UNAVAILABLE,MEDIUM
WIN-SEC-A01-2026100400,SEC-A01,2026-10-04 00:00:00,2026-10-04 01:00:00,2,54,UNAVAILABLE,HIGH
WIN-SEC-A01-2026100401,SEC-A01,2026-10-04 01:00:00,2026-10-04 02:00:00,1,54,UNAVAILABLE,MEDIUM
WIN-SEC-A01-2026100402,SEC-A01,2026-10-04 02:00:00,2026-10-04 03:00:00,1,54,UNAVAILABLE,MEDIUM
WIN-SEC-A01-2026100403,SEC-A01,2026-10-04 03:00:00,2026-10-04 04:00:00,1,62,UNAVAILABLE,MEDIUM
WIN-SEC-A01-2026100404,SEC-A01,2026-10-04 04:00:00,2026-10-04 05:00:00,1,62,UNAVAILABLE,MEDIUM
WIN-SEC-A01-2026100405,SEC-A01,2026-10-04 05:00:00,2026-10-04 06:00:00,1,62,UNAVAILABLE,MEDIUM
WIN-SEC-A01-2026100406,SEC-A01,2026-10-04 06:00:00,2026-10-04 07:00:00,1,83,UNAVAILABLE,MEDIUM
WIN-SEC-A01-2026100407,SEC-A01,2026-10-04 07:00:00,2026-10-04 08:00:00,2,83,UNAVAILABLE,HIGH
WIN-SEC-A01-2026100408,SEC-A01,2026-10-04 08:00:00,2026-10-04 09:00:00,2,83,UNAVAILABLE,HIGH
WIN-SEC-A01-2026100409,SEC-A01,2026-10-04 09:00:00,2026-10-04 10:00:00,2,87,UNAVAILABLE,HIGH
WIN-SEC-A01-2026100410,SEC-A01,2026-10-04 10:00:00,2026-10-04 11:00:00,2,87,UNAVAILABLE,HIGH
WIN-SEC-A01-2026100411,SEC-A01,2026-10-04 11:00:00,2026-10-04 12:00:00,2,87,UNAVAILABLE,HIGH
WIN-SEC-A01-2026100412,SEC-A01,2026-10-04 12:00:00,2026-10-04 13:00:00,1,69,UNAVAILABLE,MEDIUM
WIN-SEC-A01-2026100413,SEC-A01,2026-10-04 13:00:00,2026-10-04 14:00:00,2,69,UNAVAILABLE,HIGH
WIN-SEC-A01-2026100414,SEC-A01,2026-10-04 14:00:00,2026-10-04 15:00:00,2,69,UNAVAILABLE,HIGH
WIN-SEC-A01-2026100415,SEC-A01,2026-10-04 15:00:00,2026-10-04 16:00:00,1,75,UNAVAILABLE,MEDIUM
WIN-SEC-A01-2026100416,SEC-A01,2026-10-04 16:00:00,2026-10-04 17:00:00,1,75,UNAVAILABLE,MEDIUM
WIN-SEC-A01-2026100417,SEC-A01,2026-10-04 17:00:00,2026-10-04 18:00:00,2,75,UNAVAILABLE,HIGH
WIN-SEC-A01-2026100418,SEC-A01,2026-10-04 18:00:00,2026-10-04 19:00:00,2,96,UNAVAILABLE,HIGH
WIN-SEC-A01-2026100419,SEC-A01,2026-10-04 19:00:00,2026-10-04 20:00:00,1,96,UNAVAILABLE,MEDIUM
WIN-SEC-A01-2026100420,SEC-A01,2026-10-04 20:00:00,2026-10-04 21:00:00,2,96,UNAVAILABLE,HIGH
WIN-SEC-A01-2026100421,SEC-A01,2026-10-04 21:00:00,2026-10-04 22:00:00,2,89,UNAVAILABLE,HIGH
WIN-SEC-A01-2026100422,SEC-A01,2026-10-04 22:00:00,2026-10-04 23:00:00,1,89,UNAVAILABLE,MEDIUM
WIN-SEC-A01-2026100423,SEC-A01,2026-10-04 23:00:00,2026-10-05 00:00:00,2,89,UNAVAILABLE,HIGH
WIN-SEC-A02-2026100400,SEC-A02,2026-10-04 00:00:00,2026-10-04 01:00:00,3,64,UNAVAILABLE,HIGH
WIN-SEC-A02-2026100401,SEC-A02,2026-10-04 01:00:00,2026-10-04 02:00:00,2,64,UNAVAILABLE,HIGH
WIN-SEC-A02-2026100402,SEC-A02,2026-10-04 02:00:00,2026-10-04 03:00:00,1,64,UNAVAILABLE,MEDIUM
WIN-SEC-A02-2026100403,SEC-A02,2026-10-04 03:00:00,2026-10-04 04:00:00,1,63,UNAVAILABLE,MEDIUM
WIN-SEC-A02-2026100404,SEC-A02,2026-10-04 04:00:00,2026-10-04 05:00:00,2,63,UNAVAILABLE,HIGH
WIN-SEC-A02-2026100405,SEC-A02,2026-10-04 05:00:00,2026-10-04 06:00:00,1,63,UNAVAILABLE,MEDIUM
WIN-SEC-A02-2026100406,SEC-A02,2026-10-04 06:00:00,2026-10-04 07:00:00,1,82,UNAVAILABLE,MEDIUM
WIN-SEC-A02-2026100407,SEC-A02,2026-10-04 07:00:00,2026-10-04 08:00:00,2,82,UNAVAILABLE,HIGH
WIN-SEC-A02-2026100408,SEC-A02,2026-10-04 08:00:00,2026-10-04 09:00:00,2,82,UNAVAILABLE,HIGH
WIN-SEC-A02-2026100409,SEC-A02,2026-10-04 09:00:00,2026-10-04 10:00:00,2,91,UNAVAILABLE,HIGH
WIN-SEC-A02-2026100410,SEC-A02,2026-10-04 10:00:00,2026-10-04 11:00:00,1,91,UNAVAILABLE,MEDIUM
WIN-SEC-A02-2026100411,SEC-A02,2026-10-04 11:00:00,2026-10-04 12:00:00,1,91,UNAVAILABLE,MEDIUM
WIN-SEC-A02-2026100412,SEC-A02,2026-10-04 12:00:00,2026-10-04 13:00:00,1,68,UNAVAILABLE,MEDIUM
WIN-SEC-A02-2026100413,SEC-A02,2026-10-04 13:00:00,2026-10-04 14:00:00,1,68,UNAVAILABLE,MEDIUM
WIN-SEC-A02-2026100414,SEC-A02,2026-10-04 14:00:00,2026-10-04 15:00:00,1,68,UNAVAILABLE,MEDIUM
WIN-SEC-A02-2026100415,SEC-A02,2026-10-04 15:00:00,2026-10-04 16:00:00,2,72,UNAVAILABLE,HIGH
WIN-SEC-A02-2026100416,SEC-A02,2026-10-04 16:00:00,2026-10-04 17:00:00,1,72,UNAVAILABLE,MEDIUM
WIN-SEC-A02-2026100417,SEC-A02,2026-10-04 17:00:00,2026-10-04 18:00:00,1,72,UNAVAILABLE,MEDIUM
WIN-SEC-A02-2026100418,SEC-A02,2026-10-04 18:00:00,2026-10-04 19:00:00,2,84,UNAVAILABLE,HIGH
WIN-SEC-A02-2026100419,SEC-A02,2026-10-04 19:00:00,2026-10-04 20:00:00,2,84,UNAVAILABLE,HIGH
WIN-SEC-A02-2026100420,SEC-A02,2026-10-04 20:00:00,2026-10-04 21:00:00,2,84,UNAVAILABLE,HIGH
WIN-SEC-A02-2026100421,SEC-A02,2026-10-04 21:00:00,2026-10-04 22:00:00,1,81,UNAVAILABLE,MEDIUM
WIN-SEC-A02-2026100422,SEC-A02,2026-10-04 22:00:00,2026-10-04 23:00:00,2,81,UNAVAILABLE,HIGH
WIN-SEC-A02-2026100423,SEC-A02,2026-10-04 23:00:00,2026-10-05 00:00:00,1,81,UNAVAILABLE,MEDIUM
WIN-SEC-B01-2026100400,SEC-B01,2026-10-04 00:00:00,2026-10-04 01:00:00,1,36,UNAVAILABLE,MEDIUM
WIN-SEC-B01-2026100401,SEC-B01,2026-10-04 01:00:00,2026-10-04 02:00:00,1,36,UNAVAILABLE,MEDIUM
WIN-SEC-B01-2026100402,SEC-B01,2026-10-04 02:00:00,2026-10-04 03:00:00,2,36,UNAVAILABLE,HIGH
WIN-SEC-B01-2026100403,SEC-B01,2026-10-04 03:00:00,2026-10-04 04:00:00,1,46,UNAVAILABLE,MEDIUM
WIN-SEC-B01-2026100404,SEC-B01,2026-10-04 04:00:00,2026-10-04 05:00:00,1,46,UNAVAILABLE,MEDIUM
WIN-SEC-B01-2026100405,SEC-B01,2026-10-04 05:00:00,2026-10-04 06:00:00,1,46,UNAVAILABLE,MEDIUM
WIN-SEC-B01-2026100406,SEC-B01,2026-10-04 06:00:00,2026-10-04 07:00:00,1,64,UNAVAILABLE,MEDIUM
WIN-SEC-B01-2026100407,SEC-B01,2026-10-04 07:00:00,2026-10-04 08:00:00,1,64,UNAVAILABLE,MEDIUM
WIN-SEC-B01-2026100408,SEC-B01,2026-10-04 08:00:00,2026-10-04 09:00:00,1,64,UNAVAILABLE,MEDIUM
WIN-SEC-B01-2026100409,SEC-B01,2026-10-04 09:00:00,2026-10-04 10:00:00,1,67,UNAVAILABLE,MEDIUM
WIN-SEC-B01-2026100410,SEC-B01,2026-10-04 10:00:00,2026-10-04 11:00:00,1,67,UNAVAILABLE,MEDIUM
WIN-SEC-B01-2026100411,SEC-B01,2026-10-04 11:00:00,2026-10-04 12:00:00,1,67,UNAVAILABLE,MEDIUM
WIN-SEC-B01-2026100412,SEC-B01,2026-10-04 12:00:00,2026-10-04 13:00:00,1,49,UNAVAILABLE,MEDIUM
WIN-SEC-B01-2026100413,SEC-B01,2026-10-04 13:00:00,2026-10-04 14:00:00,1,49,UNAVAILABLE,MEDIUM
WIN-SEC-B01-2026100414,SEC-B01,2026-10-04 14:00:00,2026-10-04 15:00:00,2,49,UNAVAILABLE,HIGH
WIN-SEC-B01-2026100415,SEC-B01,2026-10-04 15:00:00,2026-10-04 16:00:00,1,59,UNAVAILABLE,MEDIUM
WIN-SEC-B01-2026100416,SEC-B01,2026-10-04 16:00:00,2026-10-04 17:00:00,1,59,UNAVAILABLE,MEDIUM
WIN-SEC-B01-2026100417,SEC-B01,2026-10-04 17:00:00,2026-10-04 18:00:00,0,59,UNAVAILABLE,MEDIUM
WIN-SEC-B01-2026100418,SEC-B01,2026-10-04 18:00:00,2026-10-04 19:00:00,1,59,UNAVAILABLE,MEDIUM
WIN-SEC-B01-2026100419,SEC-B01,2026-10-04 19:00:00,2026-10-04 20:00:00,1,59,UNAVAILABLE,MEDIUM
WIN-SEC-B01-2026100420,SEC-B01,2026-10-04 20:00:00,2026-10-04 21:00:00,0,59,UNAVAILABLE,MEDIUM
WIN-SEC-B01-2026100421,SEC-B01,2026-10-04 21:00:00,2026-10-04 22:00:00,1,74,UNAVAILABLE,MEDIUM
WIN-SEC-B01-2026100422,SEC-B01,2026-10-04 22:00:00,2026-10-04 23:00:00,1,74,UNAVAILABLE,MEDIUM
WIN-SEC-B01-2026100423,SEC-B01,2026-10-04 23:00:00,2026-10-05 00:00:00,2,74,UNAVAILABLE,HIGH
WIN-SEC-B02-2026100400,SEC-B02,2026-10-04 00:00:00,2026-10-04 01:00:00,1,34,UNAVAILABLE,MEDIUM
WIN-SEC-B02-2026100401,SEC-B02,2026-10-04 01:00:00,2026-10-04 02:00:00,1,34,UNAVAILABLE,MEDIUM
WIN-SEC-B02-2026100402,SEC-B02,2026-10-04 02:00:00,2026-10-04 03:00:00,2,34,UNAVAILABLE,HIGH
WIN-SEC-B02-2026100403,SEC-B02,2026-10-04 03:00:00,2026-10-04 04:00:00,1,47,UNAVAILABLE,MEDIUM
WIN-SEC-B02-2026100404,SEC-B02,2026-10-04 04:00:00,2026-10-04 05:00:00,1,47,UNAVAILABLE,MEDIUM
WIN-SEC-B02-2026100405,SEC-B02,2026-10-04 05:00:00,2026-10-04 06:00:00,2,47,UNAVAILABLE,HIGH
WIN-SEC-B02-2026100406,SEC-B02,2026-10-04 06:00:00,2026-10-04 07:00:00,1,67,UNAVAILABLE,MEDIUM
WIN-SEC-B02-2026100407,SEC-B02,2026-10-04 07:00:00,2026-10-04 08:00:00,1,67,UNAVAILABLE,MEDIUM
WIN-SEC-B02-2026100408,SEC-B02,2026-10-04 08:00:00,2026-10-04 09:00:00,0,67,UNAVAILABLE,MEDIUM
WIN-SEC-B02-2026100409,SEC-B02,2026-10-04 09:00:00,2026-10-04 10:00:00,1,59,UNAVAILABLE,MEDIUM
WIN-SEC-B02-2026100410,SEC-B02,2026-10-04 10:00:00,2026-10-04 11:00:00,1,59,UNAVAILABLE,MEDIUM
WIN-SEC-B02-2026100411,SEC-B02,2026-10-04 11:00:00,2026-10-04 12:00:00,1,59,UNAVAILABLE,MEDIUM
WIN-SEC-B02-2026100412,SEC-B02,2026-10-04 12:00:00,2026-10-04 13:00:00,1,55,UNAVAILABLE,MEDIUM
WIN-SEC-B02-2026100413,SEC-B02,2026-10-04 13:00:00,2026-10-04 14:00:00,1,55,UNAVAILABLE,MEDIUM
WIN-SEC-B02-2026100414,SEC-B02,2026-10-04 14:00:00,2026-10-04 15:00:00,2,55,UNAVAILABLE,HIGH
WIN-SEC-B02-2026100415,SEC-B02,2026-10-04 15:00:00,2026-10-04 16:00:00,1,60,UNAVAILABLE,MEDIUM
WIN-SEC-B02-2026100416,SEC-B02,2026-10-04 16:00:00,2026-10-04 17:00:00,1,60,UNAVAILABLE,MEDIUM
WIN-SEC-B02-2026100417,SEC-B02,2026-10-04 17:00:00,2026-10-04 18:00:00,1,60,UNAVAILABLE,MEDIUM
WIN-SEC-B02-2026100418,SEC-B02,2026-10-04 18:00:00,2026-10-04 19:00:00,1,51,UNAVAILABLE,MEDIUM
WIN-SEC-B02-2026100419,SEC-B02,2026-10-04 19:00:00,2026-10-04 20:00:00,1,51,UNAVAILABLE,MEDIUM
WIN-SEC-B02-2026100420,SEC-B02,2026-10-04 20:00:00,2026-10-04 21:00:00,1,51,UNAVAILABLE,MEDIUM
WIN-SEC-B02-2026100421,SEC-B02,2026-10-04 21:00:00,2026-10-04 22:00:00,1,67,UNAVAILABLE,MEDIUM
WIN-SEC-B02-2026100422,SEC-B02,2026-10-04 22:00:00,2026-10-04 23:00:00,1,67,UNAVAILABLE,MEDIUM
WIN-SEC-B02-2026100423,SEC-B02,2026-10-04 23:00:00,2026-10-05 00:00:00,1,67,UNAVAILABLE,MEDIUM
WIN-SEC-C01-2026100400,SEC-C01,2026-10-04 00:00:00,2026-10-04 01:00:00,1,9,UNAVAILABLE,MEDIUM
WIN-SEC-C01-2026100401,SEC-C01,2026-10-04 01:00:00,2026-10-04 02:00:00,0,9,AVAILABLE,LOW
WIN-SEC-C01-2026100402,SEC-C01,2026-10-04 02:00:00,2026-10-04 03:00:00,1,9,UNAVAILABLE,MEDIUM
WIN-SEC-C01-2026100403,SEC-C01,2026-10-04 03:00:00,2026-10-04 04:00:00,0,18,AVAILABLE,LOW
WIN-SEC-C01-2026100404,SEC-C01,2026-10-04 04:00:00,2026-10-04 05:00:00,1,18,UNAVAILABLE,MEDIUM
WIN-SEC-C01-2026100405,SEC-C01,2026-10-04 05:00:00,2026-10-04 06:00:00,1,18,UNAVAILABLE,MEDIUM
WIN-SEC-C01-2026100406,SEC-C01,2026-10-04 06:00:00,2026-10-04 07:00:00,0,54,UNAVAILABLE,MEDIUM
WIN-SEC-C01-2026100407,SEC-C01,2026-10-04 07:00:00,2026-10-04 08:00:00,1,54,UNAVAILABLE,MEDIUM
WIN-SEC-C01-2026100408,SEC-C01,2026-10-04 08:00:00,2026-10-04 09:00:00,0,54,UNAVAILABLE,MEDIUM
WIN-SEC-C01-2026100409,SEC-C01,2026-10-04 09:00:00,2026-10-04 10:00:00,1,41,UNAVAILABLE,MEDIUM
WIN-SEC-C01-2026100410,SEC-C01,2026-10-04 10:00:00,2026-10-04 11:00:00,0,41,AVAILABLE,LOW
WIN-SEC-C01-2026100411,SEC-C01,2026-10-04 11:00:00,2026-10-04 12:00:00,0,41,AVAILABLE,LOW
WIN-SEC-C01-2026100412,SEC-C01,2026-10-04 12:00:00,2026-10-04 13:00:00,1,25,UNAVAILABLE,MEDIUM
WIN-SEC-C01-2026100413,SEC-C01,2026-10-04 13:00:00,2026-10-04 14:00:00,0,25,AVAILABLE,LOW
WIN-SEC-C01-2026100414,SEC-C01,2026-10-04 14:00:00,2026-10-04 15:00:00,1,25,UNAVAILABLE,MEDIUM
WIN-SEC-C01-2026100415,SEC-C01,2026-10-04 15:00:00,2026-10-04 16:00:00,0,31,AVAILABLE,LOW
WIN-SEC-C01-2026100416,SEC-C01,2026-10-04 16:00:00,2026-10-04 17:00:00,1,31,UNAVAILABLE,MEDIUM
WIN-SEC-C01-2026100417,SEC-C01,2026-10-04 17:00:00,2026-10-04 18:00:00,1,31,UNAVAILABLE,MEDIUM
WIN-SEC-C01-2026100418,SEC-C01,2026-10-04 18:00:00,2026-10-04 19:00:00,1,56,UNAVAILABLE,MEDIUM
WIN-SEC-C01-2026100419,SEC-C01,2026-10-04 19:00:00,2026-10-04 20:00:00,1,56,UNAVAILABLE,MEDIUM
WIN-SEC-C01-2026100420,SEC-C01,2026-10-04 20:00:00,2026-10-04 21:00:00,0,56,UNAVAILABLE,MEDIUM
WIN-SEC-C01-2026100421,SEC-C01,2026-10-04 21:00:00,2026-10-04 22:00:00,1,33,UNAVAILABLE,MEDIUM
WIN-SEC-C01-2026100422,SEC-C01,2026-10-04 22:00:00,2026-10-04 23:00:00,1,33,UNAVAILABLE,MEDIUM
WIN-SEC-C01-2026100423,SEC-C01,2026-10-04 23:00:00,2026-10-05 00:00:00,1,33,UNAVAILABLE,MEDIUM
