train_id,train_number,service_date,section_id,section_name,train_type,scheduled_entry,scheduled_exit,historical_delay_minutes,direction,operational_status
TR-11000,11000,2026-09-07,SEC-A01,Nagpur–Wardha,FREIGHT,2026-09-07 00:13:19.600132,2026-09-07 00:53:19.600132,7,UP,RUNNING
TR-11001,11001,2026-09-07,SEC-A01,Nagpur–Wardha,PASSENGER,2026-09-07 00:53:39.822989,2026-09-07 01:28:39.822989,8,DN,RUNNING
TR-11002,11002,2026-09-07,SEC-A01,Nagpur–Wardha,EXPRESS,2026-09-07 02:21:09.449551,2026-09-07 03:01:09.449551,14,DN,RUNNING
TR-11003,11003,2026-09-07,SEC-A01,Nagpur–Wardha,PASSENGER,2026-09-07 03:11:24.343385,2026-09-07 03:56:24.343385,2,DN,DELAYED
TR-11004,11004,2026-09-07,SEC-A01,Nagpur–Wardha,FREIGHT,2026-09-07 04:35:14.192969,2026-09-07 05:05:14.192969,6,UP,RUNNING
TR-11005,11005,2026-09-07,SEC-A01,Nagpur–Wardha,EXPRESS,2026-09-07 05:41:20.069036,2026-09-07 06:16:20.069036,15,DN,DELAYED
TR-11006,11006,2026-09-07,SEC-A01,Nagpur–Wardha,FREIGHT,2026-09-07 06:41:11.190229,2026-09-07 07:16:11.190229,13,DN,RUNNING
TR-11007,11007,2026-09-07,SEC-A01,Nagpur–Wardha,PASSENGER,2026-09-07 07:26:35.907173,2026-09-07 08:11:35.907173,0,UP,DELAYED
TR-11008,11008,2026-09-07,SEC-A01,Nagpur–Wardha,EXPRESS,2026-09-07 08:29:26.630814,2026-09-07 09:09:26.630814,7,UP,RUNNING
TR-11009,11009,2026-09-07,SEC-A01,Nagpur–Wardha,EXPRESS,2026-09-07 09:58:01.288483,2026-09-07 10:23:01.288483,0,DN,RUNNING
TR-11010,11010,2026-09-07,SEC-A01,Nagpur–Wardha,PASSENGER,2026-09-07 10:43:43.249694,2026-09-07 11:18:43.249694,0,UP,RUNNING
TR-11011,11011,2026-09-07,SEC-A01,Nagpur–Wardha,FREIGHT,2026-09-07 12:08:40.338174,2026-09-07 12:33:40.338174,9,DN,DELAYED
TR-11012,11012,2026-09-07,SEC-A01,Nagpur–Wardha,EXPRESS,2026-09-07 13:02:28.721902,2026-09-07 13:47:28.721902,0,DN,DELAYED
TR-11013,11013,2026-09-07,SEC-A01,Nagpur–Wardha,EXPRESS,2026-09-07 13:57:00.722750,2026-09-07 14:32:00.722750,0,UP,SCHEDULED
TR-11014,11014,2026-09-07,SEC-A01,Nagpur–Wardha,PASSENGER,2026-09-07 15:24:25.935468,2026-09-07 15:59:25.935468,0,UP,DELAYED
TR-11015,11015,2026-09-07,SEC-A01,Nagpur–Wardha,SPECIAL,2026-09-07 16:36:19.585680,2026-09-07 17:16:19.585680,0,DN,RUNNING
TR-11016,11016,2026-09-07,SEC-A01,Nagpur–Wardha,PASSENGER,2026-09-07 17:15:27.063829,2026-09-07 17:40:27.063829,6,UP,RUNNING
TR-11017,11017,2026-09-07,SEC-A01,Nagpur–Wardha,EXPRESS,2026-09-07 18:28:57.051586,2026-09-07 19:08:57.051586,0,UP,RUNNING
TR-11018,11018,2026-09-07,SEC-A01,Nagpur–Wardha,PASSENGER,2026-09-07 19:53:06.773997,2026-09-07 20:33:06.773997,0,DN,SCHEDULED
TR-11019,11019,2026-09-07,SEC-A01,Nagpur–Wardha,PASSENGER,2026-09-07 20:32:07.106627,2026-09-07 21:02:07.106627,14,DN,RUNNING
TR-11020,11020,2026-09-07,SEC-A01,Nagpur–Wardha,FREIGHT,2026-09-07 21:57:37.140541,2026-09-07 22:42:37.140541,6,DN,SCHEDULED
TR-11021,11021,2026-09-07,SEC-A01,Nagpur–Wardha,PASSENGER,2026-09-07 22:52:41.425962,2026-09-07 23:32:41.425962,4,DN,SCHEDULED
TR-11022,11022,2026-09-07,SEC-A02,Wardha–Badnera,PASSENGER,2026-09-07 00:09:18.334686,2026-09-07 00:34:18.334686,0,DN,SCHEDULED
TR-11023,11023,2026-09-07,SEC-A02,Wardha–Badnera,EXPRESS,2026-09-07 01:10:46.123526,2026-09-07 01:40:46.123526,0,UP,DELAYED
TR-11024,11024,2026-09-07,SEC-A02,Wardha–Badnera,PASSENGER,2026-09-07 02:01:08.561274,2026-09-07 02:31:08.561274,4,DN,RUNNING
TR-11025,11025,2026-09-07,SEC-A02,Wardha–Badnera,FREIGHT,2026-09-07 03:08:19.158167,2026-09-07 03:48:19.158167,0,UP,RUNNING
TR-11026,11026,2026-09-07,SEC-A02,Wardha–Badnera,EXPRESS,2026-09-07 04:18:41.139190,2026-09-07 05:03:41.139190,6,DN,DELAYED
TR-11027,11027,2026-09-07,SEC-A02,Wardha–Badnera,EXPRESS,2026-09-07 05:25:09.558750,2026-09-07 05:50:09.558750,0,UP,RUNNING
TR-11028,11028,2026-09-07,SEC-A02,Wardha–Badnera,FREIGHT,2026-09-07 06:40:17.822255,2026-09-07 07:05:17.822255,5,UP,RUNNING
TR-11029,11029,2026-09-07,SEC-A02,Wardha–Badnera,PASSENGER,2026-09-07 07:32:57.681932,2026-09-07 08:12:57.681932,0,DN,DELAYED
TR-11030,11030,2026-09-07,SEC-A02,Wardha–Badnera,FREIGHT,2026-09-07 08:57:36.831338,2026-09-07 09:32:36.831338,20,DN,DELAYED
TR-11031,11031,2026-09-07,SEC-A02,Wardha–Badnera,EXPRESS,2026-09-07 09:37:31.072277,2026-09-07 10:12:31.072277,3,UP,RUNNING
TR-11032,11032,2026-09-07,SEC-A02,Wardha–Badnera,PASSENGER,2026-09-07 11:07:06.355916,2026-09-07 11:52:06.355916,0,UP,RUNNING
TR-11033,11033,2026-09-07,SEC-A02,Wardha–Badnera,PASSENGER,2026-09-07 11:48:32.150975,2026-09-07 12:23:32.150975,9,DN,SCHEDULED
TR-11034,11034,2026-09-07,SEC-A02,Wardha–Badnera,FREIGHT,2026-09-07 13:05:46.757492,2026-09-07 13:45:46.757492,0,DN,RUNNING
TR-11035,11035,2026-09-07,SEC-A02,Wardha–Badnera,FREIGHT,2026-09-07 14:01:28.902113,2026-09-07 14:46:28.902113,9,UP,DELAYED
TR-11036,11036,2026-09-07,SEC-A02,Wardha–Badnera,PASSENGER,2026-09-07 15:06:22.176125,2026-09-07 15:41:22.176125,0,DN,RUNNING
TR-11037,11037,2026-09-07,SEC-A02,Wardha–Badnera,SPECIAL,2026-09-07 16:25:24.028871,2026-09-07 17:00:24.028871,0,DN,SCHEDULED
TR-11038,11038,2026-09-07,SEC-A02,Wardha–Badnera,SPECIAL,2026-09-07 17:18:07.594921,2026-09-07 17:58:07.594921,5,DN,RUNNING
TR-11039,11039,2026-09-07,SEC-A02,Wardha–Badnera,EXPRESS,2026-09-07 18:38:16.090371,2026-09-07 19:18:16.090371,9,DN,RUNNING
TR-11040,11040,2026-09-07,SEC-A02,Wardha–Badnera,PASSENGER,2026-09-07 19:28:11.965368,2026-09-07 20:13:11.965368,5,UP,RUNNING
TR-11041,11041,2026-09-07,SEC-A02,Wardha–Badnera,FREIGHT,2026-09-07 20:29:37.032975,2026-09-07 20:59:37.032975,7,UP,RUNNING
TR-11042,11042,2026-09-07,SEC-A02,Wardha–Badnera,FREIGHT,2026-09-07 21:51:03.625376,2026-09-07 22:31:03.625376,5,UP,DELAYED
TR-11043,11043,2026-09-07,SEC-A02,Wardha–Badnera,EXPRESS,2026-09-07 22:42:58.299245,2026-09-07 23:27:58.299245,0,DN,DELAYED
TR-11044,11044,2026-09-07,SEC-B01,Badnera–Akola,EXPRESS,2026-09-07 00:09:40.699670,2026-09-07 00:34:40.699670,0,DN,DELAYED
TR-11045,11045,2026-09-07,SEC-B01,Badnera–Akola,PASSENGER,2026-09-07 01:21:33.375483,2026-09-07 02:01:33.375483,0,UP,RUNNING
TR-11046,11046,2026-09-07,SEC-B01,Badnera–Akola,FREIGHT,2026-09-07 03:11:14.657723,2026-09-07 03:36:14.657723,15,DN,SCHEDULED
TR-11047,11047,2026-09-07,SEC-B01,Badnera–Akola,EXPRESS,2026-09-07 04:28:10.325826,2026-09-07 04:53:10.325826,6,UP,SCHEDULED
TR-11048,11048,2026-09-07,SEC-B01,Badnera–Akola,FREIGHT,2026-09-07 06:09:19.264890,2026-09-07 06:54:19.264890,0,DN,SCHEDULED
TR-11049,11049,2026-09-07,SEC-B01,Badnera–Akola,EXPRESS,2026-09-07 07:33:29.072160,2026-09-07 08:03:29.072160,6,UP,DELAYED
TR-11050,11050,2026-09-07,SEC-B01,Badnera–Akola,FREIGHT,2026-09-07 08:55:31.467862,2026-09-07 09:30:31.467862,5,UP,RUNNING
TR-11051,11051,2026-09-07,SEC-B01,Badnera–Akola,PASSENGER,2026-09-07 10:44:22.200282,2026-09-07 11:19:22.200282,0,DN,DELAYED
TR-11052,11052,2026-09-07,SEC-B01,Badnera–Akola,PASSENGER,2026-09-07 12:14:33.878944,2026-09-07 12:39:33.878944,8,DN,SCHEDULED
TR-11053,11053,2026-09-07,SEC-B01,Badnera–Akola,EXPRESS,2026-09-07 13:44:46.475206,2026-09-07 14:14:46.475206,11,UP,SCHEDULED
TR-11054,11054,2026-09-07,SEC-B01,Badnera–Akola,EXPRESS,2026-09-07 14:49:23.238198,2026-09-07 15:24:23.238198,10,DN,RUNNING
TR-11055,11055,2026-09-07,SEC-B01,Badnera–Akola,FREIGHT,2026-09-07 16:19:15.908940,2026-09-07 16:54:15.908940,2,DN,RUNNING
TR-11056,11056,2026-09-07,SEC-B01,Badnera–Akola,FREIGHT,2026-09-07 17:47:15.929292,2026-09-07 18:12:15.929292,5,DN,RUNNING
TR-11057,11057,2026-09-07,SEC-B01,Badnera–Akola,PASSENGER,2026-09-07 19:28:38.452168,2026-09-07 20:08:38.452168,6,UP,SCHEDULED
TR-11058,11058,2026-09-07,SEC-B01,Badnera–Akola,FREIGHT,2026-09-07 21:06:55.677487,2026-09-07 21:46:55.677487,14,DN,SCHEDULED
TR-11059,11059,2026-09-07,SEC-B01,Badnera–Akola,PASSENGER,2026-09-07 22:38:52.220268,2026-09-07 23:18:52.220268,0,DN,SCHEDULED
TR-11060,11060,2026-09-07,SEC-B02,Akola–Bhusawal,EXPRESS,2026-09-07 23:59:50.486906,2026-09-08 00:34:50.486906,2,DN,DELAYED
TR-11061,11061,2026-09-07,SEC-B02,Akola–Bhusawal,EXPRESS,2026-09-07 01:32:20.280552,2026-09-07 02:17:20.280552,0,DN,SCHEDULED
TR-11062,11062,2026-09-07,SEC-B02,Akola–Bhusawal,PASSENGER,2026-09-07 02:46:22.697266,2026-09-07 03:26:22.697266,0,UP,RUNNING
TR-11063,11063,2026-09-07,SEC-B02,Akola–Bhusawal,PASSENGER,2026-09-07 04:28:41.732645,2026-09-07 05:08:41.732645,9,UP,RUNNING
TR-11064,11064,2026-09-07,SEC-B02,Akola–Bhusawal,PASSENGER,2026-09-07 05:49:46.159433,2026-09-07 06:24:46.159433,13,DN,RUNNING
TR-11065,11065,2026-09-07,SEC-B02,Akola–Bhusawal,PASSENGER,2026-09-07 07:17:28.356955,2026-09-07 07:47:28.356955,3,DN,SCHEDULED
TR-11066,11066,2026-09-07,SEC-B02,Akola–Bhusawal,EXPRESS,2026-09-07 08:57:52.615693,2026-09-07 09:22:52.615693,11,UP,SCHEDULED
TR-11067,11067,2026-09-07,SEC-B02,Akola–Bhusawal,FREIGHT,2026-09-07 10:29:18.252075,2026-09-07 10:59:18.252075,10,DN,SCHEDULED
TR-11068,11068,2026-09-07,SEC-B02,Akola–Bhusawal,EXPRESS,2026-09-07 11:45:14.512624,2026-09-07 12:20:14.512624,0,DN,SCHEDULED
TR-11069,11069,2026-09-07,SEC-B02,Akola–Bhusawal,FREIGHT,2026-09-07 13:29:19.860435,2026-09-07 13:59:19.860435,10,UP,SCHEDULED
TR-11070,11070,2026-09-07,SEC-B02,Akola–Bhusawal,PASSENGER,2026-09-07 14:54:24.032659,2026-09-07 15:29:24.032659,14,UP,SCHEDULED
TR-11071,11071,2026-09-07,SEC-B02,Akola–Bhusawal,PASSENGER,2026-09-07 16:17:03.140894,2026-09-07 17:02:03.140894,3,UP,RUNNING
TR-11072,11072,2026-09-07,SEC-B02,Akola–Bhusawal,FREIGHT,2026-09-07 17:55:32.137894,2026-09-07 18:25:32.137894,18,UP,RUNNING
TR-11073,11073,2026-09-07,SEC-B02,Akola–Bhusawal,EXPRESS,2026-09-07 19:33:28.936823,2026-09-07 20:13:28.936823,0,UP,SCHEDULED
TR-11074,11074,2026-09-07,SEC-B02,Akola–Bhusawal,FREIGHT,2026-09-07 20:49:12.023655,2026-09-07 21:14:12.023655,13,DN,RUNNING
TR-11075,11075,2026-09-07,SEC-B02,Akola–Bhusawal,EXPRESS,2026-09-07 22:43:53.847679,2026-09-07 23:18:53.847679,4,UP,RUNNING
TR-11076,11076,2026-09-07,SEC-C01,Bhusawal–Jalgaon,FREIGHT,2026-09-07 00:04:20.317023,2026-09-07 00:34:20.317023,5,DN,SCHEDULED
TR-11077,11077,2026-09-07,SEC-C01,Bhusawal–Jalgaon,PASSENGER,2026-09-07 02:34:26.205788,2026-09-07 03:09:26.205788,4,UP,RUNNING
TR-11078,11078,2026-09-07,SEC-C01,Bhusawal–Jalgaon,EXPRESS,2026-09-07 04:41:51.975692,2026-09-07 05:06:51.975692,0,UP,RUNNING
TR-11079,11079,2026-09-07,SEC-C01,Bhusawal–Jalgaon,FREIGHT,2026-09-07 07:08:34.594035,2026-09-07 07:38:34.594035,6,UP,DELAYED
TR-11080,11080,2026-09-07,SEC-C01,Bhusawal–Jalgaon,SPECIAL,2026-09-07 09:47:39.704151,2026-09-07 10:12:39.704151,6,DN,SCHEDULED
TR-11081,11081,2026-09-07,SEC-C01,Bhusawal–Jalgaon,FREIGHT,2026-09-07 11:56:36.308848,2026-09-07 12:41:36.308848,18,UP,RUNNING
TR-11082,11082,2026-09-07,SEC-C01,Bhusawal–Jalgaon,PASSENGER,2026-09-07 14:37:38.015371,2026-09-07 15:02:38.015371,0,UP,SCHEDULED
TR-11083,11083,2026-09-07,SEC-C01,Bhusawal–Jalgaon,EXPRESS,2026-09-07 16:40:51.933499,2026-09-07 17:05:51.933499,0,DN,DELAYED
TR-11084,11084,2026-09-07,SEC-C01,Bhusawal–Jalgaon,EXPRESS,2026-09-07 19:05:35.678040,2026-09-07 19:50:35.678040,0,DN,RUNNING
TR-11085,11085,2026-09-07,SEC-C01,Bhusawal–Jalgaon,FREIGHT,2026-09-07 21:23:28.370061,2026-09-07 22:08:28.370061,14,UP,RUNNING
TR-11086,11086,2026-09-08,SEC-A01,Nagpur–Wardha,FREIGHT,2026-09-08 23:47:30.474733,2026-09-09 00:12:30.474733,10,UP,SCHEDULED
TR-11087,11087,2026-09-08,SEC-A01,Nagpur–Wardha,FREIGHT,2026-09-08 01:06:32.775038,2026-09-08 01:46:32.775038,4,UP,RUNNING
TR-11088,11088,2026-09-08,SEC-A01,Nagpur–Wardha,PASSENGER,2026-09-08 02:16:52.162041,2026-09-08 02:46:52.162041,7,UP,RUNNING
TR-11089,11089,2026-09-08,SEC-A01,Nagpur–Wardha,FREIGHT,2026-09-08 03:04:50.594029,2026-09-08 03:49:50.594029,8,DN,SCHEDULED
TR-11090,11090,2026-09-08,SEC-A01,Nagpur–Wardha,EXPRESS,2026-09-08 04:10:24.088322,2026-09-08 04:40:24.088322,10,UP,RUNNING
TR-11091,11091,2026-09-08,SEC-A01,Nagpur–Wardha,FREIGHT,2026-09-08 05:40:51.792800,2026-09-08 06:25:51.792800,3,DN,SCHEDULED
TR-11092,11092,2026-09-08,SEC-A01,Nagpur–Wardha,EXPRESS,2026-09-08 06:28:53.001339,2026-09-08 07:03:53.001339,1,UP,SCHEDULED
TR-11093,11093,2026-09-08,SEC-A01,Nagpur–Wardha,PASSENGER,2026-09-08 07:33:13.928938,2026-09-08 08:13:13.928938,1,UP,RUNNING
TR-11094,11094,2026-09-08,SEC-A01,Nagpur–Wardha,FREIGHT,2026-09-08 08:50:00.363665,2026-09-08 09:35:00.363665,0,DN,RUNNING
TR-11095,11095,2026-09-08,SEC-A01,Nagpur–Wardha,FREIGHT,2026-09-08 09:49:24.861928,2026-09-08 10:14:24.861928,10,UP,RUNNING
TR-11096,11096,2026-09-08,SEC-A01,Nagpur–Wardha,EXPRESS,2026-09-08 10:44:15.885239,2026-09-08 11:09:15.885239,5,UP,SCHEDULED
TR-11097,11097,2026-09-08,SEC-A01,Nagpur–Wardha,PASSENGER,2026-09-08 12:07:13.403932,2026-09-08 12:32:13.403932,4,UP,SCHEDULED
TR-11098,11098,2026-09-08,SEC-A01,Nagpur–Wardha,FREIGHT,2026-09-08 12:51:50.039481,2026-09-08 13:26:50.039481,6,UP,SCHEDULED
TR-11099,11099,2026-09-08,SEC-A01,Nagpur–Wardha,FREIGHT,2026-09-08 14:23:50.633593,2026-09-08 14:48:50.633593,0,DN,SCHEDULED
TR-11100,11100,2026-09-08,SEC-A01,Nagpur–Wardha,EXPRESS,2026-09-08 15:11:01.061808,2026-09-08 15:51:01.061808,1,DN,RUNNING
TR-11101,11101,2026-09-08,SEC-A01,Nagpur–Wardha,FREIGHT,2026-09-08 16:31:35.885501,2026-09-08 17:16:35.885501,5,UP,SCHEDULED
TR-11102,11102,2026-09-08,SEC-A01,Nagpur–Wardha,SPECIAL,2026-09-08 17:18:58.096746,2026-09-08 18:03:58.096746,0,DN,SCHEDULED
TR-11103,11103,2026-09-08,SEC-A01,Nagpur–Wardha,EXPRESS,2026-09-08 18:44:02.220592,2026-09-08 19:19:02.220592,2,DN,RUNNING
TR-11104,11104,2026-09-08,SEC-A01,Nagpur–Wardha,PASSENGER,2026-09-08 19:25:46.403031,2026-09-08 20:05:46.403031,6,UP,RUNNING
TR-11105,11105,2026-09-08,SEC-A01,Nagpur–Wardha,EXPRESS,2026-09-08 20:45:33.033952,2026-09-08 21:20:33.033952,17,UP,RUNNING
TR-11106,11106,2026-09-08,SEC-A01,Nagpur–Wardha,SPECIAL,2026-09-08 21:45:08.347075,2026-09-08 22:25:08.347075,5,UP,DELAYED
TR-11107,11107,2026-09-08,SEC-A01,Nagpur–Wardha,PASSENGER,2026-09-08 23:02:21.595269,2026-09-08 23:32:21.595269,5,DN,SCHEDULED
TR-11108,11108,2026-09-08,SEC-A02,Wardha–Badnera,FREIGHT,2026-09-08 23:51:59.395935,2026-09-09 00:26:59.395935,7,UP,RUNNING
TR-11109,11109,2026-09-08,SEC-A02,Wardha–Badnera,EXPRESS,2026-09-08 00:50:29.904400,2026-09-08 01:30:29.904400,0,DN,SCHEDULED
TR-11110,11110,2026-09-08,SEC-A02,Wardha–Badnera,FREIGHT,2026-09-08 02:02:03.895326,2026-09-08 02:32:03.895326,7,UP,SCHEDULED
TR-11111,11111,2026-09-08,SEC-A02,Wardha–Badnera,PASSENGER,2026-09-08 03:22:42.792636,2026-09-08 03:47:42.792636,4,UP,DELAYED
TR-11112,11112,2026-09-08,SEC-A02,Wardha–Badnera,FREIGHT,2026-09-08 04:19:12.593155,2026-09-08 04:54:12.593155,25,UP,DELAYED
TR-11113,11113,2026-09-08,SEC-A02,Wardha–Badnera,FREIGHT,2026-09-08 05:15:08.402246,2026-09-08 05:45:08.402246,6,DN,SCHEDULED
TR-11114,11114,2026-09-08,SEC-A02,Wardha–Badnera,FREIGHT,2026-09-08 06:35:29.048738,2026-09-08 07:00:29.048738,10,UP,SCHEDULED
TR-11115,11115,2026-09-08,SEC-A02,Wardha–Badnera,EXPRESS,2026-09-08 07:31:55.925934,2026-09-08 08:06:55.925934,3,DN,RUNNING
TR-11116,11116,2026-09-08,SEC-A02,Wardha–Badnera,PASSENGER,2026-09-08 08:38:10.685713,2026-09-08 09:13:10.685713,0,UP,SCHEDULED
TR-11117,11117,2026-09-08,SEC-A02,Wardha–Badnera,PASSENGER,2026-09-08 09:57:29.341114,2026-09-08 10:42:29.341114,11,UP,SCHEDULED
TR-11118,11118,2026-09-08,SEC-A02,Wardha–Badnera,FREIGHT,2026-09-08 10:53:01.947419,2026-09-08 11:28:01.947419,13,DN,SCHEDULED
TR-11119,11119,2026-09-08,SEC-A02,Wardha–Badnera,PASSENGER,2026-09-08 11:58:33.450738,2026-09-08 12:38:33.450738,9,UP,SCHEDULED
TR-11120,11120,2026-09-08,SEC-A02,Wardha–Badnera,EXPRESS,2026-09-08 12:55:10.980406,2026-09-08 13:30:10.980406,0,UP,SCHEDULED
TR-11121,11121,2026-09-08,SEC-A02,Wardha–Badnera,PASSENGER,2026-09-08 14:20:59.210006,2026-09-08 14:55:59.210006,13,UP,RUNNING
TR-11122,11122,2026-09-08,SEC-A02,Wardha–Badnera,FREIGHT,2026-09-08 15:13:15.058215,2026-09-08 15:38:15.058215,0,DN,SCHEDULED
TR-11123,11123,2026-09-08,SEC-A02,Wardha–Badnera,EXPRESS,2026-09-08 16:07:45.038677,2026-09-08 16:47:45.038677,8,UP,SCHEDULED
TR-11124,11124,2026-09-08,SEC-A02,Wardha–Badnera,PASSENGER,2026-09-08 17:26:08.041484,2026-09-08 17:56:08.041484,19,UP,SCHEDULED
TR-11125,11125,2026-09-08,SEC-A02,Wardha–Badnera,FREIGHT,2026-09-08 18:21:38.923791,2026-09-08 19:01:38.923791,1,UP,DELAYED
TR-11126,11126,2026-09-08,SEC-A02,Wardha–Badnera,PASSENGER,2026-09-08 19:40:45.922845,2026-09-08 20:05:45.922845,0,UP,SCHEDULED
TR-11127,11127,2026-09-08,SEC-A02,Wardha–Badnera,EXPRESS,2026-09-08 20:55:42.674766,2026-09-08 21:35:42.674766,4,UP,RUNNING
TR-11128,11128,2026-09-08,SEC-A02,Wardha–Badnera,PASSENGER,2026-09-08 21:37:46.004332,2026-09-08 22:17:46.004332,0,DN,RUNNING
TR-11129,11129,2026-09-08,SEC-A02,Wardha–Badnera,FREIGHT,2026-09-08 22:54:25.754777,2026-09-08 23:34:25.754777,0,UP,RUNNING
TR-11130,11130,2026-09-08,SEC-B01,Badnera–Akola,PASSENGER,2026-09-08 23:51:26.488991,2026-09-09 00:21:26.488991,4,DN,SCHEDULED
TR-11131,11131,2026-09-08,SEC-B01,Badnera–Akola,FREIGHT,2026-09-08 01:16:02.368999,2026-09-08 02:01:02.368999,0,DN,RUNNING
TR-11132,11132,2026-09-08,SEC-B01,Badnera–Akola,FREIGHT,2026-09-08 02:57:21.585971,2026-09-08 03:42:21.585971,11,UP,RUNNING
TR-11133,11133,2026-09-08,SEC-B01,Badnera–Akola,PASSENGER,2026-09-08 04:26:29.427497,2026-09-08 05:06:29.427497,0,UP,DELAYED
TR-11134,11134,2026-09-08,SEC-B01,Badnera–Akola,EXPRESS,2026-09-08 06:08:50.723240,2026-09-08 06:48:50.723240,14,DN,RUNNING
TR-11135,11135,2026-09-08,SEC-B01,Badnera–Akola,PASSENGER,2026-09-08 07:31:20.132051,2026-09-08 08:11:20.132051,0,DN,RUNNING
TR-11136,11136,2026-09-08,SEC-B01,Badnera–Akola,PASSENGER,2026-09-08 08:53:06.784233,2026-09-08 09:18:06.784233,1,UP,SCHEDULED
TR-11137,11137,2026-09-08,SEC-B01,Badnera–Akola,PASSENGER,2026-09-08 10:41:52.376607,2026-09-08 11:16:52.376607,9,DN,DELAYED
TR-11138,11138,2026-09-08,SEC-B01,Badnera–Akola,SPECIAL,2026-09-08 11:55:43.379207,2026-09-08 12:40:43.379207,0,UP,SCHEDULED
TR-11139,11139,2026-09-08,SEC-B01,Badnera–Akola,PASSENGER,2026-09-08 13:22:26.142697,2026-09-08 13:52:26.142697,5,UP,SCHEDULED
TR-11140,11140,2026-09-08,SEC-B01,Badnera–Akola,FREIGHT,2026-09-08 15:02:16.245796,2026-09-08 15:42:16.245796,17,UP,SCHEDULED
TR-11141,11141,2026-09-08,SEC-B01,Badnera–Akola,EXPRESS,2026-09-08 16:22:05.792039,2026-09-08 16:57:05.792039,0,DN,DELAYED
TR-11142,11142,2026-09-08,SEC-B01,Badnera–Akola,EXPRESS,2026-09-08 17:45:50.771826,2026-09-08 18:20:50.771826,5,UP,DELAYED
TR-11143,11143,2026-09-08,SEC-B01,Badnera–Akola,FREIGHT,2026-09-08 19:43:27.063311,2026-09-08 20:23:27.063311,9,UP,RUNNING
TR-11144,11144,2026-09-08,SEC-B01,Badnera–Akola,PASSENGER,2026-09-08 20:46:08.334734,2026-09-08 21:11:08.334734,9,UP,SCHEDULED
TR-11145,11145,2026-09-08,SEC-B01,Badnera–Akola,PASSENGER,2026-09-08 22:30:47.607325,2026-09-08 22:55:47.607325,0,UP,SCHEDULED
TR-11146,11146,2026-09-08,SEC-B02,Akola–Bhusawal,EXPRESS,2026-09-08 23:55:13.366280,2026-09-09 00:25:13.366280,0,DN,SCHEDULED
TR-11147,11147,2026-09-08,SEC-B02,Akola–Bhusawal,EXPRESS,2026-09-08 01:15:39.443213,2026-09-08 02:00:39.443213,7,UP,SCHEDULED
TR-11148,11148,2026-09-08,SEC-B02,Akola–Bhusawal,SPECIAL,2026-09-08 03:10:23.665598,2026-09-08 03:45:23.665598,6,DN,RUNNING
TR-11149,11149,2026-09-08,SEC-B02,Akola–Bhusawal,PASSENGER,2026-09-08 04:32:34.829994,2026-09-08 05:07:34.829994,5,UP,SCHEDULED
TR-11150,11150,2026-09-08,SEC-B02,Akola–Bhusawal,EXPRESS,2026-09-08 06:06:58.233646,2026-09-08 06:46:58.233646,6,DN,RUNNING
TR-11151,11151,2026-09-08,SEC-B02,Akola–Bhusawal,FREIGHT,2026-09-08 07:20:13.564808,2026-09-08 08:05:13.564808,3,DN,SCHEDULED
TR-11152,11152,2026-09-08,SEC-B02,Akola–Bhusawal,FREIGHT,2026-09-08 09:04:57.957005,2026-09-08 09:34:57.957005,9,DN,SCHEDULED
TR-11153,11153,2026-09-08,SEC-B02,Akola–Bhusawal,EXPRESS,2026-09-08 10:20:19.874919,2026-09-08 10:45:19.874919,6,DN,DELAYED
TR-11154,11154,2026-09-08,SEC-B02,Akola–Bhusawal,PASSENGER,2026-09-08 11:45:58.288937,2026-09-08 12:30:58.288937,0,UP,DELAYED
TR-11155,11155,2026-09-08,SEC-B02,Akola–Bhusawal,PASSENGER,2026-09-08 13:18:07.398419,2026-09-08 13:58:07.398419,17,UP,SCHEDULED
TR-11156,11156,2026-09-08,SEC-B02,Akola–Bhusawal,PASSENGER,2026-09-08 14:55:24.258224,2026-09-08 15:30:24.258224,7,UP,RUNNING
TR-11157,11157,2026-09-08,SEC-B02,Akola–Bhusawal,PASSENGER,2026-09-08 16:28:23.933881,2026-09-08 17:03:23.933881,0,UP,RUNNING
TR-11158,11158,2026-09-08,SEC-B02,Akola–Bhusawal,EXPRESS,2026-09-08 17:52:41.984295,2026-09-08 18:17:41.984295,8,UP,RUNNING
TR-11159,11159,2026-09-08,SEC-B02,Akola–Bhusawal,SPECIAL,2026-09-08 19:28:08.796254,2026-09-08 20:08:08.796254,0,DN,RUNNING
TR-11160,11160,2026-09-08,SEC-B02,Akola–Bhusawal,FREIGHT,2026-09-08 21:11:27.187185,2026-09-08 21:46:27.187185,13,UP,RUNNING
TR-11161,11161,2026-09-08,SEC-B02,Akola–Bhusawal,FREIGHT,2026-09-08 22:38:39.713990,2026-09-08 23:23:39.713990,16,UP,SCHEDULED
TR-11162,11162,2026-09-08,SEC-C01,Bhusawal–Jalgaon,PASSENGER,2026-09-08 23:58:32.317354,2026-09-09 00:23:32.317354,0,DN,RUNNING
TR-11163,11163,2026-09-08,SEC-C01,Bhusawal–Jalgaon,PASSENGER,2026-09-08 02:37:32.991837,2026-09-08 03:02:32.991837,10,DN,SCHEDULED
TR-11164,11164,2026-09-08,SEC-C01,Bhusawal–Jalgaon,EXPRESS,2026-09-08 04:54:57.573153,2026-09-08 05:39:57.573153,6,UP,RUNNING
TR-11165,11165,2026-09-08,SEC-C01,Bhusawal–Jalgaon,EXPRESS,2026-09-08 07:14:49.254979,2026-09-08 07:59:49.254979,9,UP,RUNNING
TR-11166,11166,2026-09-08,SEC-C01,Bhusawal–Jalgaon,FREIGHT,2026-09-08 09:49:16.396065,2026-09-08 10:19:16.396065,21,DN,SCHEDULED
TR-11167,11167,2026-09-08,SEC-C01,Bhusawal–Jalgaon,PASSENGER,2026-09-08 11:46:36.400337,2026-09-08 12:21:36.400337,2,UP,RUNNING
TR-11168,11168,2026-09-08,SEC-C01,Bhusawal–Jalgaon,PASSENGER,2026-09-08 14:29:54.954067,2026-09-08 15:14:54.954067,0,DN,RUNNING
TR-11169,11169,2026-09-08,SEC-C01,Bhusawal–Jalgaon,FREIGHT,2026-09-08 16:40:07.586913,2026-09-08 17:05:07.586913,1,DN,SCHEDULED
TR-11170,11170,2026-09-08,SEC-C01,Bhusawal–Jalgaon,FREIGHT,2026-09-08 18:58:38.108733,2026-09-08 19:23:38.108733,2,DN,DELAYED
TR-11171,11171,2026-09-08,SEC-C01,Bhusawal–Jalgaon,PASSENGER,2026-09-08 21:35:24.591115,2026-09-08 22:00:24.591115,3,UP,RUNNING
TR-11172,11172,2026-09-09,SEC-A01,Nagpur–Wardha,EXPRESS,2026-09-09 00:14:18.703853,2026-09-09 00:54:18.703853,6,DN,RUNNING
TR-11173,11173,2026-09-09,SEC-A01,Nagpur–Wardha,PASSENGER,2026-09-09 01:04:34.972743,2026-09-09 01:39:34.972743,5,DN,SCHEDULED
TR-11174,11174,2026-09-09,SEC-A01,Nagpur–Wardha,FREIGHT,2026-09-09 02:07:02.382399,2026-09-09 02:47:02.382399,13,DN,SCHEDULED
TR-11175,11175,2026-09-09,SEC-A01,Nagpur–Wardha,PASSENGER,2026-09-09 03:09:15.750922,2026-09-09 03:49:15.750922,4,DN,DELAYED
TR-11176,11176,2026-09-09,SEC-A01,Nagpur–Wardha,PASSENGER,2026-09-09 04:08:40.041774,2026-09-09 04:33:40.041774,14,DN,DELAYED
TR-11177,11177,2026-09-09,SEC-A01,Nagpur–Wardha,PASSENGER,2026-09-09 05:24:41.539612,2026-09-09 06:09:41.539612,2,UP,RUNNING
TR-11178,11178,2026-09-09,SEC-A01,Nagpur–Wardha,SPECIAL,2026-09-09 06:42:16.765750,2026-09-09 07:22:16.765750,23,DN,DELAYED
TR-11179,11179,2026-09-09,SEC-A01,Nagpur–Wardha,PASSENGER,2026-09-09 07:49:37.886056,2026-09-09 08:29:37.886056,8,DN,SCHEDULED
TR-11180,11180,2026-09-09,SEC-A01,Nagpur–Wardha,EXPRESS,2026-09-09 08:43:41.964465,2026-09-09 09:28:41.964465,0,UP,SCHEDULED
TR-11181,11181,2026-09-09,SEC-A01,Nagpur–Wardha,PASSENGER,2026-09-09 10:02:34.113215,2026-09-09 10:42:34.113215,0,UP,SCHEDULED
TR-11182,11182,2026-09-09,SEC-A01,Nagpur–Wardha,PASSENGER,2026-09-09 11:03:47.956571,2026-09-09 11:33:47.956571,7,UP,RUNNING
TR-11183,11183,2026-09-09,SEC-A01,Nagpur–Wardha,EXPRESS,2026-09-09 11:51:03.454704,2026-09-09 12:21:03.454704,2,DN,RUNNING
TR-11184,11184,2026-09-09,SEC-A01,Nagpur–Wardha,PASSENGER,2026-09-09 13:17:46.720802,2026-09-09 13:42:46.720802,8,DN,DELAYED
TR-11185,11185,2026-09-09,SEC-A01,Nagpur–Wardha,FREIGHT,2026-09-09 14:05:41.573704,2026-09-09 14:40:41.573704,11,UP,DELAYED
TR-11186,11186,2026-09-09,SEC-A01,Nagpur–Wardha,PASSENGER,2026-09-09 15:18:59.455140,2026-09-09 15:58:59.455140,3,UP,SCHEDULED
TR-11187,11187,2026-09-09,SEC-A01,Nagpur–Wardha,EXPRESS,2026-09-09 16:23:48.959978,2026-09-09 17:08:48.959978,0,UP,SCHEDULED
TR-11188,11188,2026-09-09,SEC-A01,Nagpur–Wardha,EXPRESS,2026-09-09 17:29:09.194403,2026-09-09 17:54:09.194403,0,DN,RUNNING
TR-11189,11189,2026-09-09,SEC-A01,Nagpur–Wardha,FREIGHT,2026-09-09 18:25:39.082298,2026-09-09 19:05:39.082298,4,DN,SCHEDULED
TR-11190,11190,2026-09-09,SEC-A01,Nagpur–Wardha,PASSENGER,2026-09-09 19:28:20.868602,2026-09-09 20:08:20.868602,9,DN,SCHEDULED
TR-11191,11191,2026-09-09,SEC-A01,Nagpur–Wardha,FREIGHT,2026-09-09 20:40:30.608758,2026-09-09 21:15:30.608758,9,UP,RUNNING
TR-11192,11192,2026-09-09,SEC-A01,Nagpur–Wardha,PASSENGER,2026-09-09 22:01:42.957515,2026-09-09 22:36:42.957515,0,DN,RUNNING
TR-11193,11193,2026-09-09,SEC-A01,Nagpur–Wardha,EXPRESS,2026-09-09 22:47:57.351248,2026-09-09 23:27:57.351248,5,UP,SCHEDULED
TR-11194,11194,2026-09-09,SEC-A02,Wardha–Badnera,EXPRESS,2026-09-09 23:49:01.893938,2026-09-10 00:29:01.893938,6,DN,RUNNING
TR-11195,11195,2026-09-09,SEC-A02,Wardha–Badnera,FREIGHT,2026-09-09 01:12:19.111671,2026-09-09 01:57:19.111671,1,UP,RUNNING
TR-11196,11196,2026-09-09,SEC-A02,Wardha–Badnera,EXPRESS,2026-09-09 02:02:15.048358,2026-09-09 02:42:15.048358,5,DN,SCHEDULED
TR-11197,11197,2026-09-09,SEC-A02,Wardha–Badnera,PASSENGER,2026-09-09 03:16:49.303647,2026-09-09 03:46:49.303647,4,DN,SCHEDULED
TR-11198,11198,2026-09-09,SEC-A02,Wardha–Badnera,EXPRESS,2026-09-09 04:30:14.020482,2026-09-09 05:15:14.020482,0,UP,SCHEDULED
TR-11199,11199,2026-09-09,SEC-A02,Wardha–Badnera,EXPRESS,2026-09-09 05:18:03.337841,2026-09-09 05:48:03.337841,6,UP,SCHEDULED
TR-11200,11200,2026-09-09,SEC-A02,Wardha–Badnera,EXPRESS,2026-09-09 06:31:25.243964,2026-09-09 07:06:25.243964,7,DN,RUNNING
TR-11201,11201,2026-09-09,SEC-A02,Wardha–Badnera,FREIGHT,2026-09-09 07:47:53.220416,2026-09-09 08:32:53.220416,15,UP,SCHEDULED
TR-11202,11202,2026-09-09,SEC-A02,Wardha–Badnera,FREIGHT,2026-09-09 08:35:53.670388,2026-09-09 09:15:53.670388,15,UP,RUNNING
TR-11203,11203,2026-09-09,SEC-A02,Wardha–Badnera,PASSENGER,2026-09-09 09:51:41.838993,2026-09-09 10:26:41.838993,0,DN,SCHEDULED
TR-11204,11204,2026-09-09,SEC-A02,Wardha–Badnera,PASSENGER,2026-09-09 10:48:05.852150,2026-09-09 11:28:05.852150,0,UP,SCHEDULED
TR-11205,11205,2026-09-09,SEC-A02,Wardha–Badnera,PASSENGER,2026-09-09 12:04:25.283805,2026-09-09 12:34:25.283805,7,DN,DELAYED
TR-11206,11206,2026-09-09,SEC-A02,Wardha–Badnera,FREIGHT,2026-09-09 12:51:03.366971,2026-09-09 13:16:03.366971,11,UP,SCHEDULED
TR-11207,11207,2026-09-09,SEC-A02,Wardha–Badnera,PASSENGER,2026-09-09 14:13:56.600965,2026-09-09 14:38:56.600965,7,DN,RUNNING
TR-11208,11208,2026-09-09,SEC-A02,Wardha–Badnera,EXPRESS,2026-09-09 15:14:04.670423,2026-09-09 15:54:04.670423,30,DN,RUNNING
TR-11209,11209,2026-09-09,SEC-A02,Wardha–Badnera,FREIGHT,2026-09-09 16:13:21.867206,2026-09-09 16:48:21.867206,11,DN,DELAYED
TR-11210,11210,2026-09-09,SEC-A02,Wardha–Badnera,SPECIAL,2026-09-09 17:15:20.525422,2026-09-09 18:00:20.525422,11,DN,DELAYED
TR-11211,11211,2026-09-09,SEC-A02,Wardha–Badnera,PASSENGER,2026-09-09 18:37:08.852180,2026-09-09 19:22:08.852180,10,UP,RUNNING
TR-11212,11212,2026-09-09,SEC-A02,Wardha–Badnera,FREIGHT,2026-09-09 19:25:05.815788,2026-09-09 20:00:05.815788,12,DN,RUNNING
TR-11213,11213,2026-09-09,SEC-A02,Wardha–Badnera,PASSENGER,2026-09-09 20:48:19.197108,2026-09-09 21:23:19.197108,1,UP,SCHEDULED
TR-11214,11214,2026-09-09,SEC-A02,Wardha–Badnera,FREIGHT,2026-09-09 21:58:15.228226,2026-09-09 22:43:15.228226,13,DN,SCHEDULED
TR-11215,11215,2026-09-09,SEC-A02,Wardha–Badnera,SPECIAL,2026-09-09 23:01:11.037028,2026-09-09 23:41:11.037028,0,DN,RUNNING
TR-11216,11216,2026-09-09,SEC-B01,Badnera–Akola,FREIGHT,2026-09-09 23:57:08.278010,2026-09-10 00:22:08.278010,6,UP,RUNNING
TR-11217,11217,2026-09-09,SEC-B01,Badnera–Akola,FREIGHT,2026-09-09 01:36:47.789778,2026-09-09 02:06:47.789778,4,DN,RUNNING
TR-11218,11218,2026-09-09,SEC-B01,Badnera–Akola,EXPRESS,2026-09-09 03:00:13.166740,2026-09-09 03:30:13.166740,4,UP,RUNNING
TR-11219,11219,2026-09-09,SEC-B01,Badnera–Akola,EXPRESS,2026-09-09 04:17:55.685515,2026-09-09 04:47:55.685515,20,UP,RUNNING
TR-11220,11220,2026-09-09,SEC-B01,Badnera–Akola,FREIGHT,2026-09-09 06:04:37.982360,2026-09-09 06:34:37.982360,0,DN,RUNNING
TR-11221,11221,2026-09-09,SEC-B01,Badnera–Akola,FREIGHT,2026-09-09 07:38:38.562786,2026-09-09 08:13:38.562786,12,DN,RUNNING
TR-11222,11222,2026-09-09,SEC-B01,Badnera–Akola,PASSENGER,2026-09-09 09:10:32.184999,2026-09-09 09:50:32.184999,0,UP,RUNNING
TR-11223,11223,2026-09-09,SEC-B01,Badnera–Akola,PASSENGER,2026-09-09 10:41:40.966911,2026-09-09 11:26:40.966911,0,DN,DELAYED
TR-11224,11224,2026-09-09,SEC-B01,Badnera–Akola,EXPRESS,2026-09-09 11:53:57.040357,2026-09-09 12:18:57.040357,11,UP,SCHEDULED
TR-11225,11225,2026-09-09,SEC-B01,Badnera–Akola,FREIGHT,2026-09-09 13:44:46.226135,2026-09-09 14:19:46.226135,8,DN,SCHEDULED
TR-11226,11226,2026-09-09,SEC-B01,Badnera–Akola,EXPRESS,2026-09-09 14:54:29.490224,2026-09-09 15:24:29.490224,0,DN,RUNNING
TR-11227,11227,2026-09-09,SEC-B01,Badnera–Akola,PASSENGER,2026-09-09 16:33:55.858990,2026-09-09 17:03:55.858990,0,UP,SCHEDULED
TR-11228,11228,2026-09-09,SEC-B01,Badnera–Akola,EXPRESS,2026-09-09 17:58:33.695811,2026-09-09 18:28:33.695811,8,UP,DELAYED
TR-11229,11229,2026-09-09,SEC-B01,Badnera–Akola,EXPRESS,2026-09-09 19:37:56.070725,2026-09-09 20:17:56.070725,0,UP,SCHEDULED
TR-11230,11230,2026-09-09,SEC-B01,Badnera–Akola,FREIGHT,2026-09-09 21:03:26.063530,2026-09-09 21:43:26.063530,9,DN,RUNNING
TR-11231,11231,2026-09-09,SEC-B01,Badnera–Akola,PASSENGER,2026-09-09 22:15:08.404448,2026-09-09 23:00:08.404448,4,DN,SCHEDULED
TR-11232,11232,2026-09-09,SEC-B02,Akola–Bhusawal,PASSENGER,2026-09-09 00:11:45.611506,2026-09-09 00:56:45.611506,0,UP,SCHEDULED
TR-11233,11233,2026-09-09,SEC-B02,Akola–Bhusawal,PASSENGER,2026-09-09 01:21:47.278280,2026-09-09 01:56:47.278280,19,UP,RUNNING
TR-11234,11234,2026-09-09,SEC-B02,Akola–Bhusawal,PASSENGER,2026-09-09 03:00:06.005662,2026-09-09 03:35:06.005662,8,UP,RUNNING
TR-11235,11235,2026-09-09,SEC-B02,Akola–Bhusawal,EXPRESS,2026-09-09 04:43:27.234075,2026-09-09 05:23:27.234075,0,DN,RUNNING
TR-11236,11236,2026-09-09,SEC-B02,Akola–Bhusawal,PASSENGER,2026-09-09 06:11:38.353279,2026-09-09 06:41:38.353279,5,DN,RUNNING
TR-11237,11237,2026-09-09,SEC-B02,Akola–Bhusawal,EXPRESS,2026-09-09 07:37:30.208048,2026-09-09 08:07:30.208048,0,DN,SCHEDULED
TR-11238,11238,2026-09-09,SEC-B02,Akola–Bhusawal,PASSENGER,2026-09-09 08:51:51.152913,2026-09-09 09:21:51.152913,9,UP,DELAYED
TR-11239,11239,2026-09-09,SEC-B02,Akola–Bhusawal,FREIGHT,2026-09-09 10:30:08.340398,2026-09-09 10:55:08.340398,2,UP,RUNNING
TR-11240,11240,2026-09-09,SEC-B02,Akola–Bhusawal,EXPRESS,2026-09-09 12:11:17.779448,2026-09-09 12:46:17.779448,3,UP,DELAYED
TR-11241,11241,2026-09-09,SEC-B02,Akola–Bhusawal,FREIGHT,2026-09-09 13:44:50.424421,2026-09-09 14:09:50.424421,11,UP,SCHEDULED
TR-11242,11242,2026-09-09,SEC-B02,Akola–Bhusawal,FREIGHT,2026-09-09 15:05:41.549547,2026-09-09 15:45:41.549547,14,UP,DELAYED
TR-11243,11243,2026-09-09,SEC-B02,Akola–Bhusawal,PASSENGER,2026-09-09 16:22:34.928928,2026-09-09 16:52:34.928928,0,UP,RUNNING
TR-11244,11244,2026-09-09,SEC-B02,Akola–Bhusawal,FREIGHT,2026-09-09 17:57:37.568622,2026-09-09 18:22:37.568622,5,DN,DELAYED
TR-11245,11245,2026-09-09,SEC-B02,Akola–Bhusawal,FREIGHT,2026-09-09 19:33:10.141806,2026-09-09 20:03:10.141806,4,UP,DELAYED
TR-11246,11246,2026-09-09,SEC-B02,Akola–Bhusawal,PASSENGER,2026-09-09 21:06:33.779204,2026-09-09 21:31:33.779204,0,UP,RUNNING
TR-11247,11247,2026-09-09,SEC-B02,Akola–Bhusawal,EXPRESS,2026-09-09 22:20:57.563991,2026-09-09 22:50:57.563991,16,UP,RUNNING
TR-11248,11248,2026-09-09,SEC-C01,Bhusawal–Jalgaon,PASSENGER,2026-09-09 00:06:06.186150,2026-09-09 00:41:06.186150,6,DN,SCHEDULED
TR-11249,11249,2026-09-09,SEC-C01,Bhusawal–Jalgaon,PASSENGER,2026-09-09 02:29:38.767048,2026-09-09 03:09:38.767048,0,UP,SCHEDULED
TR-11250,11250,2026-09-09,SEC-C01,Bhusawal–Jalgaon,EXPRESS,2026-09-09 04:53:08.939638,2026-09-09 05:18:08.939638,10,DN,SCHEDULED
TR-11251,11251,2026-09-09,SEC-C01,Bhusawal–Jalgaon,PASSENGER,2026-09-09 07:25:29.002828,2026-09-09 08:10:29.002828,18,UP,RUNNING
TR-11252,11252,2026-09-09,SEC-C01,Bhusawal–Jalgaon,SPECIAL,2026-09-09 09:40:19.806225,2026-09-09 10:20:19.806225,11,DN,RUNNING
TR-11253,11253,2026-09-09,SEC-C01,Bhusawal–Jalgaon,EXPRESS,2026-09-09 11:58:55.699243,2026-09-09 12:23:55.699243,0,UP,RUNNING
TR-11254,11254,2026-09-09,SEC-C01,Bhusawal–Jalgaon,FREIGHT,2026-09-09 14:19:48.386395,2026-09-09 14:54:48.386395,4,UP,SCHEDULED
TR-11255,11255,2026-09-09,SEC-C01,Bhusawal–Jalgaon,PASSENGER,2026-09-09 16:58:32.242621,2026-09-09 17:23:32.242621,12,UP,SCHEDULED
TR-11256,11256,2026-09-09,SEC-C01,Bhusawal–Jalgaon,SPECIAL,2026-09-09 19:06:51.589487,2026-09-09 19:46:51.589487,0,DN,SCHEDULED
TR-11257,11257,2026-09-09,SEC-C01,Bhusawal–Jalgaon,PASSENGER,2026-09-09 21:32:10.719876,2026-09-09 22:07:10.719876,7,DN,RUNNING
TR-11258,11258,2026-09-10,SEC-A01,Nagpur–Wardha,EXPRESS,2026-09-10 00:13:52.157874,2026-09-10 00:48:52.157874,9,DN,RUNNING
TR-11259,11259,2026-09-10,SEC-A01,Nagpur–Wardha,PASSENGER,2026-09-10 01:09:55.196398,2026-09-10 01:39:55.196398,0,UP,SCHEDULED
TR-11260,11260,2026-09-10,SEC-A01,Nagpur–Wardha,FREIGHT,2026-09-10 01:59:01.229045,2026-09-10 02:44:01.229045,7,DN,SCHEDULED
TR-11261,11261,2026-09-10,SEC-A01,Nagpur–Wardha,FREIGHT,2026-09-10 03:19:42.199867,2026-09-10 03:54:42.199867,0,UP,RUNNING
TR-11262,11262,2026-09-10,SEC-A01,Nagpur–Wardha,EXPRESS,2026-09-10 04:34:25.807283,2026-09-10 04:59:25.807283,0,DN,SCHEDULED
TR-11263,11263,2026-09-10,SEC-A01,Nagpur–Wardha,PASSENGER,2026-09-10 05:14:10.368520,2026-09-10 05:49:10.368520,2,UP,RUNNING
TR-11264,11264,2026-09-10,SEC-A01,Nagpur–Wardha,PASSENGER,2026-09-10 06:33:18.015786,2026-09-10 07:18:18.015786,0,UP,RUNNING
TR-11265,11265,2026-09-10,SEC-A01,Nagpur–Wardha,PASSENGER,2026-09-10 07:33:33.258168,2026-09-10 08:13:33.258168,15,UP,SCHEDULED
TR-11266,11266,2026-09-10,SEC-A01,Nagpur–Wardha,FREIGHT,2026-09-10 08:47:56.299508,2026-09-10 09:17:56.299508,0,DN,RUNNING
TR-11267,11267,2026-09-10,SEC-A01,Nagpur–Wardha,EXPRESS,2026-09-10 10:00:10.402688,2026-09-10 10:25:10.402688,0,DN,SCHEDULED
TR-11268,11268,2026-09-10,SEC-A01,Nagpur–Wardha,PASSENGER,2026-09-10 10:49:28.337989,2026-09-10 11:24:28.337989,4,UP,DELAYED
TR-11269,11269,2026-09-10,SEC-A01,Nagpur–Wardha,EXPRESS,2026-09-10 12:04:17.971167,2026-09-10 12:44:17.971167,14,UP,RUNNING
TR-11270,11270,2026-09-10,SEC-A01,Nagpur–Wardha,FREIGHT,2026-09-10 13:03:46.812705,2026-09-10 13:48:46.812705,0,DN,RUNNING
TR-11271,11271,2026-09-10,SEC-A01,Nagpur–Wardha,EXPRESS,2026-09-10 14:05:23.456204,2026-09-10 14:45:23.456204,12,UP,SCHEDULED
TR-11272,11272,2026-09-10,SEC-A01,Nagpur–Wardha,FREIGHT,2026-09-10 15:13:28.009568,2026-09-10 15:38:28.009568,8,UP,SCHEDULED
TR-11273,11273,2026-09-10,SEC-A01,Nagpur–Wardha,FREIGHT,2026-09-10 16:30:34.300822,2026-09-10 17:15:34.300822,1,UP,RUNNING
TR-11274,11274,2026-09-10,SEC-A01,Nagpur–Wardha,EXPRESS,2026-09-10 17:40:47.002870,2026-09-10 18:15:47.002870,7,UP,RUNNING
TR-11275,11275,2026-09-10,SEC-A01,Nagpur–Wardha,FREIGHT,2026-09-10 18:27:41.187090,2026-09-10 19:12:41.187090,9,DN,RUNNING
TR-11276,11276,2026-09-10,SEC-A01,Nagpur–Wardha,PASSENGER,2026-09-10 19:26:36.151136,2026-09-10 19:56:36.151136,0,DN,RUNNING
TR-11277,11277,2026-09-10,SEC-A01,Nagpur–Wardha,EXPRESS,2026-09-10 20:45:04.024865,2026-09-10 21:20:04.024865,4,UP,SCHEDULED
TR-11278,11278,2026-09-10,SEC-A01,Nagpur–Wardha,PASSENGER,2026-09-10 21:48:51.814401,2026-09-10 22:28:51.814401,1,UP,SCHEDULED
TR-11279,11279,2026-09-10,SEC-A01,Nagpur–Wardha,PASSENGER,2026-09-10 22:43:10.069726,2026-09-10 23:23:10.069726,4,UP,RUNNING
TR-11280,11280,2026-09-10,SEC-A02,Wardha–Badnera,PASSENGER,2026-09-10 23:48:13.978345,2026-09-11 00:28:13.978345,8,UP,RUNNING
TR-11281,11281,2026-09-10,SEC-A02,Wardha–Badnera,SPECIAL,2026-09-10 01:04:10.570906,2026-09-10 01:49:10.570906,15,UP,RUNNING
TR-11282,11282,2026-09-10,SEC-A02,Wardha–Badnera,FREIGHT,2026-09-10 01:56:02.353184,2026-09-10 02:21:02.353184,0,DN,DELAYED
TR-11283,11283,2026-09-10,SEC-A02,Wardha–Badnera,EXPRESS,2026-09-10 03:15:51.095716,2026-09-10 04:00:51.095716,18,UP,DELAYED
TR-11284,11284,2026-09-10,SEC-A02,Wardha–Badnera,PASSENGER,2026-09-10 04:12:01.661395,2026-09-10 04:42:01.661395,0,DN,DELAYED
TR-11285,11285,2026-09-10,SEC-A02,Wardha–Badnera,SPECIAL,2026-09-10 05:38:42.866657,2026-09-10 06:18:42.866657,2,UP,RUNNING
TR-11286,11286,2026-09-10,SEC-A02,Wardha–Badnera,SPECIAL,2026-09-10 06:29:39.802357,2026-09-10 07:04:39.802357,8,DN,SCHEDULED
TR-11287,11287,2026-09-10,SEC-A02,Wardha–Badnera,EXPRESS,2026-09-10 07:27:19.633101,2026-09-10 08:12:19.633101,5,DN,DELAYED
TR-11288,11288,2026-09-10,SEC-A02,Wardha–Badnera,FREIGHT,2026-09-10 08:54:27.455401,2026-09-10 09:39:27.455401,3,UP,SCHEDULED
TR-11289,11289,2026-09-10,SEC-A02,Wardha–Badnera,FREIGHT,2026-09-10 09:52:48.956206,2026-09-10 10:27:48.956206,6,UP,SCHEDULED
TR-11290,11290,2026-09-10,SEC-A02,Wardha–Badnera,EXPRESS,2026-09-10 10:54:39.735463,2026-09-10 11:29:39.735463,0,DN,DELAYED
TR-11291,11291,2026-09-10,SEC-A02,Wardha–Badnera,EXPRESS,2026-09-10 11:59:24.665860,2026-09-10 12:44:24.665860,0,DN,DELAYED
TR-11292,11292,2026-09-10,SEC-A02,Wardha–Badnera,EXPRESS,2026-09-10 12:59:01.943092,2026-09-10 13:39:01.943092,9,UP,SCHEDULED
TR-11293,11293,2026-09-10,SEC-A02,Wardha–Badnera,FREIGHT,2026-09-10 14:07:20.112019,2026-09-10 14:32:20.112019,10,UP,RUNNING
TR-11294,11294,2026-09-10,SEC-A02,Wardha–Badnera,SPECIAL,2026-09-10 15:23:52.151215,2026-09-10 15:53:52.151215,0,DN,SCHEDULED
TR-11295,11295,2026-09-10,SEC-A02,Wardha–Badnera,PASSENGER,2026-09-10 16:31:59.978175,2026-09-10 17:06:59.978175,10,UP,RUNNING
TR-11296,11296,2026-09-10,SEC-A02,Wardha–Badnera,FREIGHT,2026-09-10 17:36:41.610828,2026-09-10 18:01:41.610828,10,UP,DELAYED
TR-11297,11297,2026-09-10,SEC-A02,Wardha–Badnera,EXPRESS,2026-09-10 18:29:23.632355,2026-09-10 19:14:23.632355,9,DN,SCHEDULED
TR-11298,11298,2026-09-10,SEC-A02,Wardha–Badnera,FREIGHT,2026-09-10 19:50:58.581751,2026-09-10 20:30:58.581751,12,DN,DELAYED
TR-11299,11299,2026-09-10,SEC-A02,Wardha–Badnera,PASSENGER,2026-09-10 20:30:15.025764,2026-09-10 21:05:15.025764,0,DN,SCHEDULED
TR-11300,11300,2026-09-10,SEC-A02,Wardha–Badnera,EXPRESS,2026-09-10 22:01:26.130024,2026-09-10 22:36:26.130024,0,UP,SCHEDULED
TR-11301,11301,2026-09-10,SEC-A02,Wardha–Badnera,SPECIAL,2026-09-10 22:48:22.247172,2026-09-10 23:18:22.247172,9,UP,SCHEDULED
TR-11302,11302,2026-09-10,SEC-B01,Badnera–Akola,PASSENGER,2026-09-10 00:13:52.455448,2026-09-10 00:58:52.455448,8,UP,RUNNING
TR-11303,11303,2026-09-10,SEC-B01,Badnera–Akola,PASSENGER,2026-09-10 01:23:22.402043,2026-09-10 01:58:22.402043,3,DN,SCHEDULED
TR-11304,11304,2026-09-10,SEC-B01,Badnera–Akola,PASSENGER,2026-09-10 02:54:55.013020,2026-09-10 03:24:55.013020,4,DN,DELAYED
TR-11305,11305,2026-09-10,SEC-B01,Badnera–Akola,EXPRESS,2026-09-10 04:16:31.539794,2026-09-10 05:01:31.539794,12,DN,RUNNING
TR-11306,11306,2026-09-10,SEC-B01,Badnera–Akola,FREIGHT,2026-09-10 06:08:41.834728,2026-09-10 06:53:41.834728,3,DN,DELAYED
TR-11307,11307,2026-09-10,SEC-B01,Badnera–Akola,FREIGHT,2026-09-10 07:21:35.931628,2026-09-10 07:51:35.931628,11,UP,RUNNING
TR-11308,11308,2026-09-10,SEC-B01,Badnera–Akola,PASSENGER,2026-09-10 09:01:17.544279,2026-09-10 09:41:17.544279,2,UP,SCHEDULED
TR-11309,11309,2026-09-10,SEC-B01,Badnera–Akola,FREIGHT,2026-09-10 10:34:54.002058,2026-09-10 11:09:54.002058,6,UP,DELAYED
TR-11310,11310,2026-09-10,SEC-B01,Badnera–Akola,EXPRESS,2026-09-10 12:00:54.898012,2026-09-10 12:45:54.898012,11,UP,SCHEDULED
TR-11311,11311,2026-09-10,SEC-B01,Badnera–Akola,PASSENGER,2026-09-10 13:35:04.089242,2026-09-10 14:15:04.089242,9,UP,SCHEDULED
TR-11312,11312,2026-09-10,SEC-B01,Badnera–Akola,FREIGHT,2026-09-10 15:05:28.592449,2026-09-10 15:40:28.592449,13,UP,RUNNING
TR-11313,11313,2026-09-10,SEC-B01,Badnera–Akola,PASSENGER,2026-09-10 16:22:41.863002,2026-09-10 16:57:41.863002,13,DN,DELAYED
TR-11314,11314,2026-09-10,SEC-B01,Badnera–Akola,FREIGHT,2026-09-10 18:09:05.070128,2026-09-10 18:49:05.070128,8,DN,SCHEDULED
TR-11315,11315,2026-09-10,SEC-B01,Badnera–Akola,EXPRESS,2026-09-10 19:24:36.562963,2026-09-10 19:49:36.562963,8,UP,DELAYED
TR-11316,11316,2026-09-10,SEC-B01,Badnera–Akola,PASSENGER,2026-09-10 21:00:59.770480,2026-09-10 21:25:59.770480,1,UP,RUNNING
TR-11317,11317,2026-09-10,SEC-B01,Badnera–Akola,FREIGHT,2026-09-10 22:40:04.197140,2026-09-10 23:10:04.197140,10,DN,SCHEDULED
TR-11318,11318,2026-09-10,SEC-B02,Akola–Bhusawal,PASSENGER,2026-09-10 00:07:24.403486,2026-09-10 00:37:24.403486,3,DN,SCHEDULED
TR-11319,11319,2026-09-10,SEC-B02,Akola–Bhusawal,PASSENGER,2026-09-10 01:17:37.537616,2026-09-10 01:42:37.537616,4,DN,DELAYED
TR-11320,11320,2026-09-10,SEC-B02,Akola–Bhusawal,EXPRESS,2026-09-10 02:47:06.795766,2026-09-10 03:17:06.795766,8,DN,RUNNING
TR-11321,11321,2026-09-10,SEC-B02,Akola–Bhusawal,FREIGHT,2026-09-10 04:28:32.026195,2026-09-10 05:08:32.026195,2,UP,RUNNING
TR-11322,11322,2026-09-10,SEC-B02,Akola–Bhusawal,PASSENGER,2026-09-10 06:05:11.937718,2026-09-10 06:50:11.937718,18,UP,DELAYED
TR-11323,11323,2026-09-10,SEC-B02,Akola–Bhusawal,FREIGHT,2026-09-10 07:16:21.930337,2026-09-10 07:41:21.930337,0,UP,RUNNING
TR-11324,11324,2026-09-10,SEC-B02,Akola–Bhusawal,FREIGHT,2026-09-10 09:08:36.405416,2026-09-10 09:43:36.405416,0,DN,RUNNING
TR-11325,11325,2026-09-10,SEC-B02,Akola–Bhusawal,FREIGHT,2026-09-10 10:26:26.544434,2026-09-10 10:51:26.544434,16,UP,SCHEDULED
TR-11326,11326,2026-09-10,SEC-B02,Akola–Bhusawal,PASSENGER,2026-09-10 12:07:24.157041,2026-09-10 12:52:24.157041,9,UP,RUNNING
TR-11327,11327,2026-09-10,SEC-B02,Akola–Bhusawal,SPECIAL,2026-09-10 13:35:19.120282,2026-09-10 14:10:19.120282,8,UP,DELAYED
TR-11328,11328,2026-09-10,SEC-B02,Akola–Bhusawal,PASSENGER,2026-09-10 15:11:14.580470,2026-09-10 15:41:14.580470,8,UP,DELAYED
TR-11329,11329,2026-09-10,SEC-B02,Akola–Bhusawal,FREIGHT,2026-09-10 16:32:53.978797,2026-09-10 17:17:53.978797,7,UP,RUNNING
TR-11330,11330,2026-09-10,SEC-B02,Akola–Bhusawal,PASSENGER,2026-09-10 17:51:18.095203,2026-09-10 18:26:18.095203,0,UP,SCHEDULED
TR-11331,11331,2026-09-10,SEC-B02,Akola–Bhusawal,EXPRESS,2026-09-10 19:20:31.186901,2026-09-10 20:05:31.186901,4,UP,SCHEDULED
TR-11332,11332,2026-09-10,SEC-B02,Akola–Bhusawal,EXPRESS,2026-09-10 20:50:26.444373,2026-09-10 21:35:26.444373,0,DN,DELAYED
TR-11333,11333,2026-09-10,SEC-B02,Akola–Bhusawal,PASSENGER,2026-09-10 22:17:11.660230,2026-09-10 22:42:11.660230,10,UP,DELAYED
TR-11334,11334,2026-09-10,SEC-C01,Bhusawal–Jalgaon,FREIGHT,2026-09-10 23:59:36.942738,2026-09-11 00:34:36.942738,6,UP,SCHEDULED
TR-11335,11335,2026-09-10,SEC-C01,Bhusawal–Jalgaon,EXPRESS,2026-09-10 02:17:33.246859,2026-09-10 02:42:33.246859,0,DN,RUNNING
TR-11336,11336,2026-09-10,SEC-C01,Bhusawal–Jalgaon,FREIGHT,2026-09-10 04:46:31.162761,2026-09-10 05:31:31.162761,5,UP,DELAYED
TR-11337,11337,2026-09-10,SEC-C01,Bhusawal–Jalgaon,SPECIAL,2026-09-10 07:14:00.351407,2026-09-10 07:49:00.351407,6,UP,SCHEDULED
TR-11338,11338,2026-09-10,SEC-C01,Bhusawal–Jalgaon,EXPRESS,2026-09-10 09:30:23.786605,2026-09-10 10:00:23.786605,0,DN,RUNNING
TR-11339,11339,2026-09-10,SEC-C01,Bhusawal–Jalgaon,FREIGHT,2026-09-10 12:10:12.198106,2026-09-10 12:40:12.198106,2,DN,RUNNING
TR-11340,11340,2026-09-10,SEC-C01,Bhusawal–Jalgaon,EXPRESS,2026-09-10 14:22:53.127077,2026-09-10 14:57:53.127077,5,DN,DELAYED
TR-11341,11341,2026-09-10,SEC-C01,Bhusawal–Jalgaon,PASSENGER,2026-09-10 16:36:15.898745,2026-09-10 17:21:15.898745,5,DN,SCHEDULED
TR-11342,11342,2026-09-10,SEC-C01,Bhusawal–Jalgaon,PASSENGER,2026-09-10 19:23:44.334670,2026-09-10 19:53:44.334670,0,UP,SCHEDULED
TR-11343,11343,2026-09-10,SEC-C01,Bhusawal–Jalgaon,FREIGHT,2026-09-10 21:47:45.789332,2026-09-10 22:32:45.789332,4,DN,DELAYED
TR-11344,11344,2026-09-11,SEC-A01,Nagpur–Wardha,FREIGHT,2026-09-11 23:51:22.969235,2026-09-12 00:16:22.969235,9,DN,SCHEDULED
TR-11345,11345,2026-09-11,SEC-A01,Nagpur–Wardha,EXPRESS,2026-09-11 01:01:25.746261,2026-09-11 01:31:25.746261,0,DN,SCHEDULED
TR-11346,11346,2026-09-11,SEC-A01,Nagpur–Wardha,PASSENGER,2026-09-11 02:09:51.007510,2026-09-11 02:54:51.007510,0,DN,DELAYED
TR-11347,11347,2026-09-11,SEC-A01,Nagpur–Wardha,EXPRESS,2026-09-11 03:01:40.883212,2026-09-11 03:31:40.883212,0,UP,DELAYED
TR-11348,11348,2026-09-11,SEC-A01,Nagpur–Wardha,PASSENGER,2026-09-11 04:11:01.758156,2026-09-11 04:41:01.758156,2,UP,RUNNING
TR-11349,11349,2026-09-11,SEC-A01,Nagpur–Wardha,PASSENGER,2026-09-11 05:40:26.879101,2026-09-11 06:05:26.879101,6,DN,SCHEDULED
TR-11350,11350,2026-09-11,SEC-A01,Nagpur–Wardha,PASSENGER,2026-09-11 06:19:36.786454,2026-09-11 06:54:36.786454,14,UP,DELAYED
TR-11351,11351,2026-09-11,SEC-A01,Nagpur–Wardha,FREIGHT,2026-09-11 07:50:24.816058,2026-09-11 08:25:24.816058,14,DN,SCHEDULED
TR-11352,11352,2026-09-11,SEC-A01,Nagpur–Wardha,PASSENGER,2026-09-11 08:29:50.010276,2026-09-11 09:04:50.010276,2,DN,RUNNING
TR-11353,11353,2026-09-11,SEC-A01,Nagpur–Wardha,PASSENGER,2026-09-11 09:51:26.991128,2026-09-11 10:36:26.991128,3,DN,RUNNING
TR-11354,11354,2026-09-11,SEC-A01,Nagpur–Wardha,FREIGHT,2026-09-11 10:57:10.549157,2026-09-11 11:22:10.549157,0,DN,SCHEDULED
TR-11355,11355,2026-09-11,SEC-A01,Nagpur–Wardha,EXPRESS,2026-09-11 12:00:29.469208,2026-09-11 12:35:29.469208,3,DN,RUNNING
TR-11356,11356,2026-09-11,SEC-A01,Nagpur–Wardha,PASSENGER,2026-09-11 13:14:14.056143,2026-09-11 13:59:14.056143,1,UP,RUNNING
TR-11357,11357,2026-09-11,SEC-A01,Nagpur–Wardha,FREIGHT,2026-09-11 14:00:52.635935,2026-09-11 14:25:52.635935,10,DN,SCHEDULED
TR-11358,11358,2026-09-11,SEC-A01,Nagpur–Wardha,FREIGHT,2026-09-11 15:05:52.250916,2026-09-11 15:35:52.250916,2,UP,SCHEDULED
TR-11359,11359,2026-09-11,SEC-A01,Nagpur–Wardha,EXPRESS,2026-09-11 16:19:15.395542,2026-09-11 16:54:15.395542,7,DN,RUNNING
TR-11360,11360,2026-09-11,SEC-A01,Nagpur–Wardha,PASSENGER,2026-09-11 17:26:38.601730,2026-09-11 18:11:38.601730,14,DN,SCHEDULED
TR-11361,11361,2026-09-11,SEC-A01,Nagpur–Wardha,FREIGHT,2026-09-11 18:25:02.242917,2026-09-11 18:55:02.242917,7,UP,SCHEDULED
TR-11362,11362,2026-09-11,SEC-A01,Nagpur–Wardha,EXPRESS,2026-09-11 19:42:04.081856,2026-09-11 20:07:04.081856,6,UP,SCHEDULED
TR-11363,11363,2026-09-11,SEC-A01,Nagpur–Wardha,FREIGHT,2026-09-11 20:33:37.596278,2026-09-11 21:03:37.596278,12,DN,DELAYED
TR-11364,11364,2026-09-11,SEC-A01,Nagpur–Wardha,EXPRESS,2026-09-11 22:03:10.093182,2026-09-11 22:28:10.093182,1,DN,SCHEDULED
TR-11365,11365,2026-09-11,SEC-A01,Nagpur–Wardha,SPECIAL,2026-09-11 22:46:02.595425,2026-09-11 23:31:02.595425,5,DN,SCHEDULED
TR-11366,11366,2026-09-11,SEC-A02,Wardha–Badnera,FREIGHT,2026-09-11 23:51:34.854867,2026-09-12 00:31:34.854867,8,UP,DELAYED
TR-11367,11367,2026-09-11,SEC-A02,Wardha–Badnera,PASSENGER,2026-09-11 01:10:14.640477,2026-09-11 01:45:14.640477,4,DN,RUNNING
TR-11368,11368,2026-09-11,SEC-A02,Wardha–Badnera,PASSENGER,2026-09-11 02:13:48.305507,2026-09-11 02:38:48.305507,0,DN,SCHEDULED
TR-11369,11369,2026-09-11,SEC-A02,Wardha–Badnera,FREIGHT,2026-09-11 03:04:37.244387,2026-09-11 03:34:37.244387,8,DN,SCHEDULED
TR-11370,11370,2026-09-11,SEC-A02,Wardha–Badnera,FREIGHT,2026-09-11 04:24:59.010741,2026-09-11 04:54:59.010741,11,UP,DELAYED
TR-11371,11371,2026-09-11,SEC-A02,Wardha–Badnera,PASSENGER,2026-09-11 05:27:22.356211,2026-09-11 05:52:22.356211,14,UP,DELAYED
TR-11372,11372,2026-09-11,SEC-A02,Wardha–Badnera,EXPRESS,2026-09-11 06:33:54.351139,2026-09-11 06:58:54.351139,10,DN,DELAYED
TR-11373,11373,2026-09-11,SEC-A02,Wardha–Badnera,FREIGHT,2026-09-11 07:35:48.140327,2026-09-11 08:00:48.140327,23,DN,SCHEDULED
TR-11374,11374,2026-09-11,SEC-A02,Wardha–Badnera,EXPRESS,2026-09-11 08:56:47.340748,2026-09-11 09:36:47.340748,0,DN,RUNNING
TR-11375,11375,2026-09-11,SEC-A02,Wardha–Badnera,PASSENGER,2026-09-11 09:51:45.741101,2026-09-11 10:36:45.741101,10,UP,RUNNING
TR-11376,11376,2026-09-11,SEC-A02,Wardha–Badnera,EXPRESS,2026-09-11 10:53:51.581499,2026-09-11 11:23:51.581499,5,UP,RUNNING
TR-11377,11377,2026-09-11,SEC-A02,Wardha–Badnera,FREIGHT,2026-09-11 12:02:56.926230,2026-09-11 12:47:56.926230,23,UP,SCHEDULED
TR-11378,11378,2026-09-11,SEC-A02,Wardha–Badnera,FREIGHT,2026-09-11 13:11:43.740634,2026-09-11 13:36:43.740634,2,UP,DELAYED
TR-11379,11379,2026-09-11,SEC-A02,Wardha–Badnera,FREIGHT,2026-09-11 13:56:07.494749,2026-09-11 14:26:07.494749,2,DN,RUNNING
TR-11380,11380,2026-09-11,SEC-A02,Wardha–Badnera,FREIGHT,2026-09-11 15:12:13.903803,2026-09-11 15:42:13.903803,3,DN,RUNNING
TR-11381,11381,2026-09-11,SEC-A02,Wardha–Badnera,FREIGHT,2026-09-11 16:32:28.049376,2026-09-11 17:12:28.049376,0,DN,RUNNING
TR-11382,11382,2026-09-11,SEC-A02,Wardha–Badnera,FREIGHT,2026-09-11 17:34:55.313057,2026-09-11 18:14:55.313057,4,DN,SCHEDULED
TR-11383,11383,2026-09-11,SEC-A02,Wardha–Badnera,FREIGHT,2026-09-11 18:28:50.019708,2026-09-11 19:13:50.019708,2,DN,DELAYED
TR-11384,11384,2026-09-11,SEC-A02,Wardha–Badnera,EXPRESS,2026-09-11 19:33:30.750438,2026-09-11 20:13:30.750438,5,UP,SCHEDULED
TR-11385,11385,2026-09-11,SEC-A02,Wardha–Badnera,PASSENGER,2026-09-11 20:42:02.052598,2026-09-11 21:12:02.052598,6,DN,RUNNING
TR-11386,11386,2026-09-11,SEC-A02,Wardha–Badnera,FREIGHT,2026-09-11 21:58:06.991265,2026-09-11 22:43:06.991265,21,UP,SCHEDULED
TR-11387,11387,2026-09-11,SEC-A02,Wardha–Badnera,EXPRESS,2026-09-11 22:51:13.113898,2026-09-11 23:16:13.113898,10,UP,RUNNING
TR-11388,11388,2026-09-11,SEC-B01,Badnera–Akola,PASSENGER,2026-09-11 00:12:46.551218,2026-09-11 00:52:46.551218,0,DN,SCHEDULED
TR-11389,11389,2026-09-11,SEC-B01,Badnera–Akola,PASSENGER,2026-09-11 01:26:07.503227,2026-09-11 02:11:07.503227,0,DN,RUNNING
TR-11390,11390,2026-09-11,SEC-B01,Badnera–Akola,PASSENGER,2026-09-11 03:03:25.138063,2026-09-11 03:48:25.138063,7,UP,SCHEDULED
TR-11391,11391,2026-09-11,SEC-B01,Badnera–Akola,PASSENGER,2026-09-11 04:34:12.524366,2026-09-11 05:14:12.524366,0,DN,SCHEDULED
TR-11392,11392,2026-09-11,SEC-B01,Badnera–Akola,FREIGHT,2026-09-11 05:46:00.496833,2026-09-11 06:31:00.496833,20,UP,DELAYED
TR-11393,11393,2026-09-11,SEC-B01,Badnera–Akola,FREIGHT,2026-09-11 07:20:05.069205,2026-09-11 07:45:05.069205,16,UP,SCHEDULED
TR-11394,11394,2026-09-11,SEC-B01,Badnera–Akola,EXPRESS,2026-09-11 08:47:36.317063,2026-09-11 09:22:36.317063,0,DN,RUNNING
TR-11395,11395,2026-09-11,SEC-B01,Badnera–Akola,FREIGHT,2026-09-11 10:27:09.811740,2026-09-11 10:57:09.811740,0,UP,SCHEDULED
TR-11396,11396,2026-09-11,SEC-B01,Badnera–Akola,EXPRESS,2026-09-11 12:01:29.266776,2026-09-11 12:46:29.266776,13,DN,RUNNING
TR-11397,11397,2026-09-11,SEC-B01,Badnera–Akola,PASSENGER,2026-09-11 13:43:53.917797,2026-09-11 14:18:53.917797,3,UP,RUNNING
TR-11398,11398,2026-09-11,SEC-B01,Badnera–Akola,PASSENGER,2026-09-11 15:12:53.484913,2026-09-11 15:57:53.484913,12,UP,RUNNING
TR-11399,11399,2026-09-11,SEC-B01,Badnera–Akola,PASSENGER,2026-09-11 16:30:11.228573,2026-09-11 17:15:11.228573,0,DN,RUNNING
TR-11400,11400,2026-09-11,SEC-B01,Badnera–Akola,SPECIAL,2026-09-11 18:13:24.627837,2026-09-11 18:58:24.627837,0,DN,RUNNING
TR-11401,11401,2026-09-11,SEC-B01,Badnera–Akola,FREIGHT,2026-09-11 19:43:58.899820,2026-09-11 20:28:58.899820,8,UP,RUNNING
TR-11402,11402,2026-09-11,SEC-B01,Badnera–Akola,FREIGHT,2026-09-11 21:13:50.229706,2026-09-11 21:53:50.229706,8,UP,RUNNING
TR-11403,11403,2026-09-11,SEC-B01,Badnera–Akola,FREIGHT,2026-09-11 22:18:29.282943,2026-09-11 22:43:29.282943,4,UP,SCHEDULED
TR-11404,11404,2026-09-11,SEC-B02,Akola–Bhusawal,SPECIAL,2026-09-11 00:09:00.290509,2026-09-11 00:49:00.290509,8,UP,RUNNING
TR-11405,11405,2026-09-11,SEC-B02,Akola–Bhusawal,FREIGHT,2026-09-11 01:22:26.863697,2026-09-11 01:47:26.863697,0,DN,SCHEDULED
TR-11406,11406,2026-09-11,SEC-B02,Akola–Bhusawal,FREIGHT,2026-09-11 03:01:38.192707,2026-09-11 03:31:38.192707,7,DN,SCHEDULED
TR-11407,11407,2026-09-11,SEC-B02,Akola–Bhusawal,PASSENGER,2026-09-11 04:41:49.769255,2026-09-11 05:16:49.769255,4,UP,RUNNING
TR-11408,11408,2026-09-11,SEC-B02,Akola–Bhusawal,EXPRESS,2026-09-11 06:07:06.802046,2026-09-11 06:37:06.802046,7,DN,SCHEDULED
TR-11409,11409,2026-09-11,SEC-B02,Akola–Bhusawal,EXPRESS,2026-09-11 07:21:52.573558,2026-09-11 07:51:52.573558,8,DN,SCHEDULED
TR-11410,11410,2026-09-11,SEC-B02,Akola–Bhusawal,EXPRESS,2026-09-11 09:08:22.089265,2026-09-11 09:33:22.089265,0,DN,DELAYED
TR-11411,11411,2026-09-11,SEC-B02,Akola–Bhusawal,SPECIAL,2026-09-11 10:15:11.922617,2026-09-11 11:00:11.922617,0,DN,RUNNING
TR-11412,11412,2026-09-11,SEC-B02,Akola–Bhusawal,EXPRESS,2026-09-11 12:03:37.201455,2026-09-11 12:43:37.201455,12,DN,RUNNING
TR-11413,11413,2026-09-11,SEC-B02,Akola–Bhusawal,PASSENGER,2026-09-11 13:20:29.169354,2026-09-11 14:05:29.169354,6,UP,DELAYED
TR-11414,11414,2026-09-11,SEC-B02,Akola–Bhusawal,EXPRESS,2026-09-11 14:48:50.842710,2026-09-11 15:33:50.842710,0,DN,DELAYED
TR-11415,11415,2026-09-11,SEC-B02,Akola–Bhusawal,FREIGHT,2026-09-11 16:15:58.612765,2026-09-11 16:50:58.612765,18,UP,RUNNING
TR-11416,11416,2026-09-11,SEC-B02,Akola–Bhusawal,FREIGHT,2026-09-11 18:14:17.712951,2026-09-11 18:59:17.712951,8,UP,SCHEDULED
TR-11417,11417,2026-09-11,SEC-B02,Akola–Bhusawal,FREIGHT,2026-09-11 19:35:13.385509,2026-09-11 20:15:13.385509,16,DN,RUNNING
TR-11418,11418,2026-09-11,SEC-B02,Akola–Bhusawal,PASSENGER,2026-09-11 21:03:23.000573,2026-09-11 21:38:23.000573,4,DN,SCHEDULED
TR-11419,11419,2026-09-11,SEC-B02,Akola–Bhusawal,PASSENGER,2026-09-11 22:23:04.934813,2026-09-11 23:08:04.934813,18,UP,RUNNING
TR-11420,11420,2026-09-11,SEC-C01,Bhusawal–Jalgaon,EXPRESS,2026-09-11 23:57:43.097185,2026-09-12 00:37:43.097185,16,DN,RUNNING
TR-11421,11421,2026-09-11,SEC-C01,Bhusawal–Jalgaon,FREIGHT,2026-09-11 02:34:37.786957,2026-09-11 03:09:37.786957,6,UP,DELAYED
TR-11422,11422,2026-09-11,SEC-C01,Bhusawal–Jalgaon,EXPRESS,2026-09-11 04:53:34.821442,2026-09-11 05:18:34.821442,10,UP,DELAYED
TR-11423,11423,2026-09-11,SEC-C01,Bhusawal–Jalgaon,PASSENGER,2026-09-11 07:09:57.993753,2026-09-11 07:49:57.993753,8,UP,RUNNING
TR-11424,11424,2026-09-11,SEC-C01,Bhusawal–Jalgaon,FREIGHT,2026-09-11 09:45:10.203051,2026-09-11 10:15:10.203051,17,UP,DELAYED
TR-11425,11425,2026-09-11,SEC-C01,Bhusawal–Jalgaon,EXPRESS,2026-09-11 12:01:01.168658,2026-09-11 12:36:01.168658,0,DN,RUNNING
TR-11426,11426,2026-09-11,SEC-C01,Bhusawal–Jalgaon,PASSENGER,2026-09-11 14:25:51.849214,2026-09-11 15:10:51.849214,8,UP,SCHEDULED
TR-11427,11427,2026-09-11,SEC-C01,Bhusawal–Jalgaon,FREIGHT,2026-09-11 16:34:48.065480,2026-09-11 17:09:48.065480,15,UP,RUNNING
TR-11428,11428,2026-09-11,SEC-C01,Bhusawal–Jalgaon,FREIGHT,2026-09-11 19:19:20.267797,2026-09-11 19:54:20.267797,0,DN,RUNNING
TR-11429,11429,2026-09-11,SEC-C01,Bhusawal–Jalgaon,FREIGHT,2026-09-11 21:21:35.703601,2026-09-11 21:46:35.703601,0,UP,DELAYED
TR-11430,11430,2026-09-12,SEC-A01,Nagpur–Wardha,PASSENGER,2026-09-12 00:02:16.610023,2026-09-12 00:47:16.610023,0,DN,RUNNING
TR-11431,11431,2026-09-12,SEC-A01,Nagpur–Wardha,FREIGHT,2026-09-12 01:00:12.435243,2026-09-12 01:45:12.435243,6,DN,SCHEDULED
TR-11432,11432,2026-09-12,SEC-A01,Nagpur–Wardha,FREIGHT,2026-09-12 02:07:20.473252,2026-09-12 02:42:20.473252,13,UP,SCHEDULED
TR-11433,11433,2026-09-12,SEC-A01,Nagpur–Wardha,FREIGHT,2026-09-12 03:20:34.863357,2026-09-12 03:55:34.863357,18,DN,SCHEDULED
TR-11434,11434,2026-09-12,SEC-A01,Nagpur–Wardha,PASSENGER,2026-09-12 04:09:11.492379,2026-09-12 04:44:11.492379,4,DN,RUNNING
TR-11435,11435,2026-09-12,SEC-A01,Nagpur–Wardha,FREIGHT,2026-09-12 05:33:35.143910,2026-09-12 06:18:35.143910,19,DN,RUNNING
TR-11436,11436,2026-09-12,SEC-A01,Nagpur–Wardha,EXPRESS,2026-09-12 06:41:09.389630,2026-09-12 07:16:09.389630,0,DN,RUNNING
TR-11437,11437,2026-09-12,SEC-A01,Nagpur–Wardha,PASSENGER,2026-09-12 07:28:12.081684,2026-09-12 07:53:12.081684,0,UP,RUNNING
TR-11438,11438,2026-09-12,SEC-A01,Nagpur–Wardha,PASSENGER,2026-09-12 08:56:50.969025,2026-09-12 09:21:50.969025,3,DN,SCHEDULED
TR-11439,11439,2026-09-12,SEC-A01,Nagpur–Wardha,FREIGHT,2026-09-12 09:36:57.451240,2026-09-12 10:16:57.451240,10,UP,RUNNING
TR-11440,11440,2026-09-12,SEC-A01,Nagpur–Wardha,PASSENGER,2026-09-12 10:55:15.896297,2026-09-12 11:20:15.896297,3,UP,SCHEDULED
TR-11441,11441,2026-09-12,SEC-A01,Nagpur–Wardha,PASSENGER,2026-09-12 12:04:38.698816,2026-09-12 12:44:38.698816,0,UP,RUNNING
TR-11442,11442,2026-09-12,SEC-A01,Nagpur–Wardha,PASSENGER,2026-09-12 13:03:44.961496,2026-09-12 13:33:44.961496,3,UP,SCHEDULED
TR-11443,11443,2026-09-12,SEC-A01,Nagpur–Wardha,EXPRESS,2026-09-12 13:56:57.824420,2026-09-12 14:31:57.824420,0,DN,RUNNING
TR-11444,11444,2026-09-12,SEC-A01,Nagpur–Wardha,EXPRESS,2026-09-12 15:15:22.766440,2026-09-12 16:00:22.766440,8,DN,SCHEDULED
TR-11445,11445,2026-09-12,SEC-A01,Nagpur–Wardha,PASSENGER,2026-09-12 16:35:54.266985,2026-09-12 17:20:54.266985,6,DN,DELAYED
TR-11446,11446,2026-09-12,SEC-A01,Nagpur–Wardha,PASSENGER,2026-09-12 17:25:19.322905,2026-09-12 18:10:19.322905,0,DN,RUNNING
TR-11447,11447,2026-09-12,SEC-A01,Nagpur–Wardha,FREIGHT,2026-09-12 18:33:55.038983,2026-09-12 18:58:55.038983,4,DN,RUNNING
TR-11448,11448,2026-09-12,SEC-A01,Nagpur–Wardha,PASSENGER,2026-09-12 19:30:58.561770,2026-09-12 20:05:58.561770,0,UP,RUNNING
TR-11449,11449,2026-09-12,SEC-A01,Nagpur–Wardha,PASSENGER,2026-09-12 20:37:14.353865,2026-09-12 21:22:14.353865,3,DN,RUNNING
TR-11450,11450,2026-09-12,SEC-A01,Nagpur–Wardha,EXPRESS,2026-09-12 21:43:04.753478,2026-09-12 22:23:04.753478,10,UP,SCHEDULED
TR-11451,11451,2026-09-12,SEC-A01,Nagpur–Wardha,FREIGHT,2026-09-12 22:55:59.509225,2026-09-12 23:25:59.509225,1,DN,RUNNING
TR-11452,11452,2026-09-12,SEC-A02,Wardha–Badnera,EXPRESS,2026-09-12 23:52:29.813012,2026-09-13 00:32:29.813012,7,UP,RUNNING
TR-11453,11453,2026-09-12,SEC-A02,Wardha–Badnera,FREIGHT,2026-09-12 00:52:49.850247,2026-09-12 01:22:49.850247,4,DN,RUNNING
TR-11454,11454,2026-09-12,SEC-A02,Wardha–Badnera,EXPRESS,2026-09-12 02:15:21.768128,2026-09-12 03:00:21.768128,0,DN,SCHEDULED
TR-11455,11455,2026-09-12,SEC-A02,Wardha–Badnera,PASSENGER,2026-09-12 03:26:58.085824,2026-09-12 03:56:58.085824,3,UP,RUNNING
TR-11456,11456,2026-09-12,SEC-A02,Wardha–Badnera,EXPRESS,2026-09-12 04:25:21.003854,2026-09-12 05:00:21.003854,0,DN,SCHEDULED
TR-11457,11457,2026-09-12,SEC-A02,Wardha–Badnera,PASSENGER,2026-09-12 05:21:53.522338,2026-09-12 05:51:53.522338,0,UP,SCHEDULED
TR-11458,11458,2026-09-12,SEC-A02,Wardha–Badnera,PASSENGER,2026-09-12 06:46:53.835053,2026-09-12 07:21:53.835053,0,DN,SCHEDULED
TR-11459,11459,2026-09-12,SEC-A02,Wardha–Badnera,PASSENGER,2026-09-12 07:30:09.967987,2026-09-12 08:00:09.967987,17,UP,RUNNING
TR-11460,11460,2026-09-12,SEC-A02,Wardha–Badnera,SPECIAL,2026-09-12 08:41:14.619267,2026-09-12 09:21:14.619267,4,DN,SCHEDULED
TR-11461,11461,2026-09-12,SEC-A02,Wardha–Badnera,PASSENGER,2026-09-12 09:43:59.902110,2026-09-12 10:13:59.902110,0,DN,SCHEDULED
TR-11462,11462,2026-09-12,SEC-A02,Wardha–Badnera,PASSENGER,2026-09-12 10:55:50.472784,2026-09-12 11:25:50.472784,5,DN,RUNNING
TR-11463,11463,2026-09-12,SEC-A02,Wardha–Badnera,SPECIAL,2026-09-12 12:09:50.853685,2026-09-12 12:34:50.853685,3,UP,RUNNING
TR-11464,11464,2026-09-12,SEC-A02,Wardha–Badnera,PASSENGER,2026-09-12 13:13:35.478327,2026-09-12 13:53:35.478327,2,UP,SCHEDULED
TR-11465,11465,2026-09-12,SEC-A02,Wardha–Badnera,FREIGHT,2026-09-12 14:09:44.047798,2026-09-12 14:34:44.047798,12,UP,RUNNING
TR-11466,11466,2026-09-12,SEC-A02,Wardha–Badnera,EXPRESS,2026-09-12 15:13:02.239511,2026-09-12 15:48:02.239511,9,UP,SCHEDULED
TR-11467,11467,2026-09-12,SEC-A02,Wardha–Badnera,FREIGHT,2026-09-12 16:29:09.595151,2026-09-12 17:14:09.595151,4,DN,RUNNING
TR-11468,11468,2026-09-12,SEC-A02,Wardha–Badnera,FREIGHT,2026-09-12 17:31:25.699658,2026-09-12 18:01:25.699658,3,UP,SCHEDULED
TR-11469,11469,2026-09-12,SEC-A02,Wardha–Badnera,FREIGHT,2026-09-12 18:46:55.529672,2026-09-12 19:16:55.529672,6,DN,SCHEDULED
TR-11470,11470,2026-09-12,SEC-A02,Wardha–Badnera,FREIGHT,2026-09-12 19:28:12.157732,2026-09-12 20:03:12.157732,0,DN,SCHEDULED
TR-11471,11471,2026-09-12,SEC-A02,Wardha–Badnera,FREIGHT,2026-09-12 20:28:54.255559,2026-09-12 20:53:54.255559,0,DN,DELAYED
TR-11472,11472,2026-09-12,SEC-A02,Wardha–Badnera,PASSENGER,2026-09-12 21:38:44.440042,2026-09-12 22:03:44.440042,13,DN,SCHEDULED
TR-11473,11473,2026-09-12,SEC-A02,Wardha–Badnera,EXPRESS,2026-09-12 23:00:07.427631,2026-09-12 23:35:07.427631,15,UP,SCHEDULED
TR-11474,11474,2026-09-12,SEC-B01,Badnera–Akola,EXPRESS,2026-09-12 23:55:39.931816,2026-09-13 00:25:39.931816,2,UP,SCHEDULED
TR-11475,11475,2026-09-12,SEC-B01,Badnera–Akola,SPECIAL,2026-09-12 01:29:38.117187,2026-09-12 02:04:38.117187,8,DN,RUNNING
TR-11476,11476,2026-09-12,SEC-B01,Badnera–Akola,FREIGHT,2026-09-12 03:06:59.739897,2026-09-12 03:31:59.739897,10,DN,SCHEDULED
TR-11477,11477,2026-09-12,SEC-B01,Badnera–Akola,FREIGHT,2026-09-12 04:22:31.253234,2026-09-12 04:47:31.253234,29,DN,DELAYED
TR-11478,11478,2026-09-12,SEC-B01,Badnera–Akola,PASSENGER,2026-09-12 05:53:50.486274,2026-09-12 06:33:50.486274,11,UP,DELAYED
TR-11479,11479,2026-09-12,SEC-B01,Badnera–Akola,PASSENGER,2026-09-12 07:25:25.796422,2026-09-12 08:05:25.796422,3,UP,SCHEDULED
TR-11480,11480,2026-09-12,SEC-B01,Badnera–Akola,PASSENGER,2026-09-12 09:00:56.047375,2026-09-12 09:40:56.047375,0,DN,DELAYED
TR-11481,11481,2026-09-12,SEC-B01,Badnera–Akola,EXPRESS,2026-09-12 10:26:00.802873,2026-09-12 10:51:00.802873,0,DN,SCHEDULED
TR-11482,11482,2026-09-12,SEC-B01,Badnera–Akola,EXPRESS,2026-09-12 12:11:29.278271,2026-09-12 12:56:29.278271,5,UP,RUNNING
TR-11483,11483,2026-09-12,SEC-B01,Badnera–Akola,EXPRESS,2026-09-12 13:36:37.806413,2026-09-12 14:21:37.806413,0,UP,DELAYED
TR-11484,11484,2026-09-12,SEC-B01,Badnera–Akola,PASSENGER,2026-09-12 15:05:29.803529,2026-09-12 15:50:29.803529,0,DN,RUNNING
TR-11485,11485,2026-09-12,SEC-B01,Badnera–Akola,PASSENGER,2026-09-12 16:27:17.648150,2026-09-12 17:02:17.648150,0,UP,SCHEDULED
TR-11486,11486,2026-09-12,SEC-B01,Badnera–Akola,PASSENGER,2026-09-12 18:10:03.348044,2026-09-12 18:40:03.348044,0,UP,SCHEDULED
TR-11487,11487,2026-09-12,SEC-B01,Badnera–Akola,PASSENGER,2026-09-12 19:18:12.699303,2026-09-12 19:48:12.699303,15,DN,RUNNING
TR-11488,11488,2026-09-12,SEC-B01,Badnera–Akola,PASSENGER,2026-09-12 21:00:46.478453,2026-09-12 21:45:46.478453,10,DN,SCHEDULED
TR-11489,11489,2026-09-12,SEC-B01,Badnera–Akola,PASSENGER,2026-09-12 22:33:10.716524,2026-09-12 22:58:10.716524,3,UP,RUNNING
TR-11490,11490,2026-09-12,SEC-B02,Akola–Bhusawal,FREIGHT,2026-09-12 00:12:51.126695,2026-09-12 00:37:51.126695,18,UP,RUNNING
TR-11491,11491,2026-09-12,SEC-B02,Akola–Bhusawal,EXPRESS,2026-09-12 01:31:44.435801,2026-09-12 02:11:44.435801,4,UP,DELAYED
TR-11492,11492,2026-09-12,SEC-B02,Akola–Bhusawal,EXPRESS,2026-09-12 02:52:58.468142,2026-09-12 03:17:58.468142,0,DN,SCHEDULED
TR-11493,11493,2026-09-12,SEC-B02,Akola–Bhusawal,PASSENGER,2026-09-12 04:43:20.286268,2026-09-12 05:28:20.286268,14,UP,DELAYED
TR-11494,11494,2026-09-12,SEC-B02,Akola–Bhusawal,FREIGHT,2026-09-12 05:56:33.595959,2026-09-12 06:26:33.595959,11,UP,DELAYED
TR-11495,11495,2026-09-12,SEC-B02,Akola–Bhusawal,FREIGHT,2026-09-12 07:33:45.585096,2026-09-12 08:03:45.585096,0,DN,SCHEDULED
TR-11496,11496,2026-09-12,SEC-B02,Akola–Bhusawal,FREIGHT,2026-09-12 09:07:59.310156,2026-09-12 09:52:59.310156,6,DN,RUNNING
TR-11497,11497,2026-09-12,SEC-B02,Akola–Bhusawal,EXPRESS,2026-09-12 10:41:29.083235,2026-09-12 11:11:29.083235,0,DN,DELAYED
TR-11498,11498,2026-09-12,SEC-B02,Akola–Bhusawal,FREIGHT,2026-09-12 11:55:07.523167,2026-09-12 12:25:07.523167,0,DN,RUNNING
TR-11499,11499,2026-09-12,SEC-B02,Akola–Bhusawal,SPECIAL,2026-09-12 13:42:04.472947,2026-09-12 14:27:04.472947,10,DN,RUNNING
TR-11500,11500,2026-09-12,SEC-B02,Akola–Bhusawal,EXPRESS,2026-09-12 14:57:22.217925,2026-09-12 15:37:22.217925,17,DN,DELAYED
TR-11501,11501,2026-09-12,SEC-B02,Akola–Bhusawal,PASSENGER,2026-09-12 16:22:13.300601,2026-09-12 17:07:13.300601,0,DN,RUNNING
TR-11502,11502,2026-09-12,SEC-B02,Akola–Bhusawal,SPECIAL,2026-09-12 18:13:50.973196,2026-09-12 18:53:50.973196,7,UP,SCHEDULED
TR-11503,11503,2026-09-12,SEC-B02,Akola–Bhusawal,PASSENGER,2026-09-12 19:44:29.321648,2026-09-12 20:29:29.321648,0,UP,RUNNING
TR-11504,11504,2026-09-12,SEC-B02,Akola–Bhusawal,PASSENGER,2026-09-12 20:45:11.823892,2026-09-12 21:15:11.823892,0,DN,SCHEDULED
TR-11505,11505,2026-09-12,SEC-B02,Akola–Bhusawal,EXPRESS,2026-09-12 22:38:08.741530,2026-09-12 23:13:08.741530,0,UP,SCHEDULED
TR-11506,11506,2026-09-12,SEC-C01,Bhusawal–Jalgaon,PASSENGER,2026-09-12 23:46:07.925340,2026-09-13 00:21:07.925340,0,DN,RUNNING
TR-11507,11507,2026-09-12,SEC-C01,Bhusawal–Jalgaon,PASSENGER,2026-09-12 02:35:41.325634,2026-09-12 03:05:41.325634,4,DN,SCHEDULED
TR-11508,11508,2026-09-12,SEC-C01,Bhusawal–Jalgaon,EXPRESS,2026-09-12 04:50:06.876887,2026-09-12 05:35:06.876887,0,UP,RUNNING
TR-11509,11509,2026-09-12,SEC-C01,Bhusawal–Jalgaon,FREIGHT,2026-09-12 07:20:47.227550,2026-09-12 07:50:47.227550,9,UP,DELAYED
TR-11510,11510,2026-09-12,SEC-C01,Bhusawal–Jalgaon,EXPRESS,2026-09-12 09:40:16.058321,2026-09-12 10:05:16.058321,3,DN,SCHEDULED
TR-11511,11511,2026-09-12,SEC-C01,Bhusawal–Jalgaon,PASSENGER,2026-09-12 12:08:24.219434,2026-09-12 12:43:24.219434,2,DN,RUNNING
TR-11512,11512,2026-09-12,SEC-C01,Bhusawal–Jalgaon,EXPRESS,2026-09-12 14:36:54.442951,2026-09-12 15:01:54.442951,0,UP,DELAYED
TR-11513,11513,2026-09-12,SEC-C01,Bhusawal–Jalgaon,PASSENGER,2026-09-12 17:00:51.575698,2026-09-12 17:40:51.575698,0,UP,RUNNING
TR-11514,11514,2026-09-12,SEC-C01,Bhusawal–Jalgaon,PASSENGER,2026-09-12 19:13:11.873513,2026-09-12 19:43:11.873513,9,UP,SCHEDULED
TR-11515,11515,2026-09-12,SEC-C01,Bhusawal–Jalgaon,SPECIAL,2026-09-12 21:22:30.935665,2026-09-12 22:02:30.935665,7,UP,SCHEDULED
TR-11516,11516,2026-09-13,SEC-A01,Nagpur–Wardha,PASSENGER,2026-09-13 23:57:57.484206,2026-09-14 00:37:57.484206,0,DN,SCHEDULED
TR-11517,11517,2026-09-13,SEC-A01,Nagpur–Wardha,FREIGHT,2026-09-13 01:04:43.811105,2026-09-13 01:29:43.811105,8,DN,SCHEDULED
TR-11518,11518,2026-09-13,SEC-A01,Nagpur–Wardha,EXPRESS,2026-09-13 02:07:51.894122,2026-09-13 02:47:51.894122,9,UP,SCHEDULED
TR-11519,11519,2026-09-13,SEC-A01,Nagpur–Wardha,FREIGHT,2026-09-13 03:15:47.478685,2026-09-13 03:45:47.478685,0,UP,DELAYED
TR-11520,11520,2026-09-13,SEC-A01,Nagpur–Wardha,PASSENGER,2026-09-13 04:25:17.885217,2026-09-13 05:10:17.885217,7,UP,RUNNING
TR-11521,11521,2026-09-13,SEC-A01,Nagpur–Wardha,FREIGHT,2026-09-13 05:35:34.553054,2026-09-13 06:10:34.553054,3,UP,SCHEDULED
TR-11522,11522,2026-09-13,SEC-A01,Nagpur–Wardha,FREIGHT,2026-09-13 06:37:52.781960,2026-09-13 07:17:52.781960,11,UP,RUNNING
TR-11523,11523,2026-09-13,SEC-A01,Nagpur–Wardha,EXPRESS,2026-09-13 07:33:31.053928,2026-09-13 07:58:31.053928,0,UP,RUNNING
TR-11524,11524,2026-09-13,SEC-A01,Nagpur–Wardha,FREIGHT,2026-09-13 08:47:07.379608,2026-09-13 09:27:07.379608,0,DN,SCHEDULED
TR-11525,11525,2026-09-13,SEC-A01,Nagpur–Wardha,PASSENGER,2026-09-13 10:01:49.038318,2026-09-13 10:31:49.038318,0,DN,SCHEDULED
TR-11526,11526,2026-09-13,SEC-A01,Nagpur–Wardha,PASSENGER,2026-09-13 11:02:16.648081,2026-09-13 11:27:16.648081,4,UP,SCHEDULED
TR-11527,11527,2026-09-13,SEC-A01,Nagpur–Wardha,EXPRESS,2026-09-13 12:13:28.093647,2026-09-13 12:43:28.093647,5,DN,SCHEDULED
TR-11528,11528,2026-09-13,SEC-A01,Nagpur–Wardha,PASSENGER,2026-09-13 13:00:45.161198,2026-09-13 13:25:45.161198,0,DN,SCHEDULED
TR-11529,11529,2026-09-13,SEC-A01,Nagpur–Wardha,PASSENGER,2026-09-13 14:05:51.923549,2026-09-13 14:50:51.923549,8,DN,DELAYED
TR-11530,11530,2026-09-13,SEC-A01,Nagpur–Wardha,FREIGHT,2026-09-13 15:15:51.265576,2026-09-13 15:45:51.265576,0,UP,RUNNING
TR-11531,11531,2026-09-13,SEC-A01,Nagpur–Wardha,PASSENGER,2026-09-13 16:24:18.499807,2026-09-13 17:09:18.499807,3,UP,SCHEDULED
TR-11532,11532,2026-09-13,SEC-A01,Nagpur–Wardha,PASSENGER,2026-09-13 17:20:47.588010,2026-09-13 18:05:47.588010,0,DN,SCHEDULED
TR-11533,11533,2026-09-13,SEC-A01,Nagpur–Wardha,FREIGHT,2026-09-13 18:19:43.512390,2026-09-13 18:54:43.512390,3,DN,SCHEDULED
TR-11534,11534,2026-09-13,SEC-A01,Nagpur–Wardha,PASSENGER,2026-09-13 19:23:45.250074,2026-09-13 20:03:45.250074,4,DN,DELAYED
TR-11535,11535,2026-09-13,SEC-A01,Nagpur–Wardha,EXPRESS,2026-09-13 20:57:56.083310,2026-09-13 21:22:56.083310,0,DN,DELAYED
TR-11536,11536,2026-09-13,SEC-A01,Nagpur–Wardha,PASSENGER,2026-09-13 21:50:02.263707,2026-09-13 22:20:02.263707,1,DN,DELAYED
TR-11537,11537,2026-09-13,SEC-A01,Nagpur–Wardha,PASSENGER,2026-09-13 23:07:20.157224,2026-09-13 23:32:20.157224,11,DN,RUNNING
TR-11538,11538,2026-09-13,SEC-A02,Wardha–Badnera,PASSENGER,2026-09-13 23:59:41.879122,2026-09-14 00:29:41.879122,0,DN,RUNNING
TR-11539,11539,2026-09-13,SEC-A02,Wardha–Badnera,SPECIAL,2026-09-13 01:09:12.688474,2026-09-13 01:39:12.688474,9,DN,SCHEDULED
TR-11540,11540,2026-09-13,SEC-A02,Wardha–Badnera,EXPRESS,2026-09-13 02:14:40.971709,2026-09-13 02:54:40.971709,0,UP,DELAYED
TR-11541,11541,2026-09-13,SEC-A02,Wardha–Badnera,PASSENGER,2026-09-13 03:29:50.227735,2026-09-13 03:59:50.227735,7,DN,SCHEDULED
TR-11542,11542,2026-09-13,SEC-A02,Wardha–Badnera,FREIGHT,2026-09-13 04:09:27.121940,2026-09-13 04:49:27.121940,18,UP,RUNNING
TR-11543,11543,2026-09-13,SEC-A02,Wardha–Badnera,FREIGHT,2026-09-13 05:19:29.013091,2026-09-13 05:49:29.013091,0,DN,DELAYED
TR-11544,11544,2026-09-13,SEC-A02,Wardha–Badnera,PASSENGER,2026-09-13 06:27:36.348893,2026-09-13 07:12:36.348893,0,UP,DELAYED
TR-11545,11545,2026-09-13,SEC-A02,Wardha–Badnera,EXPRESS,2026-09-13 07:39:25.345979,2026-09-13 08:09:25.345979,8,DN,DELAYED
TR-11546,11546,2026-09-13,SEC-A02,Wardha–Badnera,SPECIAL,2026-09-13 08:55:55.394706,2026-09-13 09:35:55.394706,2,UP,DELAYED
TR-11547,11547,2026-09-13,SEC-A02,Wardha–Badnera,PASSENGER,2026-09-13 10:01:36.256363,2026-09-13 10:36:36.256363,6,UP,SCHEDULED
TR-11548,11548,2026-09-13,SEC-A02,Wardha–Badnera,EXPRESS,2026-09-13 10:49:04.402933,2026-09-13 11:19:04.402933,0,DN,RUNNING
TR-11549,11549,2026-09-13,SEC-A02,Wardha–Badnera,FREIGHT,2026-09-13 12:13:50.153137,2026-09-13 12:48:50.153137,8,DN,SCHEDULED
TR-11550,11550,2026-09-13,SEC-A02,Wardha–Badnera,PASSENGER,2026-09-13 13:13:49.666920,2026-09-13 13:38:49.666920,2,UP,DELAYED
TR-11551,11551,2026-09-13,SEC-A02,Wardha–Badnera,FREIGHT,2026-09-13 14:14:25.049164,2026-09-13 14:59:25.049164,16,UP,DELAYED
TR-11552,11552,2026-09-13,SEC-A02,Wardha–Badnera,FREIGHT,2026-09-13 15:08:19.746744,2026-09-13 15:33:19.746744,9,DN,SCHEDULED
TR-11553,11553,2026-09-13,SEC-A02,Wardha–Badnera,FREIGHT,2026-09-13 16:21:53.275167,2026-09-13 17:06:53.275167,10,DN,SCHEDULED
TR-11554,11554,2026-09-13,SEC-A02,Wardha–Badnera,FREIGHT,2026-09-13 17:37:50.196615,2026-09-13 18:17:50.196615,5,UP,SCHEDULED
TR-11555,11555,2026-09-13,SEC-A02,Wardha–Badnera,EXPRESS,2026-09-13 18:24:30.927872,2026-09-13 19:04:30.927872,0,UP,RUNNING
TR-11556,11556,2026-09-13,SEC-A02,Wardha–Badnera,EXPRESS,2026-09-13 19:51:41.265567,2026-09-13 20:21:41.265567,0,UP,SCHEDULED
TR-11557,11557,2026-09-13,SEC-A02,Wardha–Badnera,EXPRESS,2026-09-13 20:30:37.227202,2026-09-13 21:10:37.227202,6,DN,RUNNING
TR-11558,11558,2026-09-13,SEC-A02,Wardha–Badnera,FREIGHT,2026-09-13 22:00:05.649375,2026-09-13 22:30:05.649375,5,UP,DELAYED
TR-11559,11559,2026-09-13,SEC-A02,Wardha–Badnera,EXPRESS,2026-09-13 23:01:36.324477,2026-09-13 23:41:36.324477,6,DN,DELAYED
TR-11560,11560,2026-09-13,SEC-B01,Badnera–Akola,FREIGHT,2026-09-13 00:13:10.450440,2026-09-13 00:58:10.450440,22,UP,DELAYED
TR-11561,11561,2026-09-13,SEC-B01,Badnera–Akola,EXPRESS,2026-09-13 01:18:16.769327,2026-09-13 01:58:16.769327,10,UP,SCHEDULED
TR-11562,11562,2026-09-13,SEC-B01,Badnera–Akola,SPECIAL,2026-09-13 03:00:33.664775,2026-09-13 03:40:33.664775,1,UP,DELAYED
TR-11563,11563,2026-09-13,SEC-B01,Badnera–Akola,PASSENGER,2026-09-13 04:26:37.316133,2026-09-13 04:51:37.316133,12,DN,RUNNING
TR-11564,11564,2026-09-13,SEC-B01,Badnera–Akola,FREIGHT,2026-09-13 06:11:31.915637,2026-09-13 06:46:31.915637,5,DN,RUNNING
TR-11565,11565,2026-09-13,SEC-B01,Badnera–Akola,FREIGHT,2026-09-13 07:33:23.641703,2026-09-13 07:58:23.641703,0,UP,RUNNING
TR-11566,11566,2026-09-13,SEC-B01,Badnera–Akola,PASSENGER,2026-09-13 09:09:53.808308,2026-09-13 09:49:53.808308,0,UP,SCHEDULED
TR-11567,11567,2026-09-13,SEC-B01,Badnera–Akola,PASSENGER,2026-09-13 10:38:21.716055,2026-09-13 11:23:21.716055,0,DN,RUNNING
TR-11568,11568,2026-09-13,SEC-B01,Badnera–Akola,FREIGHT,2026-09-13 11:58:31.594539,2026-09-13 12:28:31.594539,5,UP,RUNNING
TR-11569,11569,2026-09-13,SEC-B01,Badnera–Akola,FREIGHT,2026-09-13 13:17:42.323390,2026-09-13 13:52:42.323390,8,UP,SCHEDULED
TR-11570,11570,2026-09-13,SEC-B01,Badnera–Akola,FREIGHT,2026-09-13 14:47:44.144233,2026-09-13 15:27:44.144233,19,UP,DELAYED
TR-11571,11571,2026-09-13,SEC-B01,Badnera–Akola,FREIGHT,2026-09-13 16:36:13.102414,2026-09-13 17:21:13.102414,10,UP,RUNNING
TR-11572,11572,2026-09-13,SEC-B01,Badnera–Akola,EXPRESS,2026-09-13 18:01:30.622594,2026-09-13 18:26:30.622594,2,DN,DELAYED
TR-11573,11573,2026-09-13,SEC-B01,Badnera–Akola,PASSENGER,2026-09-13 19:41:08.349726,2026-09-13 20:11:08.349726,9,UP,SCHEDULED
TR-11574,11574,2026-09-13,SEC-B01,Badnera–Akola,FREIGHT,2026-09-13 21:08:04.482234,2026-09-13 21:33:04.482234,0,DN,RUNNING
TR-11575,11575,2026-09-13,SEC-B01,Badnera–Akola,PASSENGER,2026-09-13 22:23:39.804967,2026-09-13 22:53:39.804967,5,UP,SCHEDULED
TR-11576,11576,2026-09-13,SEC-B02,Akola–Bhusawal,PASSENGER,2026-09-13 23:45:06.359217,2026-09-14 00:20:06.359217,9,DN,RUNNING
TR-11577,11577,2026-09-13,SEC-B02,Akola–Bhusawal,FREIGHT,2026-09-13 01:31:18.302087,2026-09-13 01:56:18.302087,0,DN,SCHEDULED
TR-11578,11578,2026-09-13,SEC-B02,Akola–Bhusawal,FREIGHT,2026-09-13 02:51:30.372919,2026-09-13 03:31:30.372919,16,DN,SCHEDULED
TR-11579,11579,2026-09-13,SEC-B02,Akola–Bhusawal,PASSENGER,2026-09-13 04:33:02.189820,2026-09-13 04:58:02.189820,6,DN,DELAYED
TR-11580,11580,2026-09-13,SEC-B02,Akola–Bhusawal,PASSENGER,2026-09-13 06:03:51.543766,2026-09-13 06:33:51.543766,1,UP,SCHEDULED
TR-11581,11581,2026-09-13,SEC-B02,Akola–Bhusawal,PASSENGER,2026-09-13 07:34:35.898381,2026-09-13 07:59:35.898381,8,UP,DELAYED
TR-11582,11582,2026-09-13,SEC-B02,Akola–Bhusawal,PASSENGER,2026-09-13 09:10:08.425984,2026-09-13 09:45:08.425984,19,UP,SCHEDULED
TR-11583,11583,2026-09-13,SEC-B02,Akola–Bhusawal,PASSENGER,2026-09-13 10:18:15.997762,2026-09-13 10:48:15.997762,5,DN,DELAYED
TR-11584,11584,2026-09-13,SEC-B02,Akola–Bhusawal,FREIGHT,2026-09-13 12:04:49.664300,2026-09-13 12:49:49.664300,9,UP,RUNNING
TR-11585,11585,2026-09-13,SEC-B02,Akola–Bhusawal,EXPRESS,2026-09-13 13:37:28.802656,2026-09-13 14:12:28.802656,0,UP,RUNNING
TR-11586,11586,2026-09-13,SEC-B02,Akola–Bhusawal,EXPRESS,2026-09-13 14:54:41.079332,2026-09-13 15:34:41.079332,0,DN,DELAYED
TR-11587,11587,2026-09-13,SEC-B02,Akola–Bhusawal,PASSENGER,2026-09-13 16:16:56.866560,2026-09-13 16:56:56.866560,9,DN,RUNNING
TR-11588,11588,2026-09-13,SEC-B02,Akola–Bhusawal,PASSENGER,2026-09-13 18:00:48.694920,2026-09-13 18:45:48.694920,0,UP,DELAYED
TR-11589,11589,2026-09-13,SEC-B02,Akola–Bhusawal,EXPRESS,2026-09-13 19:16:44.732257,2026-09-13 20:01:44.732257,4,UP,RUNNING
TR-11590,11590,2026-09-13,SEC-B02,Akola–Bhusawal,EXPRESS,2026-09-13 21:06:43.333448,2026-09-13 21:51:43.333448,0,DN,RUNNING
TR-11591,11591,2026-09-13,SEC-B02,Akola–Bhusawal,PASSENGER,2026-09-13 22:33:15.920292,2026-09-13 23:08:15.920292,7,DN,SCHEDULED
TR-11592,11592,2026-09-13,SEC-C01,Bhusawal–Jalgaon,FREIGHT,2026-09-13 00:03:25.721966,2026-09-13 00:43:25.721966,10,DN,RUNNING
TR-11593,11593,2026-09-13,SEC-C01,Bhusawal–Jalgaon,PASSENGER,2026-09-13 02:33:14.364648,2026-09-13 03:18:14.364648,11,DN,SCHEDULED
TR-11594,11594,2026-09-13,SEC-C01,Bhusawal–Jalgaon,FREIGHT,2026-09-13 04:33:02.845651,2026-09-13 04:58:02.845651,4,UP,SCHEDULED
TR-11595,11595,2026-09-13,SEC-C01,Bhusawal–Jalgaon,FREIGHT,2026-09-13 07:20:59.215832,2026-09-13 08:00:59.215832,6,DN,RUNNING
TR-11596,11596,2026-09-13,SEC-C01,Bhusawal–Jalgaon,PASSENGER,2026-09-13 09:37:48.747909,2026-09-13 10:07:48.747909,0,UP,RUNNING
TR-11597,11597,2026-09-13,SEC-C01,Bhusawal–Jalgaon,PASSENGER,2026-09-13 11:52:37.951540,2026-09-13 12:17:37.951540,0,DN,SCHEDULED
TR-11598,11598,2026-09-13,SEC-C01,Bhusawal–Jalgaon,PASSENGER,2026-09-13 14:12:24.906173,2026-09-13 14:47:24.906173,6,UP,SCHEDULED
TR-11599,11599,2026-09-13,SEC-C01,Bhusawal–Jalgaon,EXPRESS,2026-09-13 16:38:49.228044,2026-09-13 17:13:49.228044,9,DN,RUNNING
TR-11600,11600,2026-09-13,SEC-C01,Bhusawal–Jalgaon,FREIGHT,2026-09-13 19:20:55.057891,2026-09-13 19:50:55.057891,1,DN,DELAYED
TR-11601,11601,2026-09-13,SEC-C01,Bhusawal–Jalgaon,EXPRESS,2026-09-13 21:47:52.671483,2026-09-13 22:27:52.671483,10,DN,SCHEDULED
TR-11602,11602,2026-09-14,SEC-A01,Nagpur–Wardha,FREIGHT,2026-09-14 00:10:03.190325,2026-09-14 00:45:03.190325,17,DN,DELAYED
TR-11603,11603,2026-09-14,SEC-A01,Nagpur–Wardha,FREIGHT,2026-09-14 01:06:31.866584,2026-09-14 01:36:31.866584,10,DN,RUNNING
TR-11604,11604,2026-09-14,SEC-A01,Nagpur–Wardha,PASSENGER,2026-09-14 01:57:53.728929,2026-09-14 02:27:53.728929,17,UP,RUNNING
TR-11605,11605,2026-09-14,SEC-A01,Nagpur–Wardha,EXPRESS,2026-09-14 03:30:52.331966,2026-09-14 04:15:52.331966,0,DN,SCHEDULED
TR-11606,11606,2026-09-14,SEC-A01,Nagpur–Wardha,EXPRESS,2026-09-14 04:24:40.436270,2026-09-14 04:59:40.436270,0,DN,SCHEDULED
TR-11607,11607,2026-09-14,SEC-A01,Nagpur–Wardha,FREIGHT,2026-09-14 05:20:25.058986,2026-09-14 05:45:25.058986,0,UP,RUNNING
TR-11608,11608,2026-09-14,SEC-A01,Nagpur–Wardha,PASSENGER,2026-09-14 06:31:17.067757,2026-09-14 07:06:17.067757,14,DN,SCHEDULED
TR-11609,11609,2026-09-14,SEC-A01,Nagpur–Wardha,EXPRESS,2026-09-14 07:26:32.925381,2026-09-14 07:51:32.925381,8,UP,RUNNING
TR-11610,11610,2026-09-14,SEC-A01,Nagpur–Wardha,EXPRESS,2026-09-14 08:43:48.972265,2026-09-14 09:23:48.972265,3,UP,SCHEDULED
TR-11611,11611,2026-09-14,SEC-A01,Nagpur–Wardha,EXPRESS,2026-09-14 09:44:17.663173,2026-09-14 10:24:17.663173,5,DN,RUNNING
TR-11612,11612,2026-09-14,SEC-A01,Nagpur–Wardha,EXPRESS,2026-09-14 10:43:50.658359,2026-09-14 11:08:50.658359,0,UP,SCHEDULED
TR-11613,11613,2026-09-14,SEC-A01,Nagpur–Wardha,FREIGHT,2026-09-14 12:06:44.227138,2026-09-14 12:46:44.227138,25,UP,SCHEDULED
TR-11614,11614,2026-09-14,SEC-A01,Nagpur–Wardha,FREIGHT,2026-09-14 12:59:47.039099,2026-09-14 13:24:47.039099,8,UP,RUNNING
TR-11615,11615,2026-09-14,SEC-A01,Nagpur–Wardha,PASSENGER,2026-09-14 14:09:54.922079,2026-09-14 14:34:54.922079,4,DN,SCHEDULED
TR-11616,11616,2026-09-14,SEC-A01,Nagpur–Wardha,FREIGHT,2026-09-14 15:18:41.425884,2026-09-14 15:53:41.425884,13,UP,RUNNING
TR-11617,11617,2026-09-14,SEC-A01,Nagpur–Wardha,PASSENGER,2026-09-14 16:12:50.090831,2026-09-14 16:47:50.090831,7,DN,RUNNING
TR-11618,11618,2026-09-14,SEC-A01,Nagpur–Wardha,PASSENGER,2026-09-14 17:32:24.386912,2026-09-14 18:07:24.386912,5,DN,SCHEDULED
TR-11619,11619,2026-09-14,SEC-A01,Nagpur–Wardha,FREIGHT,2026-09-14 18:18:11.098455,2026-09-14 19:03:11.098455,2,UP,SCHEDULED
TR-11620,11620,2026-09-14,SEC-A01,Nagpur–Wardha,PASSENGER,2026-09-14 19:39:27.460776,2026-09-14 20:24:27.460776,7,UP,RUNNING
TR-11621,11621,2026-09-14,SEC-A01,Nagpur–Wardha,PASSENGER,2026-09-14 20:45:51.531115,2026-09-14 21:15:51.531115,17,DN,DELAYED
TR-11622,11622,2026-09-14,SEC-A01,Nagpur–Wardha,PASSENGER,2026-09-14 21:47:24.020294,2026-09-14 22:17:24.020294,13,UP,SCHEDULED
TR-11623,11623,2026-09-14,SEC-A01,Nagpur–Wardha,FREIGHT,2026-09-14 22:51:03.206624,2026-09-14 23:16:03.206624,19,UP,DELAYED
TR-11624,11624,2026-09-14,SEC-A02,Wardha–Badnera,FREIGHT,2026-09-14 00:11:44.296610,2026-09-14 00:51:44.296610,4,DN,RUNNING
TR-11625,11625,2026-09-14,SEC-A02,Wardha–Badnera,PASSENGER,2026-09-14 01:14:58.668290,2026-09-14 01:59:58.668290,0,DN,DELAYED
TR-11626,11626,2026-09-14,SEC-A02,Wardha–Badnera,PASSENGER,2026-09-14 01:59:51.776959,2026-09-14 02:39:51.776959,3,DN,RUNNING
TR-11627,11627,2026-09-14,SEC-A02,Wardha–Badnera,PASSENGER,2026-09-14 03:15:28.800756,2026-09-14 03:45:28.800756,4,DN,RUNNING
TR-11628,11628,2026-09-14,SEC-A02,Wardha–Badnera,EXPRESS,2026-09-14 04:18:34.829362,2026-09-14 04:53:34.829362,11,DN,RUNNING
TR-11629,11629,2026-09-14,SEC-A02,Wardha–Badnera,FREIGHT,2026-09-14 05:26:53.875755,2026-09-14 05:51:53.875755,0,DN,RUNNING
TR-11630,11630,2026-09-14,SEC-A02,Wardha–Badnera,PASSENGER,2026-09-14 06:31:33.871394,2026-09-14 07:01:33.871394,14,DN,DELAYED
TR-11631,11631,2026-09-14,SEC-A02,Wardha–Badnera,PASSENGER,2026-09-14 07:40:25.329955,2026-09-14 08:25:25.329955,2,UP,RUNNING
TR-11632,11632,2026-09-14,SEC-A02,Wardha–Badnera,EXPRESS,2026-09-14 08:45:19.251566,2026-09-14 09:10:19.251566,1,DN,RUNNING
TR-11633,11633,2026-09-14,SEC-A02,Wardha–Badnera,FREIGHT,2026-09-14 09:51:48.419268,2026-09-14 10:21:48.419268,0,UP,RUNNING
TR-11634,11634,2026-09-14,SEC-A02,Wardha–Badnera,PASSENGER,2026-09-14 10:51:03.596899,2026-09-14 11:26:03.596899,0,DN,RUNNING
TR-11635,11635,2026-09-14,SEC-A02,Wardha–Badnera,FREIGHT,2026-09-14 12:02:00.980150,2026-09-14 12:37:00.980150,13,UP,SCHEDULED
TR-11636,11636,2026-09-14,SEC-A02,Wardha–Badnera,EXPRESS,2026-09-14 13:10:19.974790,2026-09-14 13:35:19.974790,4,DN,SCHEDULED
TR-11637,11637,2026-09-14,SEC-A02,Wardha–Badnera,PASSENGER,2026-09-14 14:13:40.439098,2026-09-14 14:53:40.439098,0,UP,RUNNING
TR-11638,11638,2026-09-14,SEC-A02,Wardha–Badnera,PASSENGER,2026-09-14 15:06:38.931386,2026-09-14 15:46:38.931386,0,UP,DELAYED
TR-11639,11639,2026-09-14,SEC-A02,Wardha–Badnera,PASSENGER,2026-09-14 16:29:57.508991,2026-09-14 17:09:57.508991,1,UP,SCHEDULED
TR-11640,11640,2026-09-14,SEC-A02,Wardha–Badnera,EXPRESS,2026-09-14 17:18:48.064829,2026-09-14 17:48:48.064829,15,UP,SCHEDULED
TR-11641,11641,2026-09-14,SEC-A02,Wardha–Badnera,FREIGHT,2026-09-14 18:37:33.222872,2026-09-14 19:17:33.222872,6,DN,DELAYED
TR-11642,11642,2026-09-14,SEC-A02,Wardha–Badnera,PASSENGER,2026-09-14 19:40:31.185638,2026-09-14 20:10:31.185638,0,DN,RUNNING
TR-11643,11643,2026-09-14,SEC-A02,Wardha–Badnera,EXPRESS,2026-09-14 20:45:44.679352,2026-09-14 21:20:44.679352,2,DN,RUNNING
TR-11644,11644,2026-09-14,SEC-A02,Wardha–Badnera,PASSENGER,2026-09-14 22:03:47.975207,2026-09-14 22:48:47.975207,2,DN,SCHEDULED
TR-11645,11645,2026-09-14,SEC-A02,Wardha–Badnera,FREIGHT,2026-09-14 23:05:07.236596,2026-09-14 23:30:07.236596,0,UP,SCHEDULED
TR-11646,11646,2026-09-14,SEC-B01,Badnera–Akola,PASSENGER,2026-09-14 00:06:06.037424,2026-09-14 00:41:06.037424,3,DN,SCHEDULED
TR-11647,11647,2026-09-14,SEC-B01,Badnera–Akola,FREIGHT,2026-09-14 01:22:03.434107,2026-09-14 02:07:03.434107,6,DN,RUNNING
TR-11648,11648,2026-09-14,SEC-B01,Badnera–Akola,FREIGHT,2026-09-14 02:57:10.858778,2026-09-14 03:37:10.858778,12,UP,RUNNING
TR-11649,11649,2026-09-14,SEC-B01,Badnera–Akola,FREIGHT,2026-09-14 04:19:10.323958,2026-09-14 05:04:10.323958,20,DN,RUNNING
TR-11650,11650,2026-09-14,SEC-B01,Badnera–Akola,PASSENGER,2026-09-14 05:49:37.681124,2026-09-14 06:19:37.681124,11,UP,SCHEDULED
TR-11651,11651,2026-09-14,SEC-B01,Badnera–Akola,FREIGHT,2026-09-14 07:19:19.192596,2026-09-14 07:59:19.192596,6,UP,SCHEDULED
TR-11652,11652,2026-09-14,SEC-B01,Badnera–Akola,EXPRESS,2026-09-14 08:49:06.996483,2026-09-14 09:29:06.996483,0,DN,DELAYED
TR-11653,11653,2026-09-14,SEC-B01,Badnera–Akola,FREIGHT,2026-09-14 10:20:23.635279,2026-09-14 11:05:23.635279,26,DN,RUNNING
TR-11654,11654,2026-09-14,SEC-B01,Badnera–Akola,FREIGHT,2026-09-14 11:55:39.553015,2026-09-14 12:25:39.553015,8,UP,DELAYED
TR-11655,11655,2026-09-14,SEC-B01,Badnera–Akola,EXPRESS,2026-09-14 13:29:56.682535,2026-09-14 13:59:56.682535,4,DN,RUNNING
TR-11656,11656,2026-09-14,SEC-B01,Badnera–Akola,FREIGHT,2026-09-14 15:12:47.816013,2026-09-14 15:57:47.816013,7,UP,DELAYED
TR-11657,11657,2026-09-14,SEC-B01,Badnera–Akola,PASSENGER,2026-09-14 16:29:29.882638,2026-09-14 17:04:29.882638,5,DN,SCHEDULED
TR-11658,11658,2026-09-14,SEC-B01,Badnera–Akola,SPECIAL,2026-09-14 17:49:15.757464,2026-09-14 18:34:15.757464,2,DN,RUNNING
TR-11659,11659,2026-09-14,SEC-B01,Badnera–Akola,EXPRESS,2026-09-14 19:30:30.509190,2026-09-14 20:15:30.509190,0,UP,SCHEDULED
TR-11660,11660,2026-09-14,SEC-B01,Badnera–Akola,FREIGHT,2026-09-14 20:59:10.412830,2026-09-14 21:24:10.412830,4,DN,DELAYED
TR-11661,11661,2026-09-14,SEC-B01,Badnera–Akola,FREIGHT,2026-09-14 22:16:34.993690,2026-09-14 22:51:34.993690,7,UP,RUNNING
TR-11662,11662,2026-09-14,SEC-B02,Akola–Bhusawal,FREIGHT,2026-09-14 23:58:37.262589,2026-09-15 00:38:37.262589,4,DN,RUNNING
TR-11663,11663,2026-09-14,SEC-B02,Akola–Bhusawal,PASSENGER,2026-09-14 01:25:35.246175,2026-09-14 02:00:35.246175,0,UP,DELAYED
TR-11664,11664,2026-09-14,SEC-B02,Akola–Bhusawal,PASSENGER,2026-09-14 03:07:28.965503,2026-09-14 03:52:28.965503,4,DN,DELAYED
TR-11665,11665,2026-09-14,SEC-B02,Akola–Bhusawal,FREIGHT,2026-09-14 04:20:04.342634,2026-09-14 04:45:04.342634,6,DN,DELAYED
TR-11666,11666,2026-09-14,SEC-B02,Akola–Bhusawal,PASSENGER,2026-09-14 05:45:49.136558,2026-09-14 06:25:49.136558,14,UP,RUNNING
TR-11667,11667,2026-09-14,SEC-B02,Akola–Bhusawal,PASSENGER,2026-09-14 07:22:33.691754,2026-09-14 08:07:33.691754,0,DN,SCHEDULED
TR-11668,11668,2026-09-14,SEC-B02,Akola–Bhusawal,PASSENGER,2026-09-14 09:07:14.572499,2026-09-14 09:52:14.572499,11,UP,RUNNING
TR-11669,11669,2026-09-14,SEC-B02,Akola–Bhusawal,PASSENGER,2026-09-14 10:26:05.580294,2026-09-14 10:56:05.580294,12,UP,RUNNING
TR-11670,11670,2026-09-14,SEC-B02,Akola–Bhusawal,EXPRESS,2026-09-14 11:50:25.456544,2026-09-14 12:35:25.456544,0,DN,SCHEDULED
TR-11671,11671,2026-09-14,SEC-B02,Akola–Bhusawal,EXPRESS,2026-09-14 13:44:01.222141,2026-09-14 14:29:01.222141,1,UP,RUNNING
TR-11672,11672,2026-09-14,SEC-B02,Akola–Bhusawal,EXPRESS,2026-09-14 15:07:34.970334,2026-09-14 15:47:34.970334,1,UP,RUNNING
TR-11673,11673,2026-09-14,SEC-B02,Akola–Bhusawal,PASSENGER,2026-09-14 16:36:46.798365,2026-09-14 17:06:46.798365,0,DN,SCHEDULED
TR-11674,11674,2026-09-14,SEC-B02,Akola–Bhusawal,PASSENGER,2026-09-14 18:04:16.069975,2026-09-14 18:29:16.069975,0,DN,RUNNING
TR-11675,11675,2026-09-14,SEC-B02,Akola–Bhusawal,EXPRESS,2026-09-14 19:29:17.217496,2026-09-14 20:09:17.217496,0,UP,RUNNING
TR-11676,11676,2026-09-14,SEC-B02,Akola–Bhusawal,FREIGHT,2026-09-14 21:05:30.317925,2026-09-14 21:45:30.317925,20,UP,DELAYED
TR-11677,11677,2026-09-14,SEC-B02,Akola–Bhusawal,PASSENGER,2026-09-14 22:41:06.499925,2026-09-14 23:06:06.499925,10,DN,RUNNING
TR-11678,11678,2026-09-14,SEC-C01,Bhusawal–Jalgaon,FREIGHT,2026-09-14 00:05:21.288129,2026-09-14 00:50:21.288129,16,UP,SCHEDULED
TR-11679,11679,2026-09-14,SEC-C01,Bhusawal–Jalgaon,SPECIAL,2026-09-14 02:36:31.881854,2026-09-14 03:11:31.881854,9,DN,DELAYED
TR-11680,11680,2026-09-14,SEC-C01,Bhusawal–Jalgaon,PASSENGER,2026-09-14 05:00:32.475630,2026-09-14 05:35:32.475630,0,DN,SCHEDULED
TR-11681,11681,2026-09-14,SEC-C01,Bhusawal–Jalgaon,FREIGHT,2026-09-14 07:04:39.619054,2026-09-14 07:49:39.619054,4,UP,DELAYED
TR-11682,11682,2026-09-14,SEC-C01,Bhusawal–Jalgaon,PASSENGER,2026-09-14 09:44:06.895115,2026-09-14 10:29:06.895115,7,UP,RUNNING
TR-11683,11683,2026-09-14,SEC-C01,Bhusawal–Jalgaon,EXPRESS,2026-09-14 12:01:25.702600,2026-09-14 12:26:25.702600,0,UP,RUNNING
TR-11684,11684,2026-09-14,SEC-C01,Bhusawal–Jalgaon,FREIGHT,2026-09-14 14:11:55.857767,2026-09-14 14:36:55.857767,12,DN,SCHEDULED
TR-11685,11685,2026-09-14,SEC-C01,Bhusawal–Jalgaon,PASSENGER,2026-09-14 16:54:45.451181,2026-09-14 17:29:45.451181,2,UP,DELAYED
TR-11686,11686,2026-09-14,SEC-C01,Bhusawal–Jalgaon,FREIGHT,2026-09-14 18:59:45.494309,2026-09-14 19:44:45.494309,5,UP,DELAYED
TR-11687,11687,2026-09-14,SEC-C01,Bhusawal–Jalgaon,PASSENGER,2026-09-14 21:40:08.549193,2026-09-14 22:05:08.549193,8,UP,RUNNING
TR-11688,11688,2026-09-15,SEC-A01,Nagpur–Wardha,EXPRESS,2026-09-15 00:04:41.510332,2026-09-15 00:49:41.510332,7,UP,SCHEDULED
TR-11689,11689,2026-09-15,SEC-A01,Nagpur–Wardha,PASSENGER,2026-09-15 01:11:19.449268,2026-09-15 01:46:19.449268,1,UP,RUNNING
TR-11690,11690,2026-09-15,SEC-A01,Nagpur–Wardha,EXPRESS,2026-09-15 02:23:35.397158,2026-09-15 02:58:35.397158,12,DN,RUNNING
TR-11691,11691,2026-09-15,SEC-A01,Nagpur–Wardha,PASSENGER,2026-09-15 03:06:13.357039,2026-09-15 03:31:13.357039,0,UP,RUNNING
TR-11692,11692,2026-09-15,SEC-A01,Nagpur–Wardha,PASSENGER,2026-09-15 04:18:28.553679,2026-09-15 04:43:28.553679,8,DN,SCHEDULED
TR-11693,11693,2026-09-15,SEC-A01,Nagpur–Wardha,SPECIAL,2026-09-15 05:25:29.398335,2026-09-15 06:05:29.398335,8,UP,DELAYED
TR-11694,11694,2026-09-15,SEC-A01,Nagpur–Wardha,PASSENGER,2026-09-15 06:29:30.378365,2026-09-15 07:09:30.378365,1,DN,SCHEDULED
TR-11695,11695,2026-09-15,SEC-A01,Nagpur–Wardha,EXPRESS,2026-09-15 07:41:36.048415,2026-09-15 08:06:36.048415,6,DN,SCHEDULED
TR-11696,11696,2026-09-15,SEC-A01,Nagpur–Wardha,FREIGHT,2026-09-15 08:29:40.931429,2026-09-15 08:54:40.931429,0,DN,RUNNING
TR-11697,11697,2026-09-15,SEC-A01,Nagpur–Wardha,PASSENGER,2026-09-15 09:34:39.231173,2026-09-15 10:14:39.231173,10,UP,SCHEDULED
TR-11698,11698,2026-09-15,SEC-A01,Nagpur–Wardha,PASSENGER,2026-09-15 10:59:29.017778,2026-09-15 11:34:29.017778,2,DN,RUNNING
TR-11699,11699,2026-09-15,SEC-A01,Nagpur–Wardha,EXPRESS,2026-09-15 12:02:14.352453,2026-09-15 12:47:14.352453,0,DN,RUNNING
TR-11700,11700,2026-09-15,SEC-A01,Nagpur–Wardha,FREIGHT,2026-09-15 13:03:32.176529,2026-09-15 13:28:32.176529,15,UP,RUNNING
TR-11701,11701,2026-09-15,SEC-A01,Nagpur–Wardha,PASSENGER,2026-09-15 14:24:32.025077,2026-09-15 15:04:32.025077,0,DN,RUNNING
TR-11702,11702,2026-09-15,SEC-A01,Nagpur–Wardha,PASSENGER,2026-09-15 15:21:49.122506,2026-09-15 16:01:49.122506,0,UP,RUNNING
TR-11703,11703,2026-09-15,SEC-A01,Nagpur–Wardha,PASSENGER,2026-09-15 16:22:51.418243,2026-09-15 16:57:51.418243,0,DN,RUNNING
TR-11704,11704,2026-09-15,SEC-A01,Nagpur–Wardha,FREIGHT,2026-09-15 17:31:42.390266,2026-09-15 18:01:42.390266,12,DN,SCHEDULED
TR-11705,11705,2026-09-15,SEC-A01,Nagpur–Wardha,EXPRESS,2026-09-15 18:26:41.602985,2026-09-15 19:06:41.602985,0,DN,RUNNING
TR-11706,11706,2026-09-15,SEC-A01,Nagpur–Wardha,EXPRESS,2026-09-15 19:25:43.661563,2026-09-15 20:05:43.661563,16,UP,SCHEDULED
TR-11707,11707,2026-09-15,SEC-A01,Nagpur–Wardha,PASSENGER,2026-09-15 20:34:25.748712,2026-09-15 21:19:25.748712,0,DN,SCHEDULED
TR-11708,11708,2026-09-15,SEC-A01,Nagpur–Wardha,FREIGHT,2026-09-15 21:57:52.385055,2026-09-15 22:32:52.385055,19,DN,SCHEDULED
TR-11709,11709,2026-09-15,SEC-A01,Nagpur–Wardha,PASSENGER,2026-09-15 22:40:39.404097,2026-09-15 23:05:39.404097,5,UP,RUNNING
TR-11710,11710,2026-09-15,SEC-A02,Wardha–Badnera,FREIGHT,2026-09-15 23:48:32.736796,2026-09-16 00:33:32.736796,7,UP,DELAYED
TR-11711,11711,2026-09-15,SEC-A02,Wardha–Badnera,PASSENGER,2026-09-15 00:57:26.646915,2026-09-15 01:22:26.646915,0,UP,RUNNING
TR-11712,11712,2026-09-15,SEC-A02,Wardha–Badnera,EXPRESS,2026-09-15 02:15:31.442203,2026-09-15 02:55:31.442203,6,UP,SCHEDULED
TR-11713,11713,2026-09-15,SEC-A02,Wardha–Badnera,PASSENGER,2026-09-15 03:22:24.152442,2026-09-15 03:52:24.152442,3,UP,RUNNING
TR-11714,11714,2026-09-15,SEC-A02,Wardha–Badnera,FREIGHT,2026-09-15 04:31:26.421511,2026-09-15 04:56:26.421511,15,UP,DELAYED
TR-11715,11715,2026-09-15,SEC-A02,Wardha–Badnera,PASSENGER,2026-09-15 05:14:11.487344,2026-09-15 05:39:11.487344,4,UP,SCHEDULED
TR-11716,11716,2026-09-15,SEC-A02,Wardha–Badnera,PASSENGER,2026-09-15 06:41:51.652719,2026-09-15 07:21:51.652719,5,DN,RUNNING
TR-11717,11717,2026-09-15,SEC-A02,Wardha–Badnera,FREIGHT,2026-09-15 07:26:48.353482,2026-09-15 08:11:48.353482,5,DN,SCHEDULED
TR-11718,11718,2026-09-15,SEC-A02,Wardha–Badnera,PASSENGER,2026-09-15 08:51:33.792006,2026-09-15 09:36:33.792006,3,UP,SCHEDULED
TR-11719,11719,2026-09-15,SEC-A02,Wardha–Badnera,PASSENGER,2026-09-15 09:42:18.462589,2026-09-15 10:22:18.462589,6,DN,DELAYED
TR-11720,11720,2026-09-15,SEC-A02,Wardha–Badnera,EXPRESS,2026-09-15 10:44:29.738301,2026-09-15 11:14:29.738301,0,UP,SCHEDULED
TR-11721,11721,2026-09-15,SEC-A02,Wardha–Badnera,FREIGHT,2026-09-15 11:47:59.942131,2026-09-15 12:32:59.942131,0,UP,SCHEDULED
TR-11722,11722,2026-09-15,SEC-A02,Wardha–Badnera,PASSENGER,2026-09-15 13:16:50.601221,2026-09-15 13:41:50.601221,9,UP,SCHEDULED
TR-11723,11723,2026-09-15,SEC-A02,Wardha–Badnera,EXPRESS,2026-09-15 14:17:06.679702,2026-09-15 15:02:06.679702,5,DN,RUNNING
TR-11724,11724,2026-09-15,SEC-A02,Wardha–Badnera,PASSENGER,2026-09-15 15:22:08.063177,2026-09-15 15:52:08.063177,2,DN,DELAYED
TR-11725,11725,2026-09-15,SEC-A02,Wardha–Badnera,EXPRESS,2026-09-15 16:20:19.845345,2026-09-15 16:50:19.845345,4,UP,DELAYED
TR-11726,11726,2026-09-15,SEC-A02,Wardha–Badnera,FREIGHT,2026-09-15 17:17:40.364477,2026-09-15 17:57:40.364477,10,UP,RUNNING
TR-11727,11727,2026-09-15,SEC-A02,Wardha–Badnera,FREIGHT,2026-09-15 18:28:09.772784,2026-09-15 18:53:09.772784,4,UP,SCHEDULED
TR-11728,11728,2026-09-15,SEC-A02,Wardha–Badnera,FREIGHT,2026-09-15 19:52:46.795435,2026-09-15 20:17:46.795435,2,UP,RUNNING
TR-11729,11729,2026-09-15,SEC-A02,Wardha–Badnera,PASSENGER,2026-09-15 20:51:44.778128,2026-09-15 21:21:44.778128,5,UP,SCHEDULED
TR-11730,11730,2026-09-15,SEC-A02,Wardha–Badnera,FREIGHT,2026-09-15 21:57:59.357894,2026-09-15 22:37:59.357894,1,UP,SCHEDULED
TR-11731,11731,2026-09-15,SEC-A02,Wardha–Badnera,PASSENGER,2026-09-15 22:41:09.976979,2026-09-15 23:16:09.976979,6,DN,RUNNING
TR-11732,11732,2026-09-15,SEC-B01,Badnera–Akola,PASSENGER,2026-09-15 23:55:01.730333,2026-09-16 00:35:01.730333,0,UP,DELAYED
TR-11733,11733,2026-09-15,SEC-B01,Badnera–Akola,FREIGHT,2026-09-15 01:20:16.597695,2026-09-15 01:45:16.597695,15,UP,SCHEDULED
TR-11734,11734,2026-09-15,SEC-B01,Badnera–Akola,FREIGHT,2026-09-15 03:11:51.142515,2026-09-15 03:51:51.142515,11,DN,RUNNING
TR-11735,11735,2026-09-15,SEC-B01,Badnera–Akola,PASSENGER,2026-09-15 04:20:57.752512,2026-09-15 04:55:57.752512,5,UP,RUNNING
TR-11736,11736,2026-09-15,SEC-B01,Badnera–Akola,EXPRESS,2026-09-15 05:51:50.007715,2026-09-15 06:21:50.007715,10,UP,RUNNING
TR-11737,11737,2026-09-15,SEC-B01,Badnera–Akola,FREIGHT,2026-09-15 07:41:44.457270,2026-09-15 08:06:44.457270,19,DN,SCHEDULED
TR-11738,11738,2026-09-15,SEC-B01,Badnera–Akola,PASSENGER,2026-09-15 09:11:42.879919,2026-09-15 09:41:42.879919,11,DN,SCHEDULED
TR-11739,11739,2026-09-15,SEC-B01,Badnera–Akola,FREIGHT,2026-09-15 10:26:37.194547,2026-09-15 10:56:37.194547,0,UP,RUNNING
TR-11740,11740,2026-09-15,SEC-B01,Badnera–Akola,PASSENGER,2026-09-15 12:14:16.000604,2026-09-15 12:44:16.000604,0,UP,DELAYED
TR-11741,11741,2026-09-15,SEC-B01,Badnera–Akola,PASSENGER,2026-09-15 13:16:47.373095,2026-09-15 13:46:47.373095,0,DN,RUNNING
TR-11742,11742,2026-09-15,SEC-B01,Badnera–Akola,PASSENGER,2026-09-15 14:57:32.802893,2026-09-15 15:32:32.802893,4,DN,DELAYED
TR-11743,11743,2026-09-15,SEC-B01,Badnera–Akola,EXPRESS,2026-09-15 16:19:42.218623,2026-09-15 17:04:42.218623,7,UP,SCHEDULED
TR-11744,11744,2026-09-15,SEC-B01,Badnera–Akola,FREIGHT,2026-09-15 17:57:21.053056,2026-09-15 18:42:21.053056,2,UP,DELAYED
TR-11745,11745,2026-09-15,SEC-B01,Badnera–Akola,PASSENGER,2026-09-15 19:29:12.280187,2026-09-15 20:09:12.280187,5,DN,SCHEDULED
TR-11746,11746,2026-09-15,SEC-B01,Badnera–Akola,FREIGHT,2026-09-15 20:52:26.096599,2026-09-15 21:32:26.096599,2,UP,DELAYED
TR-11747,11747,2026-09-15,SEC-B01,Badnera–Akola,SPECIAL,2026-09-15 22:41:56.853230,2026-09-15 23:21:56.853230,0,UP,RUNNING
TR-11748,11748,2026-09-15,SEC-B02,Akola–Bhusawal,PASSENGER,2026-09-15 00:07:00.257343,2026-09-15 00:52:00.257343,0,DN,RUNNING
TR-11749,11749,2026-09-15,SEC-B02,Akola–Bhusawal,FREIGHT,2026-09-15 01:39:17.489738,2026-09-15 02:04:17.489738,1,UP,SCHEDULED
TR-11750,11750,2026-09-15,SEC-B02,Akola–Bhusawal,FREIGHT,2026-09-15 03:01:45.276540,2026-09-15 03:26:45.276540,0,DN,SCHEDULED
TR-11751,11751,2026-09-15,SEC-B02,Akola–Bhusawal,PASSENGER,2026-09-15 04:18:58.881603,2026-09-15 04:53:58.881603,0,UP,SCHEDULED
TR-11752,11752,2026-09-15,SEC-B02,Akola–Bhusawal,PASSENGER,2026-09-15 05:59:23.609313,2026-09-15 06:34:23.609313,11,DN,DELAYED
TR-11753,11753,2026-09-15,SEC-B02,Akola–Bhusawal,SPECIAL,2026-09-15 07:37:25.116054,2026-09-15 08:02:25.116054,0,DN,SCHEDULED
TR-11754,11754,2026-09-15,SEC-B02,Akola–Bhusawal,PASSENGER,2026-09-15 09:11:13.558268,2026-09-15 09:51:13.558268,22,DN,RUNNING
TR-11755,11755,2026-09-15,SEC-B02,Akola–Bhusawal,EXPRESS,2026-09-15 10:36:07.023713,2026-09-15 11:01:07.023713,7,UP,RUNNING
TR-11756,11756,2026-09-15,SEC-B02,Akola–Bhusawal,FREIGHT,2026-09-15 12:11:48.181992,2026-09-15 12:46:48.181992,9,DN,RUNNING
TR-11757,11757,2026-09-15,SEC-B02,Akola–Bhusawal,FREIGHT,2026-09-15 13:37:35.198420,2026-09-15 14:22:35.198420,1,UP,SCHEDULED
TR-11758,11758,2026-09-15,SEC-B02,Akola–Bhusawal,EXPRESS,2026-09-15 15:03:36.819382,2026-09-15 15:38:36.819382,8,UP,DELAYED
TR-11759,11759,2026-09-15,SEC-B02,Akola–Bhusawal,EXPRESS,2026-09-15 16:43:21.580014,2026-09-15 17:18:21.580014,0,UP,RUNNING
TR-11760,11760,2026-09-15,SEC-B02,Akola–Bhusawal,PASSENGER,2026-09-15 17:55:58.063546,2026-09-15 18:40:58.063546,4,DN,SCHEDULED
TR-11761,11761,2026-09-15,SEC-B02,Akola–Bhusawal,FREIGHT,2026-09-15 19:34:26.710785,2026-09-15 19:59:26.710785,25,UP,SCHEDULED
TR-11762,11762,2026-09-15,SEC-B02,Akola–Bhusawal,FREIGHT,2026-09-15 21:14:26.252920,2026-09-15 21:44:26.252920,7,DN,DELAYED
TR-11763,11763,2026-09-15,SEC-B02,Akola–Bhusawal,EXPRESS,2026-09-15 22:41:08.036489,2026-09-15 23:11:08.036489,12,UP,RUNNING
TR-11764,11764,2026-09-15,SEC-C01,Bhusawal–Jalgaon,FREIGHT,2026-09-15 23:55:34.881005,2026-09-16 00:30:34.881005,3,DN,RUNNING
TR-11765,11765,2026-09-15,SEC-C01,Bhusawal–Jalgaon,PASSENGER,2026-09-15 02:10:38.027995,2026-09-15 02:45:38.027995,3,DN,DELAYED
TR-11766,11766,2026-09-15,SEC-C01,Bhusawal–Jalgaon,FREIGHT,2026-09-15 04:48:48.028678,2026-09-15 05:13:48.028678,20,DN,RUNNING
TR-11767,11767,2026-09-15,SEC-C01,Bhusawal–Jalgaon,PASSENGER,2026-09-15 07:15:37.712282,2026-09-15 07:40:37.712282,0,DN,SCHEDULED
TR-11768,11768,2026-09-15,SEC-C01,Bhusawal–Jalgaon,PASSENGER,2026-09-15 09:23:24.306726,2026-09-15 09:53:24.306726,16,UP,SCHEDULED
TR-11769,11769,2026-09-15,SEC-C01,Bhusawal–Jalgaon,FREIGHT,2026-09-15 11:49:56.579190,2026-09-15 12:14:56.579190,12,DN,SCHEDULED
TR-11770,11770,2026-09-15,SEC-C01,Bhusawal–Jalgaon,SPECIAL,2026-09-15 14:35:14.987651,2026-09-15 15:20:14.987651,0,UP,RUNNING
TR-11771,11771,2026-09-15,SEC-C01,Bhusawal–Jalgaon,EXPRESS,2026-09-15 16:45:29.765986,2026-09-15 17:30:29.765986,8,DN,RUNNING
TR-11772,11772,2026-09-15,SEC-C01,Bhusawal–Jalgaon,PASSENGER,2026-09-15 19:09:36.233951,2026-09-15 19:34:36.233951,10,UP,SCHEDULED
TR-11773,11773,2026-09-15,SEC-C01,Bhusawal–Jalgaon,EXPRESS,2026-09-15 21:47:09.228661,2026-09-15 22:17:09.228661,8,DN,RUNNING
TR-11774,11774,2026-09-16,SEC-A01,Nagpur–Wardha,FREIGHT,2026-09-16 00:02:21.668290,2026-09-16 00:37:21.668290,0,DN,RUNNING
TR-11775,11775,2026-09-16,SEC-A01,Nagpur–Wardha,EXPRESS,2026-09-16 00:59:34.620936,2026-09-16 01:29:34.620936,0,DN,SCHEDULED
TR-11776,11776,2026-09-16,SEC-A01,Nagpur–Wardha,FREIGHT,2026-09-16 02:19:35.227325,2026-09-16 02:49:35.227325,6,DN,SCHEDULED
TR-11777,11777,2026-09-16,SEC-A01,Nagpur–Wardha,FREIGHT,2026-09-16 03:05:48.827186,2026-09-16 03:40:48.827186,7,UP,DELAYED
TR-11778,11778,2026-09-16,SEC-A01,Nagpur–Wardha,PASSENGER,2026-09-16 04:34:32.527862,2026-09-16 05:19:32.527862,8,UP,SCHEDULED
TR-11779,11779,2026-09-16,SEC-A01,Nagpur–Wardha,PASSENGER,2026-09-16 05:17:06.622120,2026-09-16 05:42:06.622120,5,DN,DELAYED
TR-11780,11780,2026-09-16,SEC-A01,Nagpur–Wardha,FREIGHT,2026-09-16 06:21:31.288685,2026-09-16 06:56:31.288685,0,UP,DELAYED
TR-11781,11781,2026-09-16,SEC-A01,Nagpur–Wardha,SPECIAL,2026-09-16 07:44:23.750977,2026-09-16 08:19:23.750977,6,UP,RUNNING
TR-11782,11782,2026-09-16,SEC-A01,Nagpur–Wardha,FREIGHT,2026-09-16 08:42:05.354192,2026-09-16 09:12:05.354192,12,UP,SCHEDULED
TR-11783,11783,2026-09-16,SEC-A01,Nagpur–Wardha,EXPRESS,2026-09-16 09:46:13.666742,2026-09-16 10:26:13.666742,7,DN,RUNNING
TR-11784,11784,2026-09-16,SEC-A01,Nagpur–Wardha,SPECIAL,2026-09-16 10:44:13.623154,2026-09-16 11:29:13.623154,11,DN,RUNNING
TR-11785,11785,2026-09-16,SEC-A01,Nagpur–Wardha,SPECIAL,2026-09-16 11:59:13.039213,2026-09-16 12:34:13.039213,9,UP,DELAYED
TR-11786,11786,2026-09-16,SEC-A01,Nagpur–Wardha,PASSENGER,2026-09-16 13:12:18.651545,2026-09-16 13:52:18.651545,7,UP,RUNNING
TR-11787,11787,2026-09-16,SEC-A01,Nagpur–Wardha,FREIGHT,2026-09-16 14:22:54.859499,2026-09-16 14:52:54.859499,7,UP,RUNNING
TR-11788,11788,2026-09-16,SEC-A01,Nagpur–Wardha,EXPRESS,2026-09-16 15:02:06.450253,2026-09-16 15:47:06.450253,0,DN,RUNNING
TR-11789,11789,2026-09-16,SEC-A01,Nagpur–Wardha,FREIGHT,2026-09-16 16:09:35.556945,2026-09-16 16:34:35.556945,11,UP,DELAYED
TR-11790,11790,2026-09-16,SEC-A01,Nagpur–Wardha,PASSENGER,2026-09-16 17:28:03.944552,2026-09-16 18:03:03.944552,5,UP,DELAYED
TR-11791,11791,2026-09-16,SEC-A01,Nagpur–Wardha,SPECIAL,2026-09-16 18:43:12.648863,2026-09-16 19:08:12.648863,5,DN,SCHEDULED
TR-11792,11792,2026-09-16,SEC-A01,Nagpur–Wardha,FREIGHT,2026-09-16 19:37:53.746739,2026-09-16 20:22:53.746739,0,UP,RUNNING
TR-11793,11793,2026-09-16,SEC-A01,Nagpur–Wardha,FREIGHT,2026-09-16 20:40:33.786213,2026-09-16 21:20:33.786213,0,DN,SCHEDULED
TR-11794,11794,2026-09-16,SEC-A01,Nagpur–Wardha,PASSENGER,2026-09-16 21:42:37.825204,2026-09-16 22:17:37.825204,11,DN,DELAYED
TR-11795,11795,2026-09-16,SEC-A01,Nagpur–Wardha,EXPRESS,2026-09-16 22:42:10.404808,2026-09-16 23:22:10.404808,3,DN,RUNNING
TR-11796,11796,2026-09-16,SEC-A02,Wardha–Badnera,EXPRESS,2026-09-16 23:53:39.541233,2026-09-17 00:33:39.541233,8,DN,SCHEDULED
TR-11797,11797,2026-09-16,SEC-A02,Wardha–Badnera,PASSENGER,2026-09-16 01:15:31.193485,2026-09-16 02:00:31.193485,4,UP,RUNNING
TR-11798,11798,2026-09-16,SEC-A02,Wardha–Badnera,SPECIAL,2026-09-16 02:10:08.849089,2026-09-16 02:55:08.849089,4,UP,DELAYED
TR-11799,11799,2026-09-16,SEC-A02,Wardha–Badnera,PASSENGER,2026-09-16 03:24:02.823478,2026-09-16 03:49:02.823478,10,DN,RUNNING
TR-11800,11800,2026-09-16,SEC-A02,Wardha–Badnera,EXPRESS,2026-09-16 04:12:03.898329,2026-09-16 04:52:03.898329,0,UP,SCHEDULED
TR-11801,11801,2026-09-16,SEC-A02,Wardha–Badnera,PASSENGER,2026-09-16 05:17:51.175189,2026-09-16 05:57:51.175189,4,DN,SCHEDULED
TR-11802,11802,2026-09-16,SEC-A02,Wardha–Badnera,EXPRESS,2026-09-16 06:42:24.674959,2026-09-16 07:17:24.674959,0,DN,RUNNING
TR-11803,11803,2026-09-16,SEC-A02,Wardha–Badnera,PASSENGER,2026-09-16 07:39:57.614993,2026-09-16 08:19:57.614993,0,UP,SCHEDULED
TR-11804,11804,2026-09-16,SEC-A02,Wardha–Badnera,PASSENGER,2026-09-16 08:36:31.000461,2026-09-16 09:16:31.000461,1,DN,RUNNING
TR-11805,11805,2026-09-16,SEC-A02,Wardha–Badnera,PASSENGER,2026-09-16 09:39:28.324698,2026-09-16 10:09:28.324698,5,DN,RUNNING
TR-11806,11806,2026-09-16,SEC-A02,Wardha–Badnera,FREIGHT,2026-09-16 11:09:22.526590,2026-09-16 11:34:22.526590,4,DN,DELAYED
TR-11807,11807,2026-09-16,SEC-A02,Wardha–Badnera,EXPRESS,2026-09-16 11:59:24.874630,2026-09-16 12:39:24.874630,12,DN,SCHEDULED
TR-11808,11808,2026-09-16,SEC-A02,Wardha–Badnera,PASSENGER,2026-09-16 13:01:39.036716,2026-09-16 13:46:39.036716,0,DN,SCHEDULED
TR-11809,11809,2026-09-16,SEC-A02,Wardha–Badnera,PASSENGER,2026-09-16 14:13:21.523549,2026-09-16 14:43:21.523549,2,UP,RUNNING
TR-11810,11810,2026-09-16,SEC-A02,Wardha–Badnera,FREIGHT,2026-09-16 15:06:15.774115,2026-09-16 15:41:15.774115,4,DN,SCHEDULED
TR-11811,11811,2026-09-16,SEC-A02,Wardha–Badnera,FREIGHT,2026-09-16 16:15:30.832065,2026-09-16 17:00:30.832065,18,UP,DELAYED
TR-11812,11812,2026-09-16,SEC-A02,Wardha–Badnera,EXPRESS,2026-09-16 17:18:05.230339,2026-09-16 17:48:05.230339,5,UP,DELAYED
TR-11813,11813,2026-09-16,SEC-A02,Wardha–Badnera,EXPRESS,2026-09-16 18:27:24.328713,2026-09-16 19:02:24.328713,11,DN,RUNNING
TR-11814,11814,2026-09-16,SEC-A02,Wardha–Badnera,PASSENGER,2026-09-16 19:43:44.707786,2026-09-16 20:18:44.707786,0,DN,SCHEDULED
TR-11815,11815,2026-09-16,SEC-A02,Wardha–Badnera,PASSENGER,2026-09-16 20:29:01.397613,2026-09-16 21:14:01.397613,5,DN,RUNNING
TR-11816,11816,2026-09-16,SEC-A02,Wardha–Badnera,PASSENGER,2026-09-16 21:44:18.018110,2026-09-16 22:14:18.018110,10,UP,DELAYED
TR-11817,11817,2026-09-16,SEC-A02,Wardha–Badnera,EXPRESS,2026-09-16 22:46:10.731576,2026-09-16 23:16:10.731576,4,UP,RUNNING
TR-11818,11818,2026-09-16,SEC-B01,Badnera–Akola,PASSENGER,2026-09-16 23:58:48.884445,2026-09-17 00:23:48.884445,11,UP,SCHEDULED
TR-11819,11819,2026-09-16,SEC-B01,Badnera–Akola,FREIGHT,2026-09-16 01:29:23.132814,2026-09-16 02:04:23.132814,4,UP,RUNNING
TR-11820,11820,2026-09-16,SEC-B01,Badnera–Akola,FREIGHT,2026-09-16 03:11:41.507494,2026-09-16 03:56:41.507494,17,DN,SCHEDULED
TR-11821,11821,2026-09-16,SEC-B01,Badnera–Akola,EXPRESS,2026-09-16 04:36:17.810789,2026-09-16 05:01:17.810789,20,UP,SCHEDULED
TR-11822,11822,2026-09-16,SEC-B01,Badnera–Akola,FREIGHT,2026-09-16 05:48:51.686061,2026-09-16 06:18:51.686061,5,DN,SCHEDULED
TR-11823,11823,2026-09-16,SEC-B01,Badnera–Akola,FREIGHT,2026-09-16 07:21:17.713812,2026-09-16 07:46:17.713812,4,UP,SCHEDULED
TR-11824,11824,2026-09-16,SEC-B01,Badnera–Akola,EXPRESS,2026-09-16 08:45:33.851540,2026-09-16 09:25:33.851540,14,UP,SCHEDULED
TR-11825,11825,2026-09-16,SEC-B01,Badnera–Akola,FREIGHT,2026-09-16 10:18:14.071287,2026-09-16 11:03:14.071287,19,DN,SCHEDULED
TR-11826,11826,2026-09-16,SEC-B01,Badnera–Akola,PASSENGER,2026-09-16 12:12:15.352737,2026-09-16 12:37:15.352737,0,UP,SCHEDULED
TR-11827,11827,2026-09-16,SEC-B01,Badnera–Akola,PASSENGER,2026-09-16 13:38:28.267465,2026-09-16 14:23:28.267465,1,UP,SCHEDULED
TR-11828,11828,2026-09-16,SEC-B01,Badnera–Akola,PASSENGER,2026-09-16 15:05:07.081166,2026-09-16 15:30:07.081166,2,DN,DELAYED
TR-11829,11829,2026-09-16,SEC-B01,Badnera–Akola,EXPRESS,2026-09-16 16:25:26.105775,2026-09-16 16:55:26.105775,0,UP,DELAYED
TR-11830,11830,2026-09-16,SEC-B01,Badnera–Akola,EXPRESS,2026-09-16 18:02:06.423643,2026-09-16 18:27:06.423643,0,UP,DELAYED
TR-11831,11831,2026-09-16,SEC-B01,Badnera–Akola,SPECIAL,2026-09-16 19:21:30.596536,2026-09-16 19:51:30.596536,0,UP,DELAYED
TR-11832,11832,2026-09-16,SEC-B01,Badnera–Akola,EXPRESS,2026-09-16 20:45:07.792072,2026-09-16 21:10:07.792072,0,DN,RUNNING
TR-11833,11833,2026-09-16,SEC-B01,Badnera–Akola,FREIGHT,2026-09-16 22:35:56.639232,2026-09-16 23:05:56.639232,7,UP,SCHEDULED
TR-11834,11834,2026-09-16,SEC-B02,Akola–Bhusawal,FREIGHT,2026-09-16 00:10:02.535877,2026-09-16 00:50:02.535877,9,UP,RUNNING
TR-11835,11835,2026-09-16,SEC-B02,Akola–Bhusawal,PASSENGER,2026-09-16 01:18:23.121862,2026-09-16 01:53:23.121862,14,UP,DELAYED
TR-11836,11836,2026-09-16,SEC-B02,Akola–Bhusawal,EXPRESS,2026-09-16 02:49:04.642266,2026-09-16 03:24:04.642266,0,UP,SCHEDULED
TR-11837,11837,2026-09-16,SEC-B02,Akola–Bhusawal,FREIGHT,2026-09-16 04:24:50.607733,2026-09-16 04:49:50.607733,14,DN,DELAYED
TR-11838,11838,2026-09-16,SEC-B02,Akola–Bhusawal,PASSENGER,2026-09-16 06:07:05.113959,2026-09-16 06:47:05.113959,2,DN,RUNNING
TR-11839,11839,2026-09-16,SEC-B02,Akola–Bhusawal,PASSENGER,2026-09-16 07:44:32.932191,2026-09-16 08:24:32.932191,3,UP,RUNNING
TR-11840,11840,2026-09-16,SEC-B02,Akola–Bhusawal,PASSENGER,2026-09-16 09:13:10.347603,2026-09-16 09:48:10.347603,8,DN,SCHEDULED
TR-11841,11841,2026-09-16,SEC-B02,Akola–Bhusawal,FREIGHT,2026-09-16 10:26:53.465565,2026-09-16 11:11:53.465565,0,UP,SCHEDULED
TR-11842,11842,2026-09-16,SEC-B02,Akola–Bhusawal,FREIGHT,2026-09-16 11:49:18.061611,2026-09-16 12:29:18.061611,10,UP,SCHEDULED
TR-11843,11843,2026-09-16,SEC-B02,Akola–Bhusawal,PASSENGER,2026-09-16 13:16:56.478740,2026-09-16 13:46:56.478740,5,DN,SCHEDULED
TR-11844,11844,2026-09-16,SEC-B02,Akola–Bhusawal,EXPRESS,2026-09-16 14:51:59.165350,2026-09-16 15:31:59.165350,7,DN,DELAYED
TR-11845,11845,2026-09-16,SEC-B02,Akola–Bhusawal,FREIGHT,2026-09-16 16:32:48.569947,2026-09-16 17:12:48.569947,10,DN,RUNNING
TR-11846,11846,2026-09-16,SEC-B02,Akola–Bhusawal,EXPRESS,2026-09-16 18:00:20.546127,2026-09-16 18:30:20.546127,21,UP,SCHEDULED
TR-11847,11847,2026-09-16,SEC-B02,Akola–Bhusawal,PASSENGER,2026-09-16 19:22:31.241749,2026-09-16 20:02:31.241749,0,UP,SCHEDULED
TR-11848,11848,2026-09-16,SEC-B02,Akola–Bhusawal,EXPRESS,2026-09-16 20:47:59.286102,2026-09-16 21:12:59.286102,0,DN,SCHEDULED
TR-11849,11849,2026-09-16,SEC-B02,Akola–Bhusawal,FREIGHT,2026-09-16 22:44:09.730591,2026-09-16 23:24:09.730591,3,DN,SCHEDULED
TR-11850,11850,2026-09-16,SEC-C01,Bhusawal–Jalgaon,PASSENGER,2026-09-16 23:54:04.954700,2026-09-17 00:39:04.954700,0,UP,DELAYED
TR-11851,11851,2026-09-16,SEC-C01,Bhusawal–Jalgaon,PASSENGER,2026-09-16 02:32:01.629795,2026-09-16 03:12:01.629795,0,DN,RUNNING
TR-11852,11852,2026-09-16,SEC-C01,Bhusawal–Jalgaon,PASSENGER,2026-09-16 04:48:08.630561,2026-09-16 05:33:08.630561,12,UP,SCHEDULED
TR-11853,11853,2026-09-16,SEC-C01,Bhusawal–Jalgaon,FREIGHT,2026-09-16 07:26:43.280818,2026-09-16 07:51:43.280818,17,DN,RUNNING
TR-11854,11854,2026-09-16,SEC-C01,Bhusawal–Jalgaon,PASSENGER,2026-09-16 09:34:16.601063,2026-09-16 09:59:16.601063,0,DN,SCHEDULED
TR-11855,11855,2026-09-16,SEC-C01,Bhusawal–Jalgaon,PASSENGER,2026-09-16 11:59:44.663296,2026-09-16 12:29:44.663296,0,DN,RUNNING
TR-11856,11856,2026-09-16,SEC-C01,Bhusawal–Jalgaon,FREIGHT,2026-09-16 14:31:55.220048,2026-09-16 15:16:55.220048,11,DN,RUNNING
TR-11857,11857,2026-09-16,SEC-C01,Bhusawal–Jalgaon,FREIGHT,2026-09-16 16:49:52.059740,2026-09-16 17:19:52.059740,4,DN,RUNNING
TR-11858,11858,2026-09-16,SEC-C01,Bhusawal–Jalgaon,FREIGHT,2026-09-16 19:11:50.444035,2026-09-16 19:51:50.444035,12,DN,RUNNING
TR-11859,11859,2026-09-16,SEC-C01,Bhusawal–Jalgaon,FREIGHT,2026-09-16 21:30:36.869010,2026-09-16 21:55:36.869010,9,UP,RUNNING
TR-11860,11860,2026-09-17,SEC-A01,Nagpur–Wardha,PASSENGER,2026-09-17 23:55:27.978218,2026-09-18 00:40:27.978218,0,DN,RUNNING
TR-11861,11861,2026-09-17,SEC-A01,Nagpur–Wardha,SPECIAL,2026-09-17 00:53:22.502816,2026-09-17 01:28:22.502816,14,DN,RUNNING
TR-11862,11862,2026-09-17,SEC-A01,Nagpur–Wardha,PASSENGER,2026-09-17 01:57:36.154099,2026-09-17 02:27:36.154099,16,DN,DELAYED
TR-11863,11863,2026-09-17,SEC-A01,Nagpur–Wardha,EXPRESS,2026-09-17 03:03:54.713308,2026-09-17 03:28:54.713308,0,UP,RUNNING
TR-11864,11864,2026-09-17,SEC-A01,Nagpur–Wardha,PASSENGER,2026-09-17 04:11:54.693543,2026-09-17 04:56:54.693543,1,DN,RUNNING
TR-11865,11865,2026-09-17,SEC-A01,Nagpur–Wardha,PASSENGER,2026-09-17 05:29:18.852565,2026-09-17 06:09:18.852565,6,DN,DELAYED
TR-11866,11866,2026-09-17,SEC-A01,Nagpur–Wardha,FREIGHT,2026-09-17 06:18:23.661976,2026-09-17 06:53:23.661976,10,DN,RUNNING
TR-11867,11867,2026-09-17,SEC-A01,Nagpur–Wardha,PASSENGER,2026-09-17 07:40:21.478652,2026-09-17 08:20:21.478652,8,UP,RUNNING
TR-11868,11868,2026-09-17,SEC-A01,Nagpur–Wardha,PASSENGER,2026-09-17 08:43:32.298332,2026-09-17 09:18:32.298332,18,DN,RUNNING
TR-11869,11869,2026-09-17,SEC-A01,Nagpur–Wardha,FREIGHT,2026-09-17 10:03:10.424500,2026-09-17 10:33:10.424500,6,UP,DELAYED
TR-11870,11870,2026-09-17,SEC-A01,Nagpur–Wardha,PASSENGER,2026-09-17 10:45:58.071462,2026-09-17 11:20:58.071462,0,DN,SCHEDULED
TR-11871,11871,2026-09-17,SEC-A01,Nagpur–Wardha,EXPRESS,2026-09-17 12:03:44.230122,2026-09-17 12:28:44.230122,0,UP,DELAYED
TR-11872,11872,2026-09-17,SEC-A01,Nagpur–Wardha,FREIGHT,2026-09-17 13:00:33.581237,2026-09-17 13:25:33.581237,2,DN,RUNNING
TR-11873,11873,2026-09-17,SEC-A01,Nagpur–Wardha,FREIGHT,2026-09-17 14:02:12.075940,2026-09-17 14:27:12.075940,7,DN,DELAYED
TR-11874,11874,2026-09-17,SEC-A01,Nagpur–Wardha,FREIGHT,2026-09-17 15:25:29.246263,2026-09-17 16:05:29.246263,20,DN,SCHEDULED
TR-11875,11875,2026-09-17,SEC-A01,Nagpur–Wardha,FREIGHT,2026-09-17 16:19:14.856560,2026-09-17 16:54:14.856560,4,DN,DELAYED
TR-11876,11876,2026-09-17,SEC-A01,Nagpur–Wardha,FREIGHT,2026-09-17 17:17:41.445168,2026-09-17 17:42:41.445168,9,UP,DELAYED
TR-11877,11877,2026-09-17,SEC-A01,Nagpur–Wardha,PASSENGER,2026-09-17 18:32:42.202900,2026-09-17 19:12:42.202900,3,DN,DELAYED
TR-11878,11878,2026-09-17,SEC-A01,Nagpur–Wardha,FREIGHT,2026-09-17 19:44:58.816214,2026-09-17 20:09:58.816214,16,DN,RUNNING
TR-11879,11879,2026-09-17,SEC-A01,Nagpur–Wardha,EXPRESS,2026-09-17 20:33:04.120458,2026-09-17 21:03:04.120458,21,DN,RUNNING
TR-11880,11880,2026-09-17,SEC-A01,Nagpur–Wardha,FREIGHT,2026-09-17 21:46:23.923018,2026-09-17 22:11:23.923018,4,DN,RUNNING
TR-11881,11881,2026-09-17,SEC-A01,Nagpur–Wardha,PASSENGER,2026-09-17 23:04:15.406541,2026-09-17 23:34:15.406541,0,UP,RUNNING
TR-11882,11882,2026-09-17,SEC-A02,Wardha–Badnera,PASSENGER,2026-09-17 23:52:09.270160,2026-09-18 00:22:09.270160,11,UP,RUNNING
TR-11883,11883,2026-09-17,SEC-A02,Wardha–Badnera,SPECIAL,2026-09-17 01:04:22.760189,2026-09-17 01:49:22.760189,8,DN,SCHEDULED
TR-11884,11884,2026-09-17,SEC-A02,Wardha–Badnera,PASSENGER,2026-09-17 02:01:58.128370,2026-09-17 02:36:58.128370,16,DN,RUNNING
TR-11885,11885,2026-09-17,SEC-A02,Wardha–Badnera,FREIGHT,2026-09-17 03:21:07.425465,2026-09-17 03:51:07.425465,12,UP,RUNNING
TR-11886,11886,2026-09-17,SEC-A02,Wardha–Badnera,EXPRESS,2026-09-17 04:30:17.111650,2026-09-17 04:55:17.111650,1,UP,RUNNING
TR-11887,11887,2026-09-17,SEC-A02,Wardha–Badnera,EXPRESS,2026-09-17 05:30:19.243169,2026-09-17 05:55:19.243169,8,DN,RUNNING
TR-11888,11888,2026-09-17,SEC-A02,Wardha–Badnera,FREIGHT,2026-09-17 06:37:52.646096,2026-09-17 07:02:52.646096,15,UP,SCHEDULED
TR-11889,11889,2026-09-17,SEC-A02,Wardha–Badnera,EXPRESS,2026-09-17 07:26:32.387346,2026-09-17 08:11:32.387346,9,DN,RUNNING
TR-11890,11890,2026-09-17,SEC-A02,Wardha–Badnera,FREIGHT,2026-09-17 08:55:10.398570,2026-09-17 09:25:10.398570,11,DN,RUNNING
TR-11891,11891,2026-09-17,SEC-A02,Wardha–Badnera,EXPRESS,2026-09-17 09:59:03.656043,2026-09-17 10:39:03.656043,11,UP,RUNNING
TR-11892,11892,2026-09-17,SEC-A02,Wardha–Badnera,PASSENGER,2026-09-17 10:46:05.142366,2026-09-17 11:11:05.142366,12,DN,RUNNING
TR-11893,11893,2026-09-17,SEC-A02,Wardha–Badnera,PASSENGER,2026-09-17 11:57:15.076000,2026-09-17 12:42:15.076000,13,DN,SCHEDULED
TR-11894,11894,2026-09-17,SEC-A02,Wardha–Badnera,FREIGHT,2026-09-17 12:59:56.954631,2026-09-17 13:39:56.954631,12,UP,RUNNING
TR-11895,11895,2026-09-17,SEC-A02,Wardha–Badnera,FREIGHT,2026-09-17 14:22:17.525828,2026-09-17 14:52:17.525828,6,DN,RUNNING
TR-11896,11896,2026-09-17,SEC-A02,Wardha–Badnera,PASSENGER,2026-09-17 15:01:59.751761,2026-09-17 15:46:59.751761,5,UP,SCHEDULED
TR-11897,11897,2026-09-17,SEC-A02,Wardha–Badnera,PASSENGER,2026-09-17 16:14:24.460122,2026-09-17 16:54:24.460122,12,DN,SCHEDULED
TR-11898,11898,2026-09-17,SEC-A02,Wardha–Badnera,EXPRESS,2026-09-17 17:28:19.202883,2026-09-17 17:58:19.202883,0,DN,SCHEDULED
TR-11899,11899,2026-09-17,SEC-A02,Wardha–Badnera,EXPRESS,2026-09-17 18:45:01.256744,2026-09-17 19:25:01.256744,6,DN,RUNNING
TR-11900,11900,2026-09-17,SEC-A02,Wardha–Badnera,PASSENGER,2026-09-17 19:25:53.359681,2026-09-17 19:55:53.359681,1,UP,RUNNING
TR-11901,11901,2026-09-17,SEC-A02,Wardha–Badnera,EXPRESS,2026-09-17 20:47:34.616683,2026-09-17 21:27:34.616683,4,DN,SCHEDULED
TR-11902,11902,2026-09-17,SEC-A02,Wardha–Badnera,FREIGHT,2026-09-17 21:58:47.210550,2026-09-17 22:38:47.210550,16,DN,RUNNING
TR-11903,11903,2026-09-17,SEC-A02,Wardha–Badnera,EXPRESS,2026-09-17 23:01:04.022105,2026-09-17 23:26:04.022105,5,DN,DELAYED
TR-11904,11904,2026-09-17,SEC-B01,Badnera–Akola,FREIGHT,2026-09-17 23:46:59.461021,2026-09-18 00:26:59.461021,8,DN,RUNNING
TR-11905,11905,2026-09-17,SEC-B01,Badnera–Akola,FREIGHT,2026-09-17 01:35:51.378179,2026-09-17 02:00:51.378179,0,UP,RUNNING
TR-11906,11906,2026-09-17,SEC-B01,Badnera–Akola,PASSENGER,2026-09-17 03:08:43.834772,2026-09-17 03:38:43.834772,9,UP,RUNNING
TR-11907,11907,2026-09-17,SEC-B01,Badnera–Akola,PASSENGER,2026-09-17 04:24:24.699245,2026-09-17 04:49:24.699245,8,UP,DELAYED
TR-11908,11908,2026-09-17,SEC-B01,Badnera–Akola,EXPRESS,2026-09-17 06:06:24.415094,2026-09-17 06:36:24.415094,19,DN,RUNNING
TR-11909,11909,2026-09-17,SEC-B01,Badnera–Akola,PASSENGER,2026-09-17 07:28:32.681818,2026-09-17 07:58:32.681818,1,DN,RUNNING
TR-11910,11910,2026-09-17,SEC-B01,Badnera–Akola,FREIGHT,2026-09-17 08:50:57.594695,2026-09-17 09:30:57.594695,9,DN,RUNNING
TR-11911,11911,2026-09-17,SEC-B01,Badnera–Akola,PASSENGER,2026-09-17 10:43:20.562879,2026-09-17 11:28:20.562879,5,UP,DELAYED
TR-11912,11912,2026-09-17,SEC-B01,Badnera–Akola,EXPRESS,2026-09-17 12:04:24.792041,2026-09-17 12:34:24.792041,15,DN,SCHEDULED
TR-11913,11913,2026-09-17,SEC-B01,Badnera–Akola,PASSENGER,2026-09-17 13:22:51.209698,2026-09-17 13:52:51.209698,3,DN,DELAYED
TR-11914,11914,2026-09-17,SEC-B01,Badnera–Akola,SPECIAL,2026-09-17 14:52:48.284004,2026-09-17 15:17:48.284004,5,UP,DELAYED
TR-11915,11915,2026-09-17,SEC-B01,Badnera–Akola,FREIGHT,2026-09-17 16:18:31.230934,2026-09-17 17:03:31.230934,12,DN,RUNNING
TR-11916,11916,2026-09-17,SEC-B01,Badnera–Akola,PASSENGER,2026-09-17 17:48:33.322228,2026-09-17 18:18:33.322228,5,DN,RUNNING
TR-11917,11917,2026-09-17,SEC-B01,Badnera–Akola,PASSENGER,2026-09-17 19:37:23.597453,2026-09-17 20:17:23.597453,0,UP,DELAYED
TR-11918,11918,2026-09-17,SEC-B01,Badnera–Akola,EXPRESS,2026-09-17 20:51:28.019876,2026-09-17 21:26:28.019876,5,UP,RUNNING
TR-11919,11919,2026-09-17,SEC-B01,Badnera–Akola,PASSENGER,2026-09-17 22:20:24.665769,2026-09-17 22:50:24.665769,11,DN,SCHEDULED
TR-11920,11920,2026-09-17,SEC-B02,Akola–Bhusawal,FREIGHT,2026-09-17 00:03:31.824432,2026-09-17 00:33:31.824432,0,DN,SCHEDULED
TR-11921,11921,2026-09-17,SEC-B02,Akola–Bhusawal,EXPRESS,2026-09-17 01:15:18.576436,2026-09-17 01:45:18.576436,4,DN,SCHEDULED
TR-11922,11922,2026-09-17,SEC-B02,Akola–Bhusawal,EXPRESS,2026-09-17 03:06:24.004708,2026-09-17 03:46:24.004708,0,DN,SCHEDULED
TR-11923,11923,2026-09-17,SEC-B02,Akola–Bhusawal,PASSENGER,2026-09-17 04:17:51.502960,2026-09-17 04:42:51.502960,12,UP,RUNNING
TR-11924,11924,2026-09-17,SEC-B02,Akola–Bhusawal,EXPRESS,2026-09-17 06:12:14.807767,2026-09-17 06:57:14.807767,0,UP,SCHEDULED
TR-11925,11925,2026-09-17,SEC-B02,Akola–Bhusawal,FREIGHT,2026-09-17 07:22:36.582389,2026-09-17 08:07:36.582389,4,DN,RUNNING
TR-11926,11926,2026-09-17,SEC-B02,Akola–Bhusawal,PASSENGER,2026-09-17 08:48:58.028857,2026-09-17 09:33:58.028857,6,UP,RUNNING
TR-11927,11927,2026-09-17,SEC-B02,Akola–Bhusawal,EXPRESS,2026-09-17 10:20:05.759697,2026-09-17 11:00:05.759697,14,DN,SCHEDULED
TR-11928,11928,2026-09-17,SEC-B02,Akola–Bhusawal,FREIGHT,2026-09-17 11:47:41.366366,2026-09-17 12:32:41.366366,7,DN,SCHEDULED
TR-11929,11929,2026-09-17,SEC-B02,Akola–Bhusawal,FREIGHT,2026-09-17 13:24:23.885294,2026-09-17 13:54:23.885294,4,DN,RUNNING
TR-11930,11930,2026-09-17,SEC-B02,Akola–Bhusawal,EXPRESS,2026-09-17 15:12:47.226676,2026-09-17 15:47:47.226676,17,DN,DELAYED
TR-11931,11931,2026-09-17,SEC-B02,Akola–Bhusawal,FREIGHT,2026-09-17 16:39:53.260522,2026-09-17 17:14:53.260522,0,DN,SCHEDULED
TR-11932,11932,2026-09-17,SEC-B02,Akola–Bhusawal,EXPRESS,2026-09-17 17:54:27.977255,2026-09-17 18:34:27.977255,0,UP,DELAYED
TR-11933,11933,2026-09-17,SEC-B02,Akola–Bhusawal,PASSENGER,2026-09-17 19:40:35.460590,2026-09-17 20:20:35.460590,7,UP,SCHEDULED
TR-11934,11934,2026-09-17,SEC-B02,Akola–Bhusawal,FREIGHT,2026-09-17 20:51:53.748982,2026-09-17 21:16:53.748982,4,UP,RUNNING
TR-11935,11935,2026-09-17,SEC-B02,Akola–Bhusawal,PASSENGER,2026-09-17 22:28:05.573760,2026-09-17 23:08:05.573760,0,DN,DELAYED
TR-11936,11936,2026-09-17,SEC-C01,Bhusawal–Jalgaon,PASSENGER,2026-09-17 23:59:33.359126,2026-09-18 00:39:33.359126,8,UP,SCHEDULED
TR-11937,11937,2026-09-17,SEC-C01,Bhusawal–Jalgaon,EXPRESS,2026-09-17 02:19:29.287743,2026-09-17 02:49:29.287743,5,UP,SCHEDULED
TR-11938,11938,2026-09-17,SEC-C01,Bhusawal–Jalgaon,FREIGHT,2026-09-17 04:55:29.885973,2026-09-17 05:30:29.885973,4,UP,DELAYED
TR-11939,11939,2026-09-17,SEC-C01,Bhusawal–Jalgaon,FREIGHT,2026-09-17 07:26:56.408200,2026-09-17 07:51:56.408200,0,UP,RUNNING
TR-11940,11940,2026-09-17,SEC-C01,Bhusawal–Jalgaon,EXPRESS,2026-09-17 09:48:36.743754,2026-09-17 10:18:36.743754,10,UP,RUNNING
TR-11941,11941,2026-09-17,SEC-C01,Bhusawal–Jalgaon,FREIGHT,2026-09-17 11:45:46.731903,2026-09-17 12:10:46.731903,12,UP,RUNNING
TR-11942,11942,2026-09-17,SEC-C01,Bhusawal–Jalgaon,FREIGHT,2026-09-17 14:13:36.795844,2026-09-17 14:38:36.795844,7,DN,RUNNING
TR-11943,11943,2026-09-17,SEC-C01,Bhusawal–Jalgaon,FREIGHT,2026-09-17 16:51:51.042131,2026-09-17 17:26:51.042131,20,UP,RUNNING
TR-11944,11944,2026-09-17,SEC-C01,Bhusawal–Jalgaon,SPECIAL,2026-09-17 19:26:05.586925,2026-09-17 20:11:05.586925,0,DN,DELAYED
TR-11945,11945,2026-09-17,SEC-C01,Bhusawal–Jalgaon,EXPRESS,2026-09-17 21:24:52.776357,2026-09-17 21:49:52.776357,0,DN,RUNNING
TR-11946,11946,2026-09-18,SEC-A01,Nagpur–Wardha,FREIGHT,2026-09-18 00:08:56.664548,2026-09-18 00:33:56.664548,3,DN,SCHEDULED
TR-11947,11947,2026-09-18,SEC-A01,Nagpur–Wardha,PASSENGER,2026-09-18 01:02:25.218022,2026-09-18 01:32:25.218022,3,DN,SCHEDULED
TR-11948,11948,2026-09-18,SEC-A01,Nagpur–Wardha,PASSENGER,2026-09-18 01:56:31.467119,2026-09-18 02:26:31.467119,5,DN,RUNNING
TR-11949,11949,2026-09-18,SEC-A01,Nagpur–Wardha,PASSENGER,2026-09-18 03:20:46.720584,2026-09-18 03:50:46.720584,2,DN,RUNNING
TR-11950,11950,2026-09-18,SEC-A01,Nagpur–Wardha,EXPRESS,2026-09-18 04:28:53.691621,2026-09-18 05:03:53.691621,6,UP,RUNNING
TR-11951,11951,2026-09-18,SEC-A01,Nagpur–Wardha,FREIGHT,2026-09-18 05:32:14.300170,2026-09-18 06:07:14.300170,0,DN,RUNNING
TR-11952,11952,2026-09-18,SEC-A01,Nagpur–Wardha,PASSENGER,2026-09-18 06:44:17.379833,2026-09-18 07:24:17.379833,14,DN,SCHEDULED
TR-11953,11953,2026-09-18,SEC-A01,Nagpur–Wardha,FREIGHT,2026-09-18 07:45:52.592249,2026-09-18 08:20:52.592249,7,DN,RUNNING
TR-11954,11954,2026-09-18,SEC-A01,Nagpur–Wardha,PASSENGER,2026-09-18 08:31:25.487248,2026-09-18 09:16:25.487248,11,DN,SCHEDULED
TR-11955,11955,2026-09-18,SEC-A01,Nagpur–Wardha,EXPRESS,2026-09-18 09:53:31.153657,2026-09-18 10:23:31.153657,6,UP,RUNNING
TR-11956,11956,2026-09-18,SEC-A01,Nagpur–Wardha,EXPRESS,2026-09-18 10:53:35.521782,2026-09-18 11:18:35.521782,7,DN,RUNNING
TR-11957,11957,2026-09-18,SEC-A01,Nagpur–Wardha,FREIGHT,2026-09-18 11:49:27.491770,2026-09-18 12:19:27.491770,11,DN,SCHEDULED
TR-11958,11958,2026-09-18,SEC-A01,Nagpur–Wardha,FREIGHT,2026-09-18 13:06:08.838430,2026-09-18 13:41:08.838430,11,UP,SCHEDULED
TR-11959,11959,2026-09-18,SEC-A01,Nagpur–Wardha,FREIGHT,2026-09-18 14:11:18.691587,2026-09-18 14:56:18.691587,12,UP,RUNNING
TR-11960,11960,2026-09-18,SEC-A01,Nagpur–Wardha,EXPRESS,2026-09-18 15:21:11.357639,2026-09-18 16:06:11.357639,13,DN,RUNNING
TR-11961,11961,2026-09-18,SEC-A01,Nagpur–Wardha,PASSENGER,2026-09-18 16:24:23.113102,2026-09-18 17:09:23.113102,5,DN,SCHEDULED
TR-11962,11962,2026-09-18,SEC-A01,Nagpur–Wardha,PASSENGER,2026-09-18 17:35:51.482403,2026-09-18 18:15:51.482403,8,DN,RUNNING
TR-11963,11963,2026-09-18,SEC-A01,Nagpur–Wardha,EXPRESS,2026-09-18 18:27:08.739804,2026-09-18 19:07:08.739804,3,DN,DELAYED
TR-11964,11964,2026-09-18,SEC-A01,Nagpur–Wardha,SPECIAL,2026-09-18 19:47:25.010414,2026-09-18 20:22:25.010414,14,UP,SCHEDULED
TR-11965,11965,2026-09-18,SEC-A01,Nagpur–Wardha,PASSENGER,2026-09-18 20:34:11.339122,2026-09-18 21:19:11.339122,0,UP,RUNNING
TR-11966,11966,2026-09-18,SEC-A01,Nagpur–Wardha,FREIGHT,2026-09-18 21:50:07.331351,2026-09-18 22:15:07.331351,20,UP,SCHEDULED
TR-11967,11967,2026-09-18,SEC-A01,Nagpur–Wardha,FREIGHT,2026-09-18 22:59:13.169022,2026-09-18 23:39:13.169022,7,DN,RUNNING
TR-11968,11968,2026-09-18,SEC-A02,Wardha–Badnera,FREIGHT,2026-09-18 00:03:33.298874,2026-09-18 00:48:33.298874,0,DN,RUNNING
TR-11969,11969,2026-09-18,SEC-A02,Wardha–Badnera,PASSENGER,2026-09-18 00:53:05.015962,2026-09-18 01:23:05.015962,4,UP,SCHEDULED
TR-11970,11970,2026-09-18,SEC-A02,Wardha–Badnera,EXPRESS,2026-09-18 02:16:47.403850,2026-09-18 02:46:47.403850,0,UP,RUNNING
TR-11971,11971,2026-09-18,SEC-A02,Wardha–Badnera,FREIGHT,2026-09-18 03:20:49.339981,2026-09-18 03:50:49.339981,13,UP,SCHEDULED
TR-11972,11972,2026-09-18,SEC-A02,Wardha–Badnera,PASSENGER,2026-09-18 04:15:50.743074,2026-09-18 04:55:50.743074,0,DN,SCHEDULED
TR-11973,11973,2026-09-18,SEC-A02,Wardha–Badnera,EXPRESS,2026-09-18 05:15:45.989512,2026-09-18 05:45:45.989512,0,DN,RUNNING
TR-11974,11974,2026-09-18,SEC-A02,Wardha–Badnera,FREIGHT,2026-09-18 06:31:52.316921,2026-09-18 07:11:52.316921,0,UP,RUNNING
TR-11975,11975,2026-09-18,SEC-A02,Wardha–Badnera,PASSENGER,2026-09-18 07:40:15.883922,2026-09-18 08:20:15.883922,0,UP,SCHEDULED
TR-11976,11976,2026-09-18,SEC-A02,Wardha–Badnera,SPECIAL,2026-09-18 08:47:32.919603,2026-09-18 09:27:32.919603,0,DN,DELAYED
TR-11977,11977,2026-09-18,SEC-A02,Wardha–Badnera,SPECIAL,2026-09-18 09:51:57.965736,2026-09-18 10:36:57.965736,0,UP,RUNNING
TR-11978,11978,2026-09-18,SEC-A02,Wardha–Badnera,FREIGHT,2026-09-18 10:51:32.151943,2026-09-18 11:36:32.151943,13,DN,SCHEDULED
TR-11979,11979,2026-09-18,SEC-A02,Wardha–Badnera,PASSENGER,2026-09-18 12:06:25.722592,2026-09-18 12:51:25.722592,9,DN,DELAYED
TR-11980,11980,2026-09-18,SEC-A02,Wardha–Badnera,EXPRESS,2026-09-18 12:52:21.591751,2026-09-18 13:32:21.591751,6,UP,RUNNING
TR-11981,11981,2026-09-18,SEC-A02,Wardha–Badnera,FREIGHT,2026-09-18 14:14:35.399496,2026-09-18 14:49:35.399496,1,DN,SCHEDULED
TR-11982,11982,2026-09-18,SEC-A02,Wardha–Badnera,FREIGHT,2026-09-18 15:06:12.218367,2026-09-18 15:36:12.218367,7,DN,SCHEDULED
TR-11983,11983,2026-09-18,SEC-A02,Wardha–Badnera,EXPRESS,2026-09-18 16:22:02.835611,2026-09-18 17:07:02.835611,3,DN,DELAYED
TR-11984,11984,2026-09-18,SEC-A02,Wardha–Badnera,PASSENGER,2026-09-18 17:37:52.580461,2026-09-18 18:17:52.580461,0,DN,RUNNING
TR-11985,11985,2026-09-18,SEC-A02,Wardha–Badnera,EXPRESS,2026-09-18 18:46:31.282427,2026-09-18 19:21:31.282427,14,UP,DELAYED
TR-11986,11986,2026-09-18,SEC-A02,Wardha–Badnera,FREIGHT,2026-09-18 19:29:23.884554,2026-09-18 19:54:23.884554,14,UP,SCHEDULED
TR-11987,11987,2026-09-18,SEC-A02,Wardha–Badnera,FREIGHT,2026-09-18 20:34:37.253419,2026-09-18 21:19:37.253419,6,DN,RUNNING
TR-11988,11988,2026-09-18,SEC-A02,Wardha–Badnera,FREIGHT,2026-09-18 21:43:12.027954,2026-09-18 22:13:12.027954,8,UP,RUNNING
TR-11989,11989,2026-09-18,SEC-A02,Wardha–Badnera,FREIGHT,2026-09-18 23:05:58.358265,2026-09-18 23:40:58.358265,9,UP,DELAYED
TR-11990,11990,2026-09-18,SEC-B01,Badnera–Akola,PASSENGER,2026-09-18 23:45:57.546014,2026-09-19 00:10:57.546014,0,UP,DELAYED
TR-11991,11991,2026-09-18,SEC-B01,Badnera–Akola,PASSENGER,2026-09-18 01:21:48.042461,2026-09-18 02:06:48.042461,2,DN,RUNNING
TR-11992,11992,2026-09-18,SEC-B01,Badnera–Akola,EXPRESS,2026-09-18 03:08:32.794447,2026-09-18 03:33:32.794447,0,DN,SCHEDULED
TR-11993,11993,2026-09-18,SEC-B01,Badnera–Akola,FREIGHT,2026-09-18 04:40:36.134667,2026-09-18 05:25:36.134667,0,UP,SCHEDULED
TR-11994,11994,2026-09-18,SEC-B01,Badnera–Akola,EXPRESS,2026-09-18 06:12:47.937777,2026-09-18 06:52:47.937777,2,UP,SCHEDULED
TR-11995,11995,2026-09-18,SEC-B01,Badnera–Akola,EXPRESS,2026-09-18 07:38:26.974312,2026-09-18 08:23:26.974312,16,UP,DELAYED
TR-11996,11996,2026-09-18,SEC-B01,Badnera–Akola,PASSENGER,2026-09-18 08:46:15.544987,2026-09-18 09:11:15.544987,8,UP,SCHEDULED
TR-11997,11997,2026-09-18,SEC-B01,Badnera–Akola,EXPRESS,2026-09-18 10:42:19.774387,2026-09-18 11:12:19.774387,0,DN,DELAYED
TR-11998,11998,2026-09-18,SEC-B01,Badnera–Akola,PASSENGER,2026-09-18 11:59:57.103801,2026-09-18 12:24:57.103801,8,DN,RUNNING
TR-11999,11999,2026-09-18,SEC-B01,Badnera–Akola,EXPRESS,2026-09-18 13:39:34.489409,2026-09-18 14:04:34.489409,13,DN,RUNNING
TR-12000,12000,2026-09-18,SEC-B01,Badnera–Akola,PASSENGER,2026-09-18 15:08:04.594740,2026-09-18 15:33:04.594740,10,DN,RUNNING
TR-12001,12001,2026-09-18,SEC-B01,Badnera–Akola,PASSENGER,2026-09-18 16:23:36.164940,2026-09-18 16:53:36.164940,4,DN,RUNNING
TR-12002,12002,2026-09-18,SEC-B01,Badnera–Akola,PASSENGER,2026-09-18 17:55:49.158132,2026-09-18 18:25:49.158132,0,DN,SCHEDULED
TR-12003,12003,2026-09-18,SEC-B01,Badnera–Akola,FREIGHT,2026-09-18 19:19:08.389799,2026-09-18 19:59:08.389799,12,DN,RUNNING
TR-12004,12004,2026-09-18,SEC-B01,Badnera–Akola,EXPRESS,2026-09-18 21:13:33.312974,2026-09-18 21:58:33.312974,6,DN,SCHEDULED
TR-12005,12005,2026-09-18,SEC-B01,Badnera–Akola,EXPRESS,2026-09-18 22:28:16.641641,2026-09-18 22:53:16.641641,10,UP,SCHEDULED
TR-12006,12006,2026-09-18,SEC-B02,Akola–Bhusawal,SPECIAL,2026-09-18 23:55:08.946530,2026-09-19 00:35:08.946530,8,UP,RUNNING
TR-12007,12007,2026-09-18,SEC-B02,Akola–Bhusawal,FREIGHT,2026-09-18 01:16:50.642991,2026-09-18 01:41:50.642991,15,UP,DELAYED
TR-12008,12008,2026-09-18,SEC-B02,Akola–Bhusawal,SPECIAL,2026-09-18 02:46:44.057693,2026-09-18 03:31:44.057693,0,DN,RUNNING
TR-12009,12009,2026-09-18,SEC-B02,Akola–Bhusawal,EXPRESS,2026-09-18 04:41:34.409131,2026-09-18 05:26:34.409131,13,DN,RUNNING
TR-12010,12010,2026-09-18,SEC-B02,Akola–Bhusawal,EXPRESS,2026-09-18 05:45:14.224020,2026-09-18 06:20:14.224020,5,UP,RUNNING
TR-12011,12011,2026-09-18,SEC-B02,Akola–Bhusawal,EXPRESS,2026-09-18 07:28:23.140291,2026-09-18 07:58:23.140291,18,DN,RUNNING
TR-12012,12012,2026-09-18,SEC-B02,Akola–Bhusawal,EXPRESS,2026-09-18 09:11:37.814814,2026-09-18 09:51:37.814814,0,DN,SCHEDULED
TR-12013,12013,2026-09-18,SEC-B02,Akola–Bhusawal,FREIGHT,2026-09-18 10:16:06.546310,2026-09-18 10:51:06.546310,20,UP,DELAYED
TR-12014,12014,2026-09-18,SEC-B02,Akola–Bhusawal,PASSENGER,2026-09-18 12:14:45.463145,2026-09-18 12:49:45.463145,5,DN,DELAYED
TR-12015,12015,2026-09-18,SEC-B02,Akola–Bhusawal,PASSENGER,2026-09-18 13:25:13.275984,2026-09-18 13:55:13.275984,0,DN,SCHEDULED
TR-12016,12016,2026-09-18,SEC-B02,Akola–Bhusawal,EXPRESS,2026-09-18 15:09:58.012176,2026-09-18 15:44:58.012176,0,UP,SCHEDULED
TR-12017,12017,2026-09-18,SEC-B02,Akola–Bhusawal,FREIGHT,2026-09-18 16:40:14.850194,2026-09-18 17:15:14.850194,5,DN,SCHEDULED
TR-12018,12018,2026-09-18,SEC-B02,Akola–Bhusawal,FREIGHT,2026-09-18 17:46:25.919171,2026-09-18 18:11:25.919171,10,UP,RUNNING
TR-12019,12019,2026-09-18,SEC-B02,Akola–Bhusawal,EXPRESS,2026-09-18 19:25:10.164530,2026-09-18 19:55:10.164530,7,UP,RUNNING
TR-12020,12020,2026-09-18,SEC-B02,Akola–Bhusawal,FREIGHT,2026-09-18 20:53:58.562898,2026-09-18 21:38:58.562898,3,DN,DELAYED
TR-12021,12021,2026-09-18,SEC-B02,Akola–Bhusawal,PASSENGER,2026-09-18 22:37:07.522180,2026-09-18 23:02:07.522180,3,UP,RUNNING
TR-12022,12022,2026-09-18,SEC-C01,Bhusawal–Jalgaon,EXPRESS,2026-09-18 23:58:37.757264,2026-09-19 00:28:37.757264,18,DN,SCHEDULED
TR-12023,12023,2026-09-18,SEC-C01,Bhusawal–Jalgaon,EXPRESS,2026-09-18 02:11:46.047501,2026-09-18 02:51:46.047501,16,DN,SCHEDULED
TR-12024,12024,2026-09-18,SEC-C01,Bhusawal–Jalgaon,FREIGHT,2026-09-18 04:46:23.095357,2026-09-18 05:21:23.095357,11,DN,DELAYED
TR-12025,12025,2026-09-18,SEC-C01,Bhusawal–Jalgaon,EXPRESS,2026-09-18 07:13:46.143212,2026-09-18 07:53:46.143212,4,DN,RUNNING
TR-12026,12026,2026-09-18,SEC-C01,Bhusawal–Jalgaon,EXPRESS,2026-09-18 09:50:53.721196,2026-09-18 10:30:53.721196,4,DN,SCHEDULED
TR-12027,12027,2026-09-18,SEC-C01,Bhusawal–Jalgaon,FREIGHT,2026-09-18 11:49:19.823126,2026-09-18 12:19:19.823126,12,DN,SCHEDULED
TR-12028,12028,2026-09-18,SEC-C01,Bhusawal–Jalgaon,EXPRESS,2026-09-18 14:38:02.457252,2026-09-18 15:23:02.457252,0,UP,SCHEDULED
TR-12029,12029,2026-09-18,SEC-C01,Bhusawal–Jalgaon,EXPRESS,2026-09-18 16:46:39.778273,2026-09-18 17:11:39.778273,2,DN,SCHEDULED
TR-12030,12030,2026-09-18,SEC-C01,Bhusawal–Jalgaon,PASSENGER,2026-09-18 19:15:02.880385,2026-09-18 19:55:02.880385,0,DN,DELAYED
TR-12031,12031,2026-09-18,SEC-C01,Bhusawal–Jalgaon,PASSENGER,2026-09-18 21:29:41.263035,2026-09-18 22:14:41.263035,6,DN,RUNNING
TR-12032,12032,2026-09-19,SEC-A01,Nagpur–Wardha,PASSENGER,2026-09-19 00:14:43.836182,2026-09-19 00:49:43.836182,8,UP,SCHEDULED
TR-12033,12033,2026-09-19,SEC-A01,Nagpur–Wardha,FREIGHT,2026-09-19 00:54:43.124378,2026-09-19 01:39:43.124378,4,DN,RUNNING
TR-12034,12034,2026-09-19,SEC-A01,Nagpur–Wardha,PASSENGER,2026-09-19 02:02:22.592075,2026-09-19 02:42:22.592075,15,DN,SCHEDULED
TR-12035,12035,2026-09-19,SEC-A01,Nagpur–Wardha,FREIGHT,2026-09-19 03:27:28.585947,2026-09-19 04:07:28.585947,0,DN,DELAYED
TR-12036,12036,2026-09-19,SEC-A01,Nagpur–Wardha,EXPRESS,2026-09-19 04:20:23.364879,2026-09-19 04:55:23.364879,0,DN,DELAYED
TR-12037,12037,2026-09-19,SEC-A01,Nagpur–Wardha,FREIGHT,2026-09-19 05:16:15.420930,2026-09-19 05:46:15.420930,9,DN,RUNNING
TR-12038,12038,2026-09-19,SEC-A01,Nagpur–Wardha,EXPRESS,2026-09-19 06:37:44.633704,2026-09-19 07:07:44.633704,11,DN,SCHEDULED
TR-12039,12039,2026-09-19,SEC-A01,Nagpur–Wardha,FREIGHT,2026-09-19 07:47:10.570009,2026-09-19 08:32:10.570009,19,UP,RUNNING
TR-12040,12040,2026-09-19,SEC-A01,Nagpur–Wardha,SPECIAL,2026-09-19 08:38:48.378006,2026-09-19 09:03:48.378006,0,DN,RUNNING
TR-12041,12041,2026-09-19,SEC-A01,Nagpur–Wardha,EXPRESS,2026-09-19 09:53:28.104299,2026-09-19 10:23:28.104299,11,DN,DELAYED
TR-12042,12042,2026-09-19,SEC-A01,Nagpur–Wardha,PASSENGER,2026-09-19 10:58:54.014692,2026-09-19 11:43:54.014692,3,UP,DELAYED
TR-12043,12043,2026-09-19,SEC-A01,Nagpur–Wardha,FREIGHT,2026-09-19 12:00:39.156821,2026-09-19 12:40:39.156821,6,UP,SCHEDULED
TR-12044,12044,2026-09-19,SEC-A01,Nagpur–Wardha,PASSENGER,2026-09-19 13:10:12.130673,2026-09-19 13:55:12.130673,10,UP,RUNNING
TR-12045,12045,2026-09-19,SEC-A01,Nagpur–Wardha,EXPRESS,2026-09-19 14:19:30.708137,2026-09-19 14:49:30.708137,8,DN,SCHEDULED
TR-12046,12046,2026-09-19,SEC-A01,Nagpur–Wardha,PASSENGER,2026-09-19 15:25:34.276025,2026-09-19 16:10:34.276025,0,UP,RUNNING
TR-12047,12047,2026-09-19,SEC-A01,Nagpur–Wardha,PASSENGER,2026-09-19 16:32:40.644713,2026-09-19 16:57:40.644713,14,UP,RUNNING
TR-12048,12048,2026-09-19,SEC-A01,Nagpur–Wardha,PASSENGER,2026-09-19 17:12:59.666129,2026-09-19 17:57:59.666129,13,DN,SCHEDULED
TR-12049,12049,2026-09-19,SEC-A01,Nagpur–Wardha,FREIGHT,2026-09-19 18:21:09.996687,2026-09-19 18:46:09.996687,3,DN,SCHEDULED
TR-12050,12050,2026-09-19,SEC-A01,Nagpur–Wardha,PASSENGER,2026-09-19 19:28:39.713158,2026-09-19 19:53:39.713158,6,DN,SCHEDULED
TR-12051,12051,2026-09-19,SEC-A01,Nagpur–Wardha,PASSENGER,2026-09-19 20:30:24.226541,2026-09-19 21:05:24.226541,7,UP,RUNNING
TR-12052,12052,2026-09-19,SEC-A01,Nagpur–Wardha,PASSENGER,2026-09-19 21:45:47.346026,2026-09-19 22:20:47.346026,5,DN,RUNNING
TR-12053,12053,2026-09-19,SEC-A01,Nagpur–Wardha,PASSENGER,2026-09-19 22:50:48.650958,2026-09-19 23:15:48.650958,0,UP,DELAYED
TR-12054,12054,2026-09-19,SEC-A02,Wardha–Badnera,FREIGHT,2026-09-19 00:02:34.852338,2026-09-19 00:42:34.852338,3,DN,SCHEDULED
TR-12055,12055,2026-09-19,SEC-A02,Wardha–Badnera,FREIGHT,2026-09-19 00:58:31.990276,2026-09-19 01:33:31.990276,7,DN,SCHEDULED
TR-12056,12056,2026-09-19,SEC-A02,Wardha–Badnera,FREIGHT,2026-09-19 02:10:26.054172,2026-09-19 02:50:26.054172,16,UP,RUNNING
TR-12057,12057,2026-09-19,SEC-A02,Wardha–Badnera,FREIGHT,2026-09-19 03:17:59.153656,2026-09-19 04:02:59.153656,11,UP,DELAYED
TR-12058,12058,2026-09-19,SEC-A02,Wardha–Badnera,PASSENGER,2026-09-19 04:26:21.882547,2026-09-19 04:56:21.882547,1,DN,RUNNING
TR-12059,12059,2026-09-19,SEC-A02,Wardha–Badnera,PASSENGER,2026-09-19 05:14:47.398676,2026-09-19 05:59:47.398676,9,UP,RUNNING
TR-12060,12060,2026-09-19,SEC-A02,Wardha–Badnera,EXPRESS,2026-09-19 06:33:56.427922,2026-09-19 07:03:56.427922,0,DN,DELAYED
TR-12061,12061,2026-09-19,SEC-A02,Wardha–Badnera,EXPRESS,2026-09-19 07:36:44.044693,2026-09-19 08:01:44.044693,12,DN,SCHEDULED
TR-12062,12062,2026-09-19,SEC-A02,Wardha–Badnera,PASSENGER,2026-09-19 08:28:39.159095,2026-09-19 09:08:39.159095,0,DN,RUNNING
TR-12063,12063,2026-09-19,SEC-A02,Wardha–Badnera,FREIGHT,2026-09-19 10:04:04.089909,2026-09-19 10:34:04.089909,5,DN,SCHEDULED
TR-12064,12064,2026-09-19,SEC-A02,Wardha–Badnera,FREIGHT,2026-09-19 10:44:23.276622,2026-09-19 11:29:23.276622,0,DN,SCHEDULED
TR-12065,12065,2026-09-19,SEC-A02,Wardha–Badnera,EXPRESS,2026-09-19 11:56:51.548822,2026-09-19 12:21:51.548822,0,DN,RUNNING
TR-12066,12066,2026-09-19,SEC-A02,Wardha–Badnera,SPECIAL,2026-09-19 12:56:46.803045,2026-09-19 13:41:46.803045,12,DN,RUNNING
TR-12067,12067,2026-09-19,SEC-A02,Wardha–Badnera,PASSENGER,2026-09-19 14:14:57.851240,2026-09-19 14:54:57.851240,0,DN,RUNNING
TR-12068,12068,2026-09-19,SEC-A02,Wardha–Badnera,PASSENGER,2026-09-19 15:07:40.941190,2026-09-19 15:52:40.941190,6,UP,SCHEDULED
TR-12069,12069,2026-09-19,SEC-A02,Wardha–Badnera,EXPRESS,2026-09-19 16:25:04.907060,2026-09-19 16:50:04.907060,3,UP,RUNNING
TR-12070,12070,2026-09-19,SEC-A02,Wardha–Badnera,EXPRESS,2026-09-19 17:28:56.786815,2026-09-19 18:08:56.786815,7,UP,SCHEDULED
TR-12071,12071,2026-09-19,SEC-A02,Wardha–Badnera,FREIGHT,2026-09-19 18:33:53.205155,2026-09-19 19:13:53.205155,8,DN,RUNNING
TR-12072,12072,2026-09-19,SEC-A02,Wardha–Badnera,FREIGHT,2026-09-19 19:48:00.349394,2026-09-19 20:23:00.349394,0,UP,SCHEDULED
TR-12073,12073,2026-09-19,SEC-A02,Wardha–Badnera,FREIGHT,2026-09-19 20:42:31.028375,2026-09-19 21:12:31.028375,14,UP,SCHEDULED
TR-12074,12074,2026-09-19,SEC-A02,Wardha–Badnera,PASSENGER,2026-09-19 21:56:50.612343,2026-09-19 22:31:50.612343,0,DN,SCHEDULED
TR-12075,12075,2026-09-19,SEC-A02,Wardha–Badnera,SPECIAL,2026-09-19 22:46:34.391572,2026-09-19 23:26:34.391572,0,UP,RUNNING
TR-12076,12076,2026-09-19,SEC-B01,Badnera–Akola,PASSENGER,2026-09-19 23:59:47.108176,2026-09-20 00:44:47.108176,1,UP,RUNNING
TR-12077,12077,2026-09-19,SEC-B01,Badnera–Akola,FREIGHT,2026-09-19 01:18:19.703750,2026-09-19 01:53:19.703750,18,DN,SCHEDULED
TR-12078,12078,2026-09-19,SEC-B01,Badnera–Akola,FREIGHT,2026-09-19 03:01:33.213337,2026-09-19 03:46:33.213337,13,UP,SCHEDULED
TR-12079,12079,2026-09-19,SEC-B01,Badnera–Akola,PASSENGER,2026-09-19 04:32:38.696251,2026-09-19 04:57:38.696251,1,UP,DELAYED
TR-12080,12080,2026-09-19,SEC-B01,Badnera–Akola,PASSENGER,2026-09-19 06:06:52.017959,2026-09-19 06:41:52.017959,1,UP,DELAYED
TR-12081,12081,2026-09-19,SEC-B01,Badnera–Akola,EXPRESS,2026-09-19 07:33:26.021792,2026-09-19 08:18:26.021792,1,UP,RUNNING
TR-12082,12082,2026-09-19,SEC-B01,Badnera–Akola,EXPRESS,2026-09-19 09:04:13.739315,2026-09-19 09:29:13.739315,18,DN,RUNNING
TR-12083,12083,2026-09-19,SEC-B01,Badnera–Akola,PASSENGER,2026-09-19 10:40:19.814797,2026-09-19 11:20:19.814797,6,DN,RUNNING
TR-12084,12084,2026-09-19,SEC-B01,Badnera–Akola,EXPRESS,2026-09-19 11:55:50.649318,2026-09-19 12:20:50.649318,7,UP,SCHEDULED
TR-12085,12085,2026-09-19,SEC-B01,Badnera–Akola,FREIGHT,2026-09-19 13:23:20.279455,2026-09-19 14:03:20.279455,15,DN,SCHEDULED
TR-12086,12086,2026-09-19,SEC-B01,Badnera–Akola,PASSENGER,2026-09-19 14:56:45.345992,2026-09-19 15:31:45.345992,5,UP,SCHEDULED
TR-12087,12087,2026-09-19,SEC-B01,Badnera–Akola,SPECIAL,2026-09-19 16:44:20.572100,2026-09-19 17:24:20.572100,2,UP,SCHEDULED
TR-12088,12088,2026-09-19,SEC-B01,Badnera–Akola,PASSENGER,2026-09-19 17:49:56.066835,2026-09-19 18:24:56.066835,2,UP,SCHEDULED
TR-12089,12089,2026-09-19,SEC-B01,Badnera–Akola,FREIGHT,2026-09-19 19:29:23.939556,2026-09-19 19:54:23.939556,7,DN,RUNNING
TR-12090,12090,2026-09-19,SEC-B01,Badnera–Akola,PASSENGER,2026-09-19 20:52:24.876419,2026-09-19 21:32:24.876419,3,DN,SCHEDULED
TR-12091,12091,2026-09-19,SEC-B01,Badnera–Akola,EXPRESS,2026-09-19 22:39:38.940833,2026-09-19 23:24:38.940833,9,UP,DELAYED
TR-12092,12092,2026-09-19,SEC-B02,Akola–Bhusawal,FREIGHT,2026-09-19 00:03:35.219800,2026-09-19 00:28:35.219800,8,UP,SCHEDULED
TR-12093,12093,2026-09-19,SEC-B02,Akola–Bhusawal,FREIGHT,2026-09-19 01:44:14.146042,2026-09-19 02:09:14.146042,13,UP,SCHEDULED
TR-12094,12094,2026-09-19,SEC-B02,Akola–Bhusawal,PASSENGER,2026-09-19 02:46:51.604020,2026-09-19 03:26:51.604020,3,DN,SCHEDULED
TR-12095,12095,2026-09-19,SEC-B02,Akola–Bhusawal,FREIGHT,2026-09-19 04:18:03.289647,2026-09-19 04:43:03.289647,8,DN,RUNNING
TR-12096,12096,2026-09-19,SEC-B02,Akola–Bhusawal,EXPRESS,2026-09-19 05:57:03.029513,2026-09-19 06:42:03.029513,0,UP,DELAYED
TR-12097,12097,2026-09-19,SEC-B02,Akola–Bhusawal,PASSENGER,2026-09-19 07:38:37.454655,2026-09-19 08:23:37.454655,10,DN,RUNNING
TR-12098,12098,2026-09-19,SEC-B02,Akola–Bhusawal,FREIGHT,2026-09-19 09:08:51.296420,2026-09-19 09:53:51.296420,10,DN,SCHEDULED
TR-12099,12099,2026-09-19,SEC-B02,Akola–Bhusawal,FREIGHT,2026-09-19 10:28:37.338174,2026-09-19 11:03:37.338174,14,UP,SCHEDULED
TR-12100,12100,2026-09-19,SEC-B02,Akola–Bhusawal,FREIGHT,2026-09-19 11:45:22.119448,2026-09-19 12:10:22.119448,0,UP,DELAYED
TR-12101,12101,2026-09-19,SEC-B02,Akola–Bhusawal,PASSENGER,2026-09-19 13:18:46.766927,2026-09-19 14:03:46.766927,18,DN,RUNNING
TR-12102,12102,2026-09-19,SEC-B02,Akola–Bhusawal,PASSENGER,2026-09-19 15:06:44.321466,2026-09-19 15:46:44.321466,3,UP,SCHEDULED
TR-12103,12103,2026-09-19,SEC-B02,Akola–Bhusawal,FREIGHT,2026-09-19 16:16:48.884129,2026-09-19 16:51:48.884129,15,DN,RUNNING
TR-12104,12104,2026-09-19,SEC-B02,Akola–Bhusawal,EXPRESS,2026-09-19 18:02:30.598659,2026-09-19 18:47:30.598659,0,UP,RUNNING
TR-12105,12105,2026-09-19,SEC-B02,Akola–Bhusawal,PASSENGER,2026-09-19 19:24:15.613946,2026-09-19 19:59:15.613946,8,UP,DELAYED
TR-12106,12106,2026-09-19,SEC-B02,Akola–Bhusawal,PASSENGER,2026-09-19 21:02:35.591842,2026-09-19 21:32:35.591842,0,UP,RUNNING
TR-12107,12107,2026-09-19,SEC-B02,Akola–Bhusawal,FREIGHT,2026-09-19 22:25:18.868985,2026-09-19 22:55:18.868985,3,UP,SCHEDULED
TR-12108,12108,2026-09-19,SEC-C01,Bhusawal–Jalgaon,FREIGHT,2026-09-19 23:55:14.793463,2026-09-20 00:35:14.793463,21,DN,DELAYED
TR-12109,12109,2026-09-19,SEC-C01,Bhusawal–Jalgaon,FREIGHT,2026-09-19 02:29:46.344911,2026-09-19 03:14:46.344911,6,DN,DELAYED
TR-12110,12110,2026-09-19,SEC-C01,Bhusawal–Jalgaon,PASSENGER,2026-09-19 04:41:59.336864,2026-09-19 05:16:59.336864,5,DN,SCHEDULED
TR-12111,12111,2026-09-19,SEC-C01,Bhusawal–Jalgaon,FREIGHT,2026-09-19 07:11:52.675212,2026-09-19 07:36:52.675212,14,UP,RUNNING
TR-12112,12112,2026-09-19,SEC-C01,Bhusawal–Jalgaon,FREIGHT,2026-09-19 09:39:43.056032,2026-09-19 10:09:43.056032,11,DN,RUNNING
TR-12113,12113,2026-09-19,SEC-C01,Bhusawal–Jalgaon,EXPRESS,2026-09-19 11:51:09.569449,2026-09-19 12:21:09.569449,5,UP,RUNNING
TR-12114,12114,2026-09-19,SEC-C01,Bhusawal–Jalgaon,PASSENGER,2026-09-19 14:09:17.805765,2026-09-19 14:44:17.805765,6,UP,SCHEDULED
TR-12115,12115,2026-09-19,SEC-C01,Bhusawal–Jalgaon,FREIGHT,2026-09-19 16:41:43.037188,2026-09-19 17:11:43.037188,24,DN,SCHEDULED
TR-12116,12116,2026-09-19,SEC-C01,Bhusawal–Jalgaon,PASSENGER,2026-09-19 19:26:15.556696,2026-09-19 19:56:15.556696,3,UP,SCHEDULED
TR-12117,12117,2026-09-19,SEC-C01,Bhusawal–Jalgaon,PASSENGER,2026-09-19 21:47:33.688013,2026-09-19 22:17:33.688013,5,UP,SCHEDULED
TR-12118,12118,2026-09-20,SEC-A01,Nagpur–Wardha,EXPRESS,2026-09-20 23:50:52.777608,2026-09-21 00:20:52.777608,11,UP,SCHEDULED
TR-12119,12119,2026-09-20,SEC-A01,Nagpur–Wardha,FREIGHT,2026-09-20 01:15:23.875053,2026-09-20 01:45:23.875053,15,UP,RUNNING
TR-12120,12120,2026-09-20,SEC-A01,Nagpur–Wardha,FREIGHT,2026-09-20 02:23:59.550842,2026-09-20 02:58:59.550842,16,DN,RUNNING
TR-12121,12121,2026-09-20,SEC-A01,Nagpur–Wardha,SPECIAL,2026-09-20 03:21:11.453869,2026-09-20 04:06:11.453869,8,DN,SCHEDULED
TR-12122,12122,2026-09-20,SEC-A01,Nagpur–Wardha,EXPRESS,2026-09-20 04:10:22.378884,2026-09-20 04:40:22.378884,0,UP,DELAYED
TR-12123,12123,2026-09-20,SEC-A01,Nagpur–Wardha,PASSENGER,2026-09-20 05:23:37.115589,2026-09-20 05:58:37.115589,15,DN,SCHEDULED
TR-12124,12124,2026-09-20,SEC-A01,Nagpur–Wardha,FREIGHT,2026-09-20 06:45:21.460833,2026-09-20 07:30:21.460833,0,DN,SCHEDULED
TR-12125,12125,2026-09-20,SEC-A01,Nagpur–Wardha,FREIGHT,2026-09-20 07:33:00.734179,2026-09-20 07:58:00.734179,10,DN,SCHEDULED
TR-12126,12126,2026-09-20,SEC-A01,Nagpur–Wardha,EXPRESS,2026-09-20 08:54:10.886567,2026-09-20 09:39:10.886567,0,UP,SCHEDULED
TR-12127,12127,2026-09-20,SEC-A01,Nagpur–Wardha,PASSENGER,2026-09-20 09:57:37.851947,2026-09-20 10:42:37.851947,3,DN,DELAYED
TR-12128,12128,2026-09-20,SEC-A01,Nagpur–Wardha,FREIGHT,2026-09-20 10:50:46.406238,2026-09-20 11:35:46.406238,10,DN,RUNNING
TR-12129,12129,2026-09-20,SEC-A01,Nagpur–Wardha,EXPRESS,2026-09-20 12:00:45.856208,2026-09-20 12:40:45.856208,6,DN,RUNNING
TR-12130,12130,2026-09-20,SEC-A01,Nagpur–Wardha,FREIGHT,2026-09-20 12:58:30.276553,2026-09-20 13:38:30.276553,10,UP,SCHEDULED
TR-12131,12131,2026-09-20,SEC-A01,Nagpur–Wardha,FREIGHT,2026-09-20 14:02:29.692763,2026-09-20 14:32:29.692763,19,UP,RUNNING
TR-12132,12132,2026-09-20,SEC-A01,Nagpur–Wardha,EXPRESS,2026-09-20 15:07:55.286889,2026-09-20 15:47:55.286889,7,UP,RUNNING
TR-12133,12133,2026-09-20,SEC-A01,Nagpur–Wardha,PASSENGER,2026-09-20 16:14:27.243544,2026-09-20 16:39:27.243544,2,UP,RUNNING
TR-12134,12134,2026-09-20,SEC-A01,Nagpur–Wardha,PASSENGER,2026-09-20 17:25:36.473204,2026-09-20 18:00:36.473204,10,UP,RUNNING
TR-12135,12135,2026-09-20,SEC-A01,Nagpur–Wardha,FREIGHT,2026-09-20 18:33:05.708122,2026-09-20 19:08:05.708122,16,DN,RUNNING
TR-12136,12136,2026-09-20,SEC-A01,Nagpur–Wardha,PASSENGER,2026-09-20 19:35:27.024087,2026-09-20 20:15:27.024087,0,DN,SCHEDULED
TR-12137,12137,2026-09-20,SEC-A01,Nagpur–Wardha,PASSENGER,2026-09-20 20:34:01.400134,2026-09-20 21:04:01.400134,8,UP,RUNNING
TR-12138,12138,2026-09-20,SEC-A01,Nagpur–Wardha,EXPRESS,2026-09-20 22:01:08.111071,2026-09-20 22:36:08.111071,8,UP,RUNNING
TR-12139,12139,2026-09-20,SEC-A01,Nagpur–Wardha,PASSENGER,2026-09-20 23:07:20.617927,2026-09-20 23:32:20.617927,1,DN,SCHEDULED
TR-12140,12140,2026-09-20,SEC-A02,Wardha–Badnera,PASSENGER,2026-09-20 00:01:22.846908,2026-09-20 00:36:22.846908,13,DN,RUNNING
TR-12141,12141,2026-09-20,SEC-A02,Wardha–Badnera,PASSENGER,2026-09-20 00:59:32.160776,2026-09-20 01:34:32.160776,2,UP,DELAYED
TR-12142,12142,2026-09-20,SEC-A02,Wardha–Badnera,EXPRESS,2026-09-20 02:23:16.834009,2026-09-20 02:48:16.834009,4,DN,RUNNING
TR-12143,12143,2026-09-20,SEC-A02,Wardha–Badnera,EXPRESS,2026-09-20 03:24:51.449039,2026-09-20 04:04:51.449039,2,UP,RUNNING
TR-12144,12144,2026-09-20,SEC-A02,Wardha–Badnera,EXPRESS,2026-09-20 04:26:26.454771,2026-09-20 04:56:26.454771,4,UP,SCHEDULED
TR-12145,12145,2026-09-20,SEC-A02,Wardha–Badnera,FREIGHT,2026-09-20 05:33:58.368239,2026-09-20 06:03:58.368239,0,DN,RUNNING
TR-12146,12146,2026-09-20,SEC-A02,Wardha–Badnera,PASSENGER,2026-09-20 06:27:56.823593,2026-09-20 06:52:56.823593,0,UP,RUNNING
TR-12147,12147,2026-09-20,SEC-A02,Wardha–Badnera,PASSENGER,2026-09-20 07:46:17.145010,2026-09-20 08:26:17.145010,15,DN,DELAYED
TR-12148,12148,2026-09-20,SEC-A02,Wardha–Badnera,FREIGHT,2026-09-20 08:29:32.369151,2026-09-20 08:59:32.369151,2,UP,RUNNING
TR-12149,12149,2026-09-20,SEC-A02,Wardha–Badnera,FREIGHT,2026-09-20 10:02:23.491748,2026-09-20 10:27:23.491748,1,DN,RUNNING
TR-12150,12150,2026-09-20,SEC-A02,Wardha–Badnera,FREIGHT,2026-09-20 10:46:18.610425,2026-09-20 11:26:18.610425,0,DN,DELAYED
TR-12151,12151,2026-09-20,SEC-A02,Wardha–Badnera,PASSENGER,2026-09-20 11:53:59.346975,2026-09-20 12:38:59.346975,0,UP,SCHEDULED
TR-12152,12152,2026-09-20,SEC-A02,Wardha–Badnera,FREIGHT,2026-09-20 12:55:03.916958,2026-09-20 13:30:03.916958,0,DN,RUNNING
TR-12153,12153,2026-09-20,SEC-A02,Wardha–Badnera,PASSENGER,2026-09-20 14:02:02.113768,2026-09-20 14:42:02.113768,15,DN,SCHEDULED
TR-12154,12154,2026-09-20,SEC-A02,Wardha–Badnera,FREIGHT,2026-09-20 15:15:36.417960,2026-09-20 15:50:36.417960,15,DN,RUNNING
TR-12155,12155,2026-09-20,SEC-A02,Wardha–Badnera,FREIGHT,2026-09-20 16:09:36.925621,2026-09-20 16:34:36.925621,3,UP,SCHEDULED
TR-12156,12156,2026-09-20,SEC-A02,Wardha–Badnera,FREIGHT,2026-09-20 17:37:04.018327,2026-09-20 18:22:04.018327,23,UP,SCHEDULED
TR-12157,12157,2026-09-20,SEC-A02,Wardha–Badnera,PASSENGER,2026-09-20 18:19:48.720228,2026-09-20 18:59:48.720228,10,UP,RUNNING
TR-12158,12158,2026-09-20,SEC-A02,Wardha–Badnera,FREIGHT,2026-09-20 19:42:58.134899,2026-09-20 20:07:58.134899,5,DN,DELAYED
TR-12159,12159,2026-09-20,SEC-A02,Wardha–Badnera,EXPRESS,2026-09-20 20:28:58.066578,2026-09-20 21:03:58.066578,0,DN,RUNNING
TR-12160,12160,2026-09-20,SEC-A02,Wardha–Badnera,PASSENGER,2026-09-20 21:38:48.118365,2026-09-20 22:03:48.118365,20,DN,RUNNING
TR-12161,12161,2026-09-20,SEC-A02,Wardha–Badnera,SPECIAL,2026-09-20 23:01:50.384231,2026-09-20 23:41:50.384231,0,UP,SCHEDULED
TR-12162,12162,2026-09-20,SEC-B01,Badnera–Akola,FREIGHT,2026-09-20 00:11:06.808322,2026-09-20 00:46:06.808322,0,DN,SCHEDULED
TR-12163,12163,2026-09-20,SEC-B01,Badnera–Akola,FREIGHT,2026-09-20 01:33:06.677008,2026-09-20 02:08:06.677008,15,DN,RUNNING
TR-12164,12164,2026-09-20,SEC-B01,Badnera–Akola,FREIGHT,2026-09-20 02:51:03.064912,2026-09-20 03:21:03.064912,25,DN,DELAYED
TR-12165,12165,2026-09-20,SEC-B01,Badnera–Akola,PASSENGER,2026-09-20 04:39:13.618498,2026-09-20 05:24:13.618498,13,DN,RUNNING
TR-12166,12166,2026-09-20,SEC-B01,Badnera–Akola,EXPRESS,2026-09-20 05:58:52.851817,2026-09-20 06:23:52.851817,7,DN,RUNNING
TR-12167,12167,2026-09-20,SEC-B01,Badnera–Akola,FREIGHT,2026-09-20 07:25:24.207312,2026-09-20 08:00:24.207312,12,UP,RUNNING
TR-12168,12168,2026-09-20,SEC-B01,Badnera–Akola,EXPRESS,2026-09-20 08:52:28.442672,2026-09-20 09:37:28.442672,9,DN,RUNNING
TR-12169,12169,2026-09-20,SEC-B01,Badnera–Akola,FREIGHT,2026-09-20 10:42:19.499572,2026-09-20 11:12:19.499572,13,UP,RUNNING
TR-12170,12170,2026-09-20,SEC-B01,Badnera–Akola,PASSENGER,2026-09-20 12:05:57.560562,2026-09-20 12:30:57.560562,5,UP,RUNNING
TR-12171,12171,2026-09-20,SEC-B01,Badnera–Akola,PASSENGER,2026-09-20 13:41:28.600498,2026-09-20 14:26:28.600498,4,UP,SCHEDULED
TR-12172,12172,2026-09-20,SEC-B01,Badnera–Akola,SPECIAL,2026-09-20 15:12:15.725648,2026-09-20 15:52:15.725648,3,UP,RUNNING
TR-12173,12173,2026-09-20,SEC-B01,Badnera–Akola,FREIGHT,2026-09-20 16:17:17.760545,2026-09-20 16:42:17.760545,2,DN,RUNNING
TR-12174,12174,2026-09-20,SEC-B01,Badnera–Akola,PASSENGER,2026-09-20 17:58:31.684770,2026-09-20 18:33:31.684770,2,UP,RUNNING
TR-12175,12175,2026-09-20,SEC-B01,Badnera–Akola,FREIGHT,2026-09-20 19:15:48.092183,2026-09-20 19:55:48.092183,0,DN,SCHEDULED
TR-12176,12176,2026-09-20,SEC-B01,Badnera–Akola,PASSENGER,2026-09-20 20:56:54.013790,2026-09-20 21:21:54.013790,3,UP,RUNNING
TR-12177,12177,2026-09-20,SEC-B01,Badnera–Akola,FREIGHT,2026-09-20 22:35:06.532029,2026-09-20 23:15:06.532029,1,UP,SCHEDULED
TR-12178,12178,2026-09-20,SEC-B02,Akola–Bhusawal,EXPRESS,2026-09-20 00:01:27.171373,2026-09-20 00:31:27.171373,0,DN,SCHEDULED
TR-12179,12179,2026-09-20,SEC-B02,Akola–Bhusawal,EXPRESS,2026-09-20 01:29:07.417918,2026-09-20 02:04:07.417918,5,UP,SCHEDULED
TR-12180,12180,2026-09-20,SEC-B02,Akola–Bhusawal,PASSENGER,2026-09-20 03:03:12.579403,2026-09-20 03:33:12.579403,13,DN,SCHEDULED
TR-12181,12181,2026-09-20,SEC-B02,Akola–Bhusawal,FREIGHT,2026-09-20 04:17:19.653540,2026-09-20 04:42:19.653540,14,UP,RUNNING
TR-12182,12182,2026-09-20,SEC-B02,Akola–Bhusawal,EXPRESS,2026-09-20 05:55:44.556581,2026-09-20 06:25:44.556581,0,UP,RUNNING
TR-12183,12183,2026-09-20,SEC-B02,Akola–Bhusawal,FREIGHT,2026-09-20 07:35:54.136255,2026-09-20 08:20:54.136255,1,UP,RUNNING
TR-12184,12184,2026-09-20,SEC-B02,Akola–Bhusawal,PASSENGER,2026-09-20 09:05:42.624083,2026-09-20 09:45:42.624083,10,UP,SCHEDULED
TR-12185,12185,2026-09-20,SEC-B02,Akola–Bhusawal,EXPRESS,2026-09-20 10:38:10.337451,2026-09-20 11:08:10.337451,0,DN,SCHEDULED
TR-12186,12186,2026-09-20,SEC-B02,Akola–Bhusawal,FREIGHT,2026-09-20 11:50:59.974244,2026-09-20 12:15:59.974244,6,UP,RUNNING
TR-12187,12187,2026-09-20,SEC-B02,Akola–Bhusawal,PASSENGER,2026-09-20 13:39:36.947788,2026-09-20 14:04:36.947788,7,UP,SCHEDULED
TR-12188,12188,2026-09-20,SEC-B02,Akola–Bhusawal,FREIGHT,2026-09-20 15:06:43.220695,2026-09-20 15:31:43.220695,1,UP,RUNNING
TR-12189,12189,2026-09-20,SEC-B02,Akola–Bhusawal,FREIGHT,2026-09-20 16:24:40.823237,2026-09-20 16:54:40.823237,8,DN,RUNNING
TR-12190,12190,2026-09-20,SEC-B02,Akola–Bhusawal,PASSENGER,2026-09-20 17:48:37.447131,2026-09-20 18:18:37.447131,0,DN,SCHEDULED
TR-12191,12191,2026-09-20,SEC-B02,Akola–Bhusawal,PASSENGER,2026-09-20 19:15:26.990230,2026-09-20 19:50:26.990230,0,UP,RUNNING
TR-12192,12192,2026-09-20,SEC-B02,Akola–Bhusawal,FREIGHT,2026-09-20 20:51:36.173149,2026-09-20 21:26:36.173149,10,DN,SCHEDULED
TR-12193,12193,2026-09-20,SEC-B02,Akola–Bhusawal,FREIGHT,2026-09-20 22:17:01.196283,2026-09-20 22:47:01.196283,0,DN,SCHEDULED
TR-12194,12194,2026-09-20,SEC-C01,Bhusawal–Jalgaon,PASSENGER,2026-09-20 00:06:22.555996,2026-09-20 00:51:22.555996,7,UP,DELAYED
TR-12195,12195,2026-09-20,SEC-C01,Bhusawal–Jalgaon,FREIGHT,2026-09-20 02:18:43.837723,2026-09-20 02:58:43.837723,7,UP,RUNNING
TR-12196,12196,2026-09-20,SEC-C01,Bhusawal–Jalgaon,SPECIAL,2026-09-20 04:38:15.595883,2026-09-20 05:13:15.595883,7,DN,SCHEDULED
TR-12197,12197,2026-09-20,SEC-C01,Bhusawal–Jalgaon,EXPRESS,2026-09-20 07:07:03.189393,2026-09-20 07:52:03.189393,5,DN,RUNNING
TR-12198,12198,2026-09-20,SEC-C01,Bhusawal–Jalgaon,FREIGHT,2026-09-20 09:36:19.847054,2026-09-20 10:06:19.847054,17,UP,SCHEDULED
TR-12199,12199,2026-09-20,SEC-C01,Bhusawal–Jalgaon,PASSENGER,2026-09-20 11:45:38.184083,2026-09-20 12:10:38.184083,4,DN,SCHEDULED
TR-12200,12200,2026-09-20,SEC-C01,Bhusawal–Jalgaon,PASSENGER,2026-09-20 14:27:35.579211,2026-09-20 14:52:35.579211,0,DN,RUNNING
TR-12201,12201,2026-09-20,SEC-C01,Bhusawal–Jalgaon,PASSENGER,2026-09-20 16:39:03.621218,2026-09-20 17:19:03.621218,4,UP,SCHEDULED
TR-12202,12202,2026-09-20,SEC-C01,Bhusawal–Jalgaon,SPECIAL,2026-09-20 19:24:42.136451,2026-09-20 20:09:42.136451,7,DN,RUNNING
TR-12203,12203,2026-09-20,SEC-C01,Bhusawal–Jalgaon,FREIGHT,2026-09-20 21:25:01.680621,2026-09-20 22:00:01.680621,8,UP,DELAYED
TR-12204,12204,2026-09-21,SEC-A01,Nagpur–Wardha,FREIGHT,2026-09-21 00:08:45.203588,2026-09-21 00:48:45.203588,8,DN,SCHEDULED
TR-12205,12205,2026-09-21,SEC-A01,Nagpur–Wardha,PASSENGER,2026-09-21 00:57:19.490767,2026-09-21 01:32:19.490767,0,UP,DELAYED
TR-12206,12206,2026-09-21,SEC-A01,Nagpur–Wardha,EXPRESS,2026-09-21 01:57:31.878621,2026-09-21 02:27:31.878621,0,UP,DELAYED
TR-12207,12207,2026-09-21,SEC-A01,Nagpur–Wardha,PASSENGER,2026-09-21 03:27:32.688591,2026-09-21 04:12:32.688591,0,DN,SCHEDULED
TR-12208,12208,2026-09-21,SEC-A01,Nagpur–Wardha,PASSENGER,2026-09-21 04:08:45.401294,2026-09-21 04:48:45.401294,16,UP,SCHEDULED
TR-12209,12209,2026-09-21,SEC-A01,Nagpur–Wardha,EXPRESS,2026-09-21 05:31:18.224163,2026-09-21 06:01:18.224163,0,UP,SCHEDULED
TR-12210,12210,2026-09-21,SEC-A01,Nagpur–Wardha,EXPRESS,2026-09-21 06:22:56.252848,2026-09-21 07:07:56.252848,0,UP,SCHEDULED
TR-12211,12211,2026-09-21,SEC-A01,Nagpur–Wardha,EXPRESS,2026-09-21 07:38:24.273279,2026-09-21 08:18:24.273279,0,DN,SCHEDULED
TR-12212,12212,2026-09-21,SEC-A01,Nagpur–Wardha,FREIGHT,2026-09-21 08:50:17.194597,2026-09-21 09:20:17.194597,14,UP,RUNNING
TR-12213,12213,2026-09-21,SEC-A01,Nagpur–Wardha,SPECIAL,2026-09-21 09:42:39.089747,2026-09-21 10:22:39.089747,1,UP,RUNNING
TR-12214,12214,2026-09-21,SEC-A01,Nagpur–Wardha,PASSENGER,2026-09-21 11:05:25.093221,2026-09-21 11:45:25.093221,12,DN,RUNNING
TR-12215,12215,2026-09-21,SEC-A01,Nagpur–Wardha,FREIGHT,2026-09-21 11:56:19.891480,2026-09-21 12:36:19.891480,3,DN,SCHEDULED
TR-12216,12216,2026-09-21,SEC-A01,Nagpur–Wardha,PASSENGER,2026-09-21 13:15:02.559581,2026-09-21 13:55:02.559581,5,DN,RUNNING
TR-12217,12217,2026-09-21,SEC-A01,Nagpur–Wardha,FREIGHT,2026-09-21 14:21:31.821433,2026-09-21 14:56:31.821433,2,UP,DELAYED
TR-12218,12218,2026-09-21,SEC-A01,Nagpur–Wardha,FREIGHT,2026-09-21 15:23:09.785005,2026-09-21 15:58:09.785005,23,DN,RUNNING
TR-12219,12219,2026-09-21,SEC-A01,Nagpur–Wardha,FREIGHT,2026-09-21 16:15:18.897255,2026-09-21 17:00:18.897255,0,UP,RUNNING
TR-12220,12220,2026-09-21,SEC-A01,Nagpur–Wardha,PASSENGER,2026-09-21 17:16:22.345065,2026-09-21 17:56:22.345065,6,UP,SCHEDULED
TR-12221,12221,2026-09-21,SEC-A01,Nagpur–Wardha,EXPRESS,2026-09-21 18:18:06.738054,2026-09-21 19:03:06.738054,8,DN,RUNNING
TR-12222,12222,2026-09-21,SEC-A01,Nagpur–Wardha,EXPRESS,2026-09-21 19:35:19.108560,2026-09-21 20:15:19.108560,6,DN,RUNNING
TR-12223,12223,2026-09-21,SEC-A01,Nagpur–Wardha,PASSENGER,2026-09-21 20:43:19.373824,2026-09-21 21:28:19.373824,2,UP,SCHEDULED
TR-12224,12224,2026-09-21,SEC-A01,Nagpur–Wardha,PASSENGER,2026-09-21 21:45:38.141366,2026-09-21 22:30:38.141366,3,DN,RUNNING
TR-12225,12225,2026-09-21,SEC-A01,Nagpur–Wardha,FREIGHT,2026-09-21 23:02:41.013955,2026-09-21 23:37:41.013955,8,DN,RUNNING
TR-12226,12226,2026-09-21,SEC-A02,Wardha–Badnera,EXPRESS,2026-09-21 00:05:53.619742,2026-09-21 00:45:53.619742,2,UP,SCHEDULED
TR-12227,12227,2026-09-21,SEC-A02,Wardha–Badnera,FREIGHT,2026-09-21 01:04:47.178732,2026-09-21 01:39:47.178732,14,UP,SCHEDULED
TR-12228,12228,2026-09-21,SEC-A02,Wardha–Badnera,EXPRESS,2026-09-21 02:03:44.940712,2026-09-21 02:43:44.940712,19,UP,RUNNING
TR-12229,12229,2026-09-21,SEC-A02,Wardha–Badnera,SPECIAL,2026-09-21 03:08:47.164825,2026-09-21 03:53:47.164825,0,UP,SCHEDULED
TR-12230,12230,2026-09-21,SEC-A02,Wardha–Badnera,FREIGHT,2026-09-21 04:10:19.206068,2026-09-21 04:35:19.206068,0,DN,RUNNING
TR-12231,12231,2026-09-21,SEC-A02,Wardha–Badnera,FREIGHT,2026-09-21 05:33:27.289226,2026-09-21 05:58:27.289226,7,UP,RUNNING
TR-12232,12232,2026-09-21,SEC-A02,Wardha–Badnera,PASSENGER,2026-09-21 06:22:42.118857,2026-09-21 07:02:42.118857,22,DN,DELAYED
TR-12233,12233,2026-09-21,SEC-A02,Wardha–Badnera,FREIGHT,2026-09-21 07:52:12.739267,2026-09-21 08:32:12.739267,2,DN,SCHEDULED
TR-12234,12234,2026-09-21,SEC-A02,Wardha–Badnera,EXPRESS,2026-09-21 08:31:54.875147,2026-09-21 09:16:54.875147,15,DN,SCHEDULED
TR-12235,12235,2026-09-21,SEC-A02,Wardha–Badnera,EXPRESS,2026-09-21 09:42:09.692954,2026-09-21 10:12:09.692954,15,DN,RUNNING
TR-12236,12236,2026-09-21,SEC-A02,Wardha–Badnera,EXPRESS,2026-09-21 10:39:44.283825,2026-09-21 11:09:44.283825,0,UP,SCHEDULED
TR-12237,12237,2026-09-21,SEC-A02,Wardha–Badnera,FREIGHT,2026-09-21 11:47:05.714691,2026-09-21 12:27:05.714691,11,DN,RUNNING
TR-12238,12238,2026-09-21,SEC-A02,Wardha–Badnera,PASSENGER,2026-09-21 12:55:34.414388,2026-09-21 13:30:34.414388,15,UP,SCHEDULED
TR-12239,12239,2026-09-21,SEC-A02,Wardha–Badnera,EXPRESS,2026-09-21 14:10:30.193722,2026-09-21 14:55:30.193722,1,DN,DELAYED
TR-12240,12240,2026-09-21,SEC-A02,Wardha–Badnera,PASSENGER,2026-09-21 15:25:47.685001,2026-09-21 15:55:47.685001,2,UP,SCHEDULED
TR-12241,12241,2026-09-21,SEC-A02,Wardha–Badnera,FREIGHT,2026-09-21 16:14:35.924359,2026-09-21 16:54:35.924359,3,UP,SCHEDULED
TR-12242,12242,2026-09-21,SEC-A02,Wardha–Badnera,FREIGHT,2026-09-21 17:14:40.021280,2026-09-21 17:39:40.021280,0,DN,SCHEDULED
TR-12243,12243,2026-09-21,SEC-A02,Wardha–Badnera,PASSENGER,2026-09-21 18:27:59.509816,2026-09-21 19:12:59.509816,0,DN,SCHEDULED
TR-12244,12244,2026-09-21,SEC-A02,Wardha–Badnera,EXPRESS,2026-09-21 19:23:28.020928,2026-09-21 19:58:28.020928,0,UP,DELAYED
TR-12245,12245,2026-09-21,SEC-A02,Wardha–Badnera,PASSENGER,2026-09-21 20:52:18.754720,2026-09-21 21:17:18.754720,4,UP,RUNNING
TR-12246,12246,2026-09-21,SEC-A02,Wardha–Badnera,EXPRESS,2026-09-21 21:52:10.827315,2026-09-21 22:27:10.827315,0,DN,RUNNING
TR-12247,12247,2026-09-21,SEC-A02,Wardha–Badnera,FREIGHT,2026-09-21 22:57:40.596064,2026-09-21 23:32:40.596064,9,DN,RUNNING
TR-12248,12248,2026-09-21,SEC-B01,Badnera–Akola,FREIGHT,2026-09-21 00:09:30.324946,2026-09-21 00:44:30.324946,0,DN,DELAYED
TR-12249,12249,2026-09-21,SEC-B01,Badnera–Akola,EXPRESS,2026-09-21 01:16:43.034779,2026-09-21 01:51:43.034779,6,UP,SCHEDULED
TR-12250,12250,2026-09-21,SEC-B01,Badnera–Akola,EXPRESS,2026-09-21 02:58:42.454667,2026-09-21 03:38:42.454667,9,UP,SCHEDULED
TR-12251,12251,2026-09-21,SEC-B01,Badnera–Akola,PASSENGER,2026-09-21 04:33:03.436518,2026-09-21 05:18:03.436518,0,UP,RUNNING
TR-12252,12252,2026-09-21,SEC-B01,Badnera–Akola,FREIGHT,2026-09-21 05:58:33.452540,2026-09-21 06:38:33.452540,10,UP,SCHEDULED
TR-12253,12253,2026-09-21,SEC-B01,Badnera–Akola,PASSENGER,2026-09-21 07:44:35.126530,2026-09-21 08:19:35.126530,12,DN,SCHEDULED
TR-12254,12254,2026-09-21,SEC-B01,Badnera–Akola,FREIGHT,2026-09-21 09:14:05.275638,2026-09-21 09:49:05.275638,0,UP,DELAYED
TR-12255,12255,2026-09-21,SEC-B01,Badnera–Akola,EXPRESS,2026-09-21 10:29:32.165059,2026-09-21 11:14:32.165059,15,DN,RUNNING
TR-12256,12256,2026-09-21,SEC-B01,Badnera–Akola,SPECIAL,2026-09-21 12:13:10.352555,2026-09-21 12:53:10.352555,6,UP,RUNNING
TR-12257,12257,2026-09-21,SEC-B01,Badnera–Akola,EXPRESS,2026-09-21 13:23:48.953352,2026-09-21 13:53:48.953352,0,UP,SCHEDULED
TR-12258,12258,2026-09-21,SEC-B01,Badnera–Akola,PASSENGER,2026-09-21 14:59:56.265102,2026-09-21 15:24:56.265102,3,DN,SCHEDULED
TR-12259,12259,2026-09-21,SEC-B01,Badnera–Akola,FREIGHT,2026-09-21 16:41:53.535437,2026-09-21 17:06:53.535437,11,UP,SCHEDULED
TR-12260,12260,2026-09-21,SEC-B01,Badnera–Akola,PASSENGER,2026-09-21 17:51:20.953478,2026-09-21 18:16:20.953478,4,UP,SCHEDULED
TR-12261,12261,2026-09-21,SEC-B01,Badnera–Akola,EXPRESS,2026-09-21 19:42:52.206258,2026-09-21 20:17:52.206258,7,DN,SCHEDULED
TR-12262,12262,2026-09-21,SEC-B01,Badnera–Akola,SPECIAL,2026-09-21 21:06:34.514969,2026-09-21 21:46:34.514969,0,UP,SCHEDULED
TR-12263,12263,2026-09-21,SEC-B01,Badnera–Akola,PASSENGER,2026-09-21 22:42:40.925136,2026-09-21 23:22:40.925136,5,DN,SCHEDULED
TR-12264,12264,2026-09-21,SEC-B02,Akola–Bhusawal,PASSENGER,2026-09-21 00:12:57.203919,2026-09-21 00:57:57.203919,0,DN,RUNNING
TR-12265,12265,2026-09-21,SEC-B02,Akola–Bhusawal,FREIGHT,2026-09-21 01:42:18.300826,2026-09-21 02:22:18.300826,7,DN,SCHEDULED
TR-12266,12266,2026-09-21,SEC-B02,Akola–Bhusawal,PASSENGER,2026-09-21 02:51:42.391504,2026-09-21 03:16:42.391504,0,UP,SCHEDULED
TR-12267,12267,2026-09-21,SEC-B02,Akola–Bhusawal,EXPRESS,2026-09-21 04:25:12.428137,2026-09-21 05:10:12.428137,0,UP,DELAYED
TR-12268,12268,2026-09-21,SEC-B02,Akola–Bhusawal,SPECIAL,2026-09-21 05:56:01.926647,2026-09-21 06:31:01.926647,12,UP,RUNNING
TR-12269,12269,2026-09-21,SEC-B02,Akola–Bhusawal,PASSENGER,2026-09-21 07:16:51.392886,2026-09-21 08:01:51.392886,11,DN,RUNNING
TR-12270,12270,2026-09-21,SEC-B02,Akola–Bhusawal,EXPRESS,2026-09-21 08:54:35.357380,2026-09-21 09:29:35.357380,8,UP,DELAYED
TR-12271,12271,2026-09-21,SEC-B02,Akola–Bhusawal,PASSENGER,2026-09-21 10:34:54.737000,2026-09-21 11:19:54.737000,0,DN,SCHEDULED
TR-12272,12272,2026-09-21,SEC-B02,Akola–Bhusawal,PASSENGER,2026-09-21 12:01:08.927298,2026-09-21 12:41:08.927298,1,DN,SCHEDULED
TR-12273,12273,2026-09-21,SEC-B02,Akola–Bhusawal,PASSENGER,2026-09-21 13:29:59.698797,2026-09-21 14:09:59.698797,12,DN,SCHEDULED
TR-12274,12274,2026-09-21,SEC-B02,Akola–Bhusawal,FREIGHT,2026-09-21 15:07:24.707876,2026-09-21 15:32:24.707876,8,DN,DELAYED
TR-12275,12275,2026-09-21,SEC-B02,Akola–Bhusawal,PASSENGER,2026-09-21 16:44:42.603202,2026-09-21 17:09:42.603202,20,DN,SCHEDULED
TR-12276,12276,2026-09-21,SEC-B02,Akola–Bhusawal,PASSENGER,2026-09-21 17:59:51.045945,2026-09-21 18:39:51.045945,6,DN,SCHEDULED
TR-12277,12277,2026-09-21,SEC-B02,Akola–Bhusawal,EXPRESS,2026-09-21 19:39:50.192450,2026-09-21 20:09:50.192450,5,UP,SCHEDULED
TR-12278,12278,2026-09-21,SEC-B02,Akola–Bhusawal,EXPRESS,2026-09-21 21:12:41.684139,2026-09-21 21:42:41.684139,1,DN,RUNNING
TR-12279,12279,2026-09-21,SEC-B02,Akola–Bhusawal,SPECIAL,2026-09-21 22:44:31.901176,2026-09-21 23:14:31.901176,4,DN,RUNNING
TR-12280,12280,2026-09-21,SEC-C01,Bhusawal–Jalgaon,SPECIAL,2026-09-21 23:57:40.387449,2026-09-22 00:37:40.387449,2,DN,RUNNING
TR-12281,12281,2026-09-21,SEC-C01,Bhusawal–Jalgaon,PASSENGER,2026-09-21 02:11:09.281798,2026-09-21 02:46:09.281798,8,UP,DELAYED
TR-12282,12282,2026-09-21,SEC-C01,Bhusawal–Jalgaon,PASSENGER,2026-09-21 04:44:48.790417,2026-09-21 05:14:48.790417,10,UP,RUNNING
TR-12283,12283,2026-09-21,SEC-C01,Bhusawal–Jalgaon,FREIGHT,2026-09-21 07:10:43.558500,2026-09-21 07:40:43.558500,2,DN,RUNNING
TR-12284,12284,2026-09-21,SEC-C01,Bhusawal–Jalgaon,PASSENGER,2026-09-21 09:29:43.946825,2026-09-21 09:59:43.946825,0,UP,SCHEDULED
TR-12285,12285,2026-09-21,SEC-C01,Bhusawal–Jalgaon,PASSENGER,2026-09-21 11:55:52.006397,2026-09-21 12:40:52.006397,0,UP,RUNNING
TR-12286,12286,2026-09-21,SEC-C01,Bhusawal–Jalgaon,FREIGHT,2026-09-21 14:37:30.716678,2026-09-21 15:17:30.716678,11,UP,SCHEDULED
TR-12287,12287,2026-09-21,SEC-C01,Bhusawal–Jalgaon,PASSENGER,2026-09-21 16:35:52.885917,2026-09-21 17:15:52.885917,0,UP,SCHEDULED
TR-12288,12288,2026-09-21,SEC-C01,Bhusawal–Jalgaon,FREIGHT,2026-09-21 19:26:24.498168,2026-09-21 20:01:24.498168,0,UP,RUNNING
TR-12289,12289,2026-09-21,SEC-C01,Bhusawal–Jalgaon,PASSENGER,2026-09-21 21:28:21.001806,2026-09-21 21:53:21.001806,6,DN,RUNNING
TR-12290,12290,2026-09-22,SEC-A01,Nagpur–Wardha,FREIGHT,2026-09-22 00:05:38.371391,2026-09-22 00:35:38.371391,25,DN,SCHEDULED
TR-12291,12291,2026-09-22,SEC-A01,Nagpur–Wardha,PASSENGER,2026-09-22 01:13:47.188187,2026-09-22 01:53:47.188187,3,DN,RUNNING
TR-12292,12292,2026-09-22,SEC-A01,Nagpur–Wardha,PASSENGER,2026-09-22 01:56:15.429806,2026-09-22 02:21:15.429806,9,DN,DELAYED
TR-12293,12293,2026-09-22,SEC-A01,Nagpur–Wardha,FREIGHT,2026-09-22 03:08:06.701254,2026-09-22 03:53:06.701254,8,DN,RUNNING
TR-12294,12294,2026-09-22,SEC-A01,Nagpur–Wardha,EXPRESS,2026-09-22 04:27:37.797443,2026-09-22 04:52:37.797443,3,UP,RUNNING
TR-12295,12295,2026-09-22,SEC-A01,Nagpur–Wardha,PASSENGER,2026-09-22 05:26:47.908296,2026-09-22 06:06:47.908296,10,UP,SCHEDULED
TR-12296,12296,2026-09-22,SEC-A01,Nagpur–Wardha,PASSENGER,2026-09-22 06:27:29.048518,2026-09-22 07:12:29.048518,1,UP,RUNNING
TR-12297,12297,2026-09-22,SEC-A01,Nagpur–Wardha,EXPRESS,2026-09-22 07:39:51.817386,2026-09-22 08:24:51.817386,5,DN,SCHEDULED
TR-12298,12298,2026-09-22,SEC-A01,Nagpur–Wardha,FREIGHT,2026-09-22 08:44:12.203827,2026-09-22 09:29:12.203827,10,UP,SCHEDULED
TR-12299,12299,2026-09-22,SEC-A01,Nagpur–Wardha,PASSENGER,2026-09-22 10:03:03.680424,2026-09-22 10:28:03.680424,0,UP,SCHEDULED
TR-12300,12300,2026-09-22,SEC-A01,Nagpur–Wardha,PASSENGER,2026-09-22 10:56:11.226456,2026-09-22 11:31:11.226456,10,UP,DELAYED
TR-12301,12301,2026-09-22,SEC-A01,Nagpur–Wardha,PASSENGER,2026-09-22 11:51:11.213820,2026-09-22 12:21:11.213820,2,DN,SCHEDULED
TR-12302,12302,2026-09-22,SEC-A01,Nagpur–Wardha,FREIGHT,2026-09-22 12:52:59.571318,2026-09-22 13:17:59.571318,2,DN,DELAYED
TR-12303,12303,2026-09-22,SEC-A01,Nagpur–Wardha,PASSENGER,2026-09-22 14:01:03.431212,2026-09-22 14:26:03.431212,7,UP,DELAYED
TR-12304,12304,2026-09-22,SEC-A01,Nagpur–Wardha,FREIGHT,2026-09-22 15:28:30.133306,2026-09-22 16:03:30.133306,1,DN,SCHEDULED
TR-12305,12305,2026-09-22,SEC-A01,Nagpur–Wardha,FREIGHT,2026-09-22 16:24:07.819554,2026-09-22 16:59:07.819554,8,DN,DELAYED
TR-12306,12306,2026-09-22,SEC-A01,Nagpur–Wardha,FREIGHT,2026-09-22 17:28:25.140713,2026-09-22 17:58:25.140713,7,UP,SCHEDULED
TR-12307,12307,2026-09-22,SEC-A01,Nagpur–Wardha,PASSENGER,2026-09-22 18:18:49.757472,2026-09-22 18:48:49.757472,11,UP,SCHEDULED
TR-12308,12308,2026-09-22,SEC-A01,Nagpur–Wardha,FREIGHT,2026-09-22 19:41:14.768988,2026-09-22 20:11:14.768988,11,DN,SCHEDULED
TR-12309,12309,2026-09-22,SEC-A01,Nagpur–Wardha,PASSENGER,2026-09-22 20:50:30.569746,2026-09-22 21:30:30.569746,3,DN,RUNNING
TR-12310,12310,2026-09-22,SEC-A01,Nagpur–Wardha,FREIGHT,2026-09-22 21:45:32.662709,2026-09-22 22:15:32.662709,13,UP,RUNNING
TR-12311,12311,2026-09-22,SEC-A01,Nagpur–Wardha,FREIGHT,2026-09-22 22:59:50.473480,2026-09-22 23:29:50.473480,17,UP,RUNNING
TR-12312,12312,2026-09-22,SEC-A02,Wardha–Badnera,EXPRESS,2026-09-22 00:14:51.646684,2026-09-22 00:44:51.646684,7,UP,RUNNING
TR-12313,12313,2026-09-22,SEC-A02,Wardha–Badnera,SPECIAL,2026-09-22 01:15:06.094776,2026-09-22 01:50:06.094776,4,DN,RUNNING
TR-12314,12314,2026-09-22,SEC-A02,Wardha–Badnera,PASSENGER,2026-09-22 01:56:41.183208,2026-09-22 02:41:41.183208,0,DN,SCHEDULED
TR-12315,12315,2026-09-22,SEC-A02,Wardha–Badnera,FREIGHT,2026-09-22 03:17:18.464480,2026-09-22 04:02:18.464480,0,DN,SCHEDULED
TR-12316,12316,2026-09-22,SEC-A02,Wardha–Badnera,EXPRESS,2026-09-22 04:17:42.165982,2026-09-22 04:52:42.165982,1,UP,SCHEDULED
TR-12317,12317,2026-09-22,SEC-A02,Wardha–Badnera,FREIGHT,2026-09-22 05:20:28.927853,2026-09-22 05:45:28.927853,3,UP,RUNNING
TR-12318,12318,2026-09-22,SEC-A02,Wardha–Badnera,PASSENGER,2026-09-22 06:46:16.845513,2026-09-22 07:11:16.845513,2,DN,DELAYED
TR-12319,12319,2026-09-22,SEC-A02,Wardha–Badnera,PASSENGER,2026-09-22 07:47:49.326939,2026-09-22 08:27:49.326939,4,DN,DELAYED
TR-12320,12320,2026-09-22,SEC-A02,Wardha–Badnera,PASSENGER,2026-09-22 08:54:35.898847,2026-09-22 09:39:35.898847,7,UP,SCHEDULED
TR-12321,12321,2026-09-22,SEC-A02,Wardha–Badnera,PASSENGER,2026-09-22 09:39:12.799895,2026-09-22 10:19:12.799895,3,DN,RUNNING
TR-12322,12322,2026-09-22,SEC-A02,Wardha–Badnera,PASSENGER,2026-09-22 10:57:18.885496,2026-09-22 11:32:18.885496,7,UP,SCHEDULED
TR-12323,12323,2026-09-22,SEC-A02,Wardha–Badnera,EXPRESS,2026-09-22 11:49:16.806256,2026-09-22 12:34:16.806256,4,UP,RUNNING
TR-12324,12324,2026-09-22,SEC-A02,Wardha–Badnera,FREIGHT,2026-09-22 13:11:40.777075,2026-09-22 13:41:40.777075,0,DN,RUNNING
TR-12325,12325,2026-09-22,SEC-A02,Wardha–Badnera,EXPRESS,2026-09-22 14:01:24.133601,2026-09-22 14:36:24.133601,0,DN,RUNNING
TR-12326,12326,2026-09-22,SEC-A02,Wardha–Badnera,EXPRESS,2026-09-22 15:29:56.527562,2026-09-22 16:14:56.527562,2,UP,RUNNING
TR-12327,12327,2026-09-22,SEC-A02,Wardha–Badnera,EXPRESS,2026-09-22 16:25:53.234356,2026-09-22 16:50:53.234356,0,DN,RUNNING
TR-12328,12328,2026-09-22,SEC-A02,Wardha–Badnera,PASSENGER,2026-09-22 17:37:37.805731,2026-09-22 18:02:37.805731,8,UP,SCHEDULED
TR-12329,12329,2026-09-22,SEC-A02,Wardha–Badnera,PASSENGER,2026-09-22 18:22:40.839990,2026-09-22 18:47:40.839990,14,DN,DELAYED
TR-12330,12330,2026-09-22,SEC-A02,Wardha–Badnera,SPECIAL,2026-09-22 19:51:04.169304,2026-09-22 20:16:04.169304,12,DN,DELAYED
TR-12331,12331,2026-09-22,SEC-A02,Wardha–Badnera,FREIGHT,2026-09-22 20:56:36.576372,2026-09-22 21:26:36.576372,6,UP,RUNNING
TR-12332,12332,2026-09-22,SEC-A02,Wardha–Badnera,EXPRESS,2026-09-22 21:34:30.475017,2026-09-22 22:04:30.475017,14,UP,RUNNING
TR-12333,12333,2026-09-22,SEC-A02,Wardha–Badnera,PASSENGER,2026-09-22 23:00:37.392358,2026-09-22 23:35:37.392358,5,UP,DELAYED
TR-12334,12334,2026-09-22,SEC-B01,Badnera–Akola,FREIGHT,2026-09-22 23:58:27.573679,2026-09-23 00:28:27.573679,5,UP,SCHEDULED
TR-12335,12335,2026-09-22,SEC-B01,Badnera–Akola,FREIGHT,2026-09-22 01:17:15.220273,2026-09-22 01:47:15.220273,3,UP,RUNNING
TR-12336,12336,2026-09-22,SEC-B01,Badnera–Akola,FREIGHT,2026-09-22 02:59:51.914151,2026-09-22 03:29:51.914151,5,UP,RUNNING
TR-12337,12337,2026-09-22,SEC-B01,Badnera–Akola,EXPRESS,2026-09-22 04:42:25.281315,2026-09-22 05:12:25.281315,1,UP,RUNNING
TR-12338,12338,2026-09-22,SEC-B01,Badnera–Akola,PASSENGER,2026-09-22 05:53:58.520387,2026-09-22 06:28:58.520387,5,UP,DELAYED
TR-12339,12339,2026-09-22,SEC-B01,Badnera–Akola,EXPRESS,2026-09-22 07:26:48.518657,2026-09-22 08:01:48.518657,5,UP,RUNNING
TR-12340,12340,2026-09-22,SEC-B01,Badnera–Akola,PASSENGER,2026-09-22 09:11:46.489035,2026-09-22 09:51:46.489035,4,UP,DELAYED
TR-12341,12341,2026-09-22,SEC-B01,Badnera–Akola,FREIGHT,2026-09-22 10:28:48.636977,2026-09-22 11:03:48.636977,11,UP,RUNNING
TR-12342,12342,2026-09-22,SEC-B01,Badnera–Akola,FREIGHT,2026-09-22 12:11:42.353298,2026-09-22 12:41:42.353298,16,UP,SCHEDULED
TR-12343,12343,2026-09-22,SEC-B01,Badnera–Akola,PASSENGER,2026-09-22 13:27:55.446870,2026-09-22 13:57:55.446870,10,UP,RUNNING
TR-12344,12344,2026-09-22,SEC-B01,Badnera–Akola,PASSENGER,2026-09-22 14:48:42.916767,2026-09-22 15:28:42.916767,0,DN,SCHEDULED
TR-12345,12345,2026-09-22,SEC-B01,Badnera–Akola,PASSENGER,2026-09-22 16:29:07.257624,2026-09-22 17:04:07.257624,0,DN,SCHEDULED
TR-12346,12346,2026-09-22,SEC-B01,Badnera–Akola,PASSENGER,2026-09-22 18:01:05.569292,2026-09-22 18:36:05.569292,10,DN,RUNNING
TR-12347,12347,2026-09-22,SEC-B01,Badnera–Akola,EXPRESS,2026-09-22 19:19:51.301741,2026-09-22 19:54:51.301741,0,UP,RUNNING
TR-12348,12348,2026-09-22,SEC-B01,Badnera–Akola,PASSENGER,2026-09-22 21:11:30.437278,2026-09-22 21:41:30.437278,2,DN,SCHEDULED
TR-12349,12349,2026-09-22,SEC-B01,Badnera–Akola,EXPRESS,2026-09-22 22:19:00.624597,2026-09-22 22:59:00.624597,0,UP,SCHEDULED
TR-12350,12350,2026-09-22,SEC-B02,Akola–Bhusawal,SPECIAL,2026-09-22 00:04:59.168674,2026-09-22 00:44:59.168674,0,DN,SCHEDULED
TR-12351,12351,2026-09-22,SEC-B02,Akola–Bhusawal,FREIGHT,2026-09-22 01:27:37.971581,2026-09-22 02:12:37.971581,11,UP,RUNNING
TR-12352,12352,2026-09-22,SEC-B02,Akola–Bhusawal,FREIGHT,2026-09-22 03:07:31.961832,2026-09-22 03:47:31.961832,13,DN,SCHEDULED
TR-12353,12353,2026-09-22,SEC-B02,Akola–Bhusawal,EXPRESS,2026-09-22 04:18:17.519011,2026-09-22 04:43:17.519011,0,UP,SCHEDULED
TR-12354,12354,2026-09-22,SEC-B02,Akola–Bhusawal,EXPRESS,2026-09-22 05:55:19.416992,2026-09-22 06:20:19.416992,0,UP,SCHEDULED
TR-12355,12355,2026-09-22,SEC-B02,Akola–Bhusawal,FREIGHT,2026-09-22 07:35:20.958573,2026-09-22 08:10:20.958573,4,UP,RUNNING
TR-12356,12356,2026-09-22,SEC-B02,Akola–Bhusawal,FREIGHT,2026-09-22 08:59:24.347425,2026-09-22 09:34:24.347425,10,DN,SCHEDULED
TR-12357,12357,2026-09-22,SEC-B02,Akola–Bhusawal,PASSENGER,2026-09-22 10:33:31.703688,2026-09-22 11:18:31.703688,0,DN,SCHEDULED
TR-12358,12358,2026-09-22,SEC-B02,Akola–Bhusawal,FREIGHT,2026-09-22 12:10:55.500250,2026-09-22 12:40:55.500250,9,DN,SCHEDULED
TR-12359,12359,2026-09-22,SEC-B02,Akola–Bhusawal,EXPRESS,2026-09-22 13:29:13.007091,2026-09-22 13:54:13.007091,3,UP,SCHEDULED
TR-12360,12360,2026-09-22,SEC-B02,Akola–Bhusawal,FREIGHT,2026-09-22 15:14:46.593003,2026-09-22 15:59:46.593003,12,UP,SCHEDULED
TR-12361,12361,2026-09-22,SEC-B02,Akola–Bhusawal,PASSENGER,2026-09-22 16:18:36.830141,2026-09-22 16:58:36.830141,4,UP,SCHEDULED
TR-12362,12362,2026-09-22,SEC-B02,Akola–Bhusawal,PASSENGER,2026-09-22 17:57:47.345359,2026-09-22 18:42:47.345359,0,UP,RUNNING
TR-12363,12363,2026-09-22,SEC-B02,Akola–Bhusawal,EXPRESS,2026-09-22 19:27:13.134943,2026-09-22 20:02:13.134943,12,UP,SCHEDULED
TR-12364,12364,2026-09-22,SEC-B02,Akola–Bhusawal,PASSENGER,2026-09-22 20:55:05.120133,2026-09-22 21:35:05.120133,2,DN,SCHEDULED
TR-12365,12365,2026-09-22,SEC-B02,Akola–Bhusawal,FREIGHT,2026-09-22 22:24:07.721982,2026-09-22 22:59:07.721982,7,DN,RUNNING
TR-12366,12366,2026-09-22,SEC-C01,Bhusawal–Jalgaon,PASSENGER,2026-09-22 23:52:24.543546,2026-09-23 00:17:24.543546,0,UP,SCHEDULED
TR-12367,12367,2026-09-22,SEC-C01,Bhusawal–Jalgaon,PASSENGER,2026-09-22 02:28:48.775363,2026-09-22 03:03:48.775363,0,DN,RUNNING
TR-12368,12368,2026-09-22,SEC-C01,Bhusawal–Jalgaon,FREIGHT,2026-09-22 05:00:15.267555,2026-09-22 05:25:15.267555,1,DN,RUNNING
TR-12369,12369,2026-09-22,SEC-C01,Bhusawal–Jalgaon,PASSENGER,2026-09-22 07:07:54.446237,2026-09-22 07:42:54.446237,2,UP,DELAYED
TR-12370,12370,2026-09-22,SEC-C01,Bhusawal–Jalgaon,PASSENGER,2026-09-22 09:44:06.834560,2026-09-22 10:14:06.834560,15,DN,DELAYED
TR-12371,12371,2026-09-22,SEC-C01,Bhusawal–Jalgaon,PASSENGER,2026-09-22 12:00:51.951715,2026-09-22 12:35:51.951715,0,DN,SCHEDULED
TR-12372,12372,2026-09-22,SEC-C01,Bhusawal–Jalgaon,EXPRESS,2026-09-22 14:26:31.788989,2026-09-22 14:51:31.788989,0,UP,DELAYED
TR-12373,12373,2026-09-22,SEC-C01,Bhusawal–Jalgaon,SPECIAL,2026-09-22 16:36:36.637825,2026-09-22 17:21:36.637825,14,UP,SCHEDULED
TR-12374,12374,2026-09-22,SEC-C01,Bhusawal–Jalgaon,PASSENGER,2026-09-22 19:18:08.388097,2026-09-22 19:43:08.388097,2,DN,RUNNING
TR-12375,12375,2026-09-22,SEC-C01,Bhusawal–Jalgaon,FREIGHT,2026-09-22 21:42:45.631186,2026-09-22 22:12:45.631186,3,UP,SCHEDULED
TR-12376,12376,2026-09-23,SEC-A01,Nagpur–Wardha,FREIGHT,2026-09-23 23:48:50.097501,2026-09-24 00:28:50.097501,15,DN,DELAYED
TR-12377,12377,2026-09-23,SEC-A01,Nagpur–Wardha,FREIGHT,2026-09-23 01:19:42.499810,2026-09-23 01:54:42.499810,3,UP,RUNNING
TR-12378,12378,2026-09-23,SEC-A01,Nagpur–Wardha,FREIGHT,2026-09-23 01:57:56.420747,2026-09-23 02:37:56.420747,20,UP,SCHEDULED
TR-12379,12379,2026-09-23,SEC-A01,Nagpur–Wardha,PASSENGER,2026-09-23 03:19:20.294774,2026-09-23 03:49:20.294774,8,UP,SCHEDULED
TR-12380,12380,2026-09-23,SEC-A01,Nagpur–Wardha,FREIGHT,2026-09-23 04:29:02.378263,2026-09-23 05:09:02.378263,4,UP,SCHEDULED
TR-12381,12381,2026-09-23,SEC-A01,Nagpur–Wardha,FREIGHT,2026-09-23 05:25:24.304535,2026-09-23 06:10:24.304535,23,DN,RUNNING
TR-12382,12382,2026-09-23,SEC-A01,Nagpur–Wardha,PASSENGER,2026-09-23 06:35:56.629446,2026-09-23 07:05:56.629446,0,UP,DELAYED
TR-12383,12383,2026-09-23,SEC-A01,Nagpur–Wardha,EXPRESS,2026-09-23 07:29:42.962991,2026-09-23 07:54:42.962991,9,DN,DELAYED
TR-12384,12384,2026-09-23,SEC-A01,Nagpur–Wardha,PASSENGER,2026-09-23 08:49:52.139057,2026-09-23 09:34:52.139057,6,UP,RUNNING
TR-12385,12385,2026-09-23,SEC-A01,Nagpur–Wardha,PASSENGER,2026-09-23 09:55:20.313013,2026-09-23 10:40:20.313013,13,UP,SCHEDULED
TR-12386,12386,2026-09-23,SEC-A01,Nagpur–Wardha,PASSENGER,2026-09-23 10:55:33.145697,2026-09-23 11:30:33.145697,14,UP,RUNNING
TR-12387,12387,2026-09-23,SEC-A01,Nagpur–Wardha,EXPRESS,2026-09-23 12:12:49.046323,2026-09-23 12:47:49.046323,4,UP,SCHEDULED
TR-12388,12388,2026-09-23,SEC-A01,Nagpur–Wardha,FREIGHT,2026-09-23 13:20:08.438012,2026-09-23 13:50:08.438012,2,UP,RUNNING
TR-12389,12389,2026-09-23,SEC-A01,Nagpur–Wardha,PASSENGER,2026-09-23 14:14:53.374637,2026-09-23 14:49:53.374637,7,DN,SCHEDULED
TR-12390,12390,2026-09-23,SEC-A01,Nagpur–Wardha,PASSENGER,2026-09-23 15:13:36.835370,2026-09-23 15:58:36.835370,0,UP,SCHEDULED
TR-12391,12391,2026-09-23,SEC-A01,Nagpur–Wardha,EXPRESS,2026-09-23 16:31:32.168124,2026-09-23 17:01:32.168124,18,DN,SCHEDULED
TR-12392,12392,2026-09-23,SEC-A01,Nagpur–Wardha,FREIGHT,2026-09-23 17:19:57.140618,2026-09-23 17:44:57.140618,8,UP,RUNNING
TR-12393,12393,2026-09-23,SEC-A01,Nagpur–Wardha,EXPRESS,2026-09-23 18:46:05.817712,2026-09-23 19:21:05.817712,1,UP,RUNNING
TR-12394,12394,2026-09-23,SEC-A01,Nagpur–Wardha,PASSENGER,2026-09-23 19:29:48.059358,2026-09-23 20:04:48.059358,5,DN,SCHEDULED
TR-12395,12395,2026-09-23,SEC-A01,Nagpur–Wardha,FREIGHT,2026-09-23 20:42:01.082449,2026-09-23 21:22:01.082449,0,DN,SCHEDULED
TR-12396,12396,2026-09-23,SEC-A01,Nagpur–Wardha,PASSENGER,2026-09-23 21:48:58.184662,2026-09-23 22:28:58.184662,0,UP,SCHEDULED
TR-12397,12397,2026-09-23,SEC-A01,Nagpur–Wardha,FREIGHT,2026-09-23 22:56:38.111646,2026-09-23 23:26:38.111646,16,UP,RUNNING
TR-12398,12398,2026-09-23,SEC-A02,Wardha–Badnera,EXPRESS,2026-09-23 23:49:53.253568,2026-09-24 00:19:53.253568,0,UP,SCHEDULED
TR-12399,12399,2026-09-23,SEC-A02,Wardha–Badnera,PASSENGER,2026-09-23 00:54:45.612975,2026-09-23 01:34:45.612975,0,DN,SCHEDULED
TR-12400,12400,2026-09-23,SEC-A02,Wardha–Badnera,EXPRESS,2026-09-23 02:17:38.297915,2026-09-23 02:47:38.297915,7,UP,DELAYED
TR-12401,12401,2026-09-23,SEC-A02,Wardha–Badnera,PASSENGER,2026-09-23 03:04:21.332079,2026-09-23 03:44:21.332079,12,UP,SCHEDULED
TR-12402,12402,2026-09-23,SEC-A02,Wardha–Badnera,PASSENGER,2026-09-23 04:10:47.013192,2026-09-23 04:35:47.013192,9,UP,SCHEDULED
TR-12403,12403,2026-09-23,SEC-A02,Wardha–Badnera,FREIGHT,2026-09-23 05:41:00.075480,2026-09-23 06:06:00.075480,14,DN,SCHEDULED
TR-12404,12404,2026-09-23,SEC-A02,Wardha–Badnera,EXPRESS,2026-09-23 06:23:47.815320,2026-09-23 07:03:47.815320,0,DN,SCHEDULED
TR-12405,12405,2026-09-23,SEC-A02,Wardha–Badnera,PASSENGER,2026-09-23 07:32:24.202078,2026-09-23 08:12:24.202078,0,UP,DELAYED
TR-12406,12406,2026-09-23,SEC-A02,Wardha–Badnera,PASSENGER,2026-09-23 08:49:23.855974,2026-09-23 09:34:23.855974,14,UP,SCHEDULED
TR-12407,12407,2026-09-23,SEC-A02,Wardha–Badnera,FREIGHT,2026-09-23 09:50:25.810326,2026-09-23 10:15:25.810326,5,DN,SCHEDULED
TR-12408,12408,2026-09-23,SEC-A02,Wardha–Badnera,PASSENGER,2026-09-23 10:39:34.906030,2026-09-23 11:09:34.906030,2,DN,RUNNING
TR-12409,12409,2026-09-23,SEC-A02,Wardha–Badnera,PASSENGER,2026-09-23 11:49:25.277718,2026-09-23 12:24:25.277718,13,DN,SCHEDULED
TR-12410,12410,2026-09-23,SEC-A02,Wardha–Badnera,PASSENGER,2026-09-23 13:05:12.549762,2026-09-23 13:30:12.549762,7,DN,RUNNING
TR-12411,12411,2026-09-23,SEC-A02,Wardha–Badnera,PASSENGER,2026-09-23 13:58:11.867349,2026-09-23 14:33:11.867349,7,UP,SCHEDULED
TR-12412,12412,2026-09-23,SEC-A02,Wardha–Badnera,FREIGHT,2026-09-23 15:19:29.929669,2026-09-23 15:49:29.929669,23,DN,DELAYED
TR-12413,12413,2026-09-23,SEC-A02,Wardha–Badnera,PASSENGER,2026-09-23 16:12:15.548787,2026-09-23 16:52:15.548787,0,DN,DELAYED
TR-12414,12414,2026-09-23,SEC-A02,Wardha–Badnera,EXPRESS,2026-09-23 17:36:47.976217,2026-09-23 18:11:47.976217,10,DN,RUNNING
TR-12415,12415,2026-09-23,SEC-A02,Wardha–Badnera,EXPRESS,2026-09-23 18:37:34.753451,2026-09-23 19:12:34.753451,4,UP,SCHEDULED
TR-12416,12416,2026-09-23,SEC-A02,Wardha–Badnera,EXPRESS,2026-09-23 19:49:01.994246,2026-09-23 20:19:01.994246,5,UP,RUNNING
TR-12417,12417,2026-09-23,SEC-A02,Wardha–Badnera,EXPRESS,2026-09-23 20:33:04.186147,2026-09-23 21:13:04.186147,14,DN,SCHEDULED
TR-12418,12418,2026-09-23,SEC-A02,Wardha–Badnera,SPECIAL,2026-09-23 21:37:29.149807,2026-09-23 22:17:29.149807,7,DN,SCHEDULED
TR-12419,12419,2026-09-23,SEC-A02,Wardha–Badnera,PASSENGER,2026-09-23 22:42:15.531906,2026-09-23 23:12:15.531906,7,DN,RUNNING
TR-12420,12420,2026-09-23,SEC-B01,Badnera–Akola,FREIGHT,2026-09-23 23:54:34.768404,2026-09-24 00:34:34.768404,15,DN,DELAYED
TR-12421,12421,2026-09-23,SEC-B01,Badnera–Akola,PASSENGER,2026-09-23 01:38:48.302863,2026-09-23 02:13:48.302863,1,UP,RUNNING
TR-12422,12422,2026-09-23,SEC-B01,Badnera–Akola,FREIGHT,2026-09-23 02:57:33.587337,2026-09-23 03:37:33.587337,2,DN,DELAYED
TR-12423,12423,2026-09-23,SEC-B01,Badnera–Akola,FREIGHT,2026-09-23 04:31:05.182612,2026-09-23 05:01:05.182612,0,DN,DELAYED
TR-12424,12424,2026-09-23,SEC-B01,Badnera–Akola,EXPRESS,2026-09-23 06:02:20.177591,2026-09-23 06:32:20.177591,0,UP,RUNNING
TR-12425,12425,2026-09-23,SEC-B01,Badnera–Akola,FREIGHT,2026-09-23 07:15:05.158990,2026-09-23 07:40:05.158990,22,DN,SCHEDULED
TR-12426,12426,2026-09-23,SEC-B01,Badnera–Akola,EXPRESS,2026-09-23 09:12:37.627381,2026-09-23 09:37:37.627381,0,DN,SCHEDULED
TR-12427,12427,2026-09-23,SEC-B01,Badnera–Akola,EXPRESS,2026-09-23 10:23:50.455119,2026-09-23 10:53:50.455119,2,DN,SCHEDULED
TR-12428,12428,2026-09-23,SEC-B01,Badnera–Akola,PASSENGER,2026-09-23 11:51:19.327264,2026-09-23 12:21:19.327264,2,UP,SCHEDULED
TR-12429,12429,2026-09-23,SEC-B01,Badnera–Akola,FREIGHT,2026-09-23 13:43:51.693574,2026-09-23 14:13:51.693574,10,UP,RUNNING
TR-12430,12430,2026-09-23,SEC-B01,Badnera–Akola,FREIGHT,2026-09-23 14:56:09.031616,2026-09-23 15:21:09.031616,13,UP,RUNNING
TR-12431,12431,2026-09-23,SEC-B01,Badnera–Akola,PASSENGER,2026-09-23 16:40:07.386950,2026-09-23 17:10:07.386950,10,DN,SCHEDULED
TR-12432,12432,2026-09-23,SEC-B01,Badnera–Akola,PASSENGER,2026-09-23 17:47:22.187926,2026-09-23 18:12:22.187926,0,DN,SCHEDULED
TR-12433,12433,2026-09-23,SEC-B01,Badnera–Akola,EXPRESS,2026-09-23 19:37:57.751867,2026-09-23 20:17:57.751867,2,DN,RUNNING
TR-12434,12434,2026-09-23,SEC-B01,Badnera–Akola,FREIGHT,2026-09-23 20:57:20.740470,2026-09-23 21:32:20.740470,9,UP,RUNNING
TR-12435,12435,2026-09-23,SEC-B01,Badnera–Akola,EXPRESS,2026-09-23 22:18:20.279999,2026-09-23 22:43:20.279999,2,UP,DELAYED
TR-12436,12436,2026-09-23,SEC-B02,Akola–Bhusawal,PASSENGER,2026-09-23 00:07:32.039272,2026-09-23 00:52:32.039272,15,DN,RUNNING
TR-12437,12437,2026-09-23,SEC-B02,Akola–Bhusawal,FREIGHT,2026-09-23 01:35:23.826379,2026-09-23 02:15:23.826379,11,DN,DELAYED
TR-12438,12438,2026-09-23,SEC-B02,Akola–Bhusawal,FREIGHT,2026-09-23 03:00:03.370387,2026-09-23 03:30:03.370387,13,UP,RUNNING
TR-12439,12439,2026-09-23,SEC-B02,Akola–Bhusawal,FREIGHT,2026-09-23 04:44:11.620193,2026-09-23 05:29:11.620193,12,UP,SCHEDULED
TR-12440,12440,2026-09-23,SEC-B02,Akola–Bhusawal,PASSENGER,2026-09-23 05:57:00.724363,2026-09-23 06:22:00.724363,12,UP,DELAYED
TR-12441,12441,2026-09-23,SEC-B02,Akola–Bhusawal,EXPRESS,2026-09-23 07:33:09.150129,2026-09-23 07:58:09.150129,5,DN,RUNNING
TR-12442,12442,2026-09-23,SEC-B02,Akola–Bhusawal,EXPRESS,2026-09-23 08:54:23.741389,2026-09-23 09:34:23.741389,0,UP,SCHEDULED
TR-12443,12443,2026-09-23,SEC-B02,Akola–Bhusawal,PASSENGER,2026-09-23 10:39:06.010669,2026-09-23 11:19:06.010669,6,UP,SCHEDULED
TR-12444,12444,2026-09-23,SEC-B02,Akola–Bhusawal,EXPRESS,2026-09-23 11:47:20.055438,2026-09-23 12:32:20.055438,0,DN,SCHEDULED
TR-12445,12445,2026-09-23,SEC-B02,Akola–Bhusawal,FREIGHT,2026-09-23 13:22:11.153851,2026-09-23 13:52:11.153851,4,UP,SCHEDULED
TR-12446,12446,2026-09-23,SEC-B02,Akola–Bhusawal,PASSENGER,2026-09-23 15:02:54.799360,2026-09-23 15:37:54.799360,8,UP,SCHEDULED
TR-12447,12447,2026-09-23,SEC-B02,Akola–Bhusawal,SPECIAL,2026-09-23 16:22:12.603276,2026-09-23 16:47:12.603276,12,UP,DELAYED
TR-12448,12448,2026-09-23,SEC-B02,Akola–Bhusawal,PASSENGER,2026-09-23 18:14:35.689152,2026-09-23 18:54:35.689152,4,DN,SCHEDULED
TR-12449,12449,2026-09-23,SEC-B02,Akola–Bhusawal,SPECIAL,2026-09-23 19:43:18.316455,2026-09-23 20:08:18.316455,6,DN,RUNNING
TR-12450,12450,2026-09-23,SEC-B02,Akola–Bhusawal,EXPRESS,2026-09-23 21:00:00.388950,2026-09-23 21:35:00.388950,15,DN,SCHEDULED
TR-12451,12451,2026-09-23,SEC-B02,Akola–Bhusawal,PASSENGER,2026-09-23 22:36:04.782259,2026-09-23 23:01:04.782259,5,UP,DELAYED
TR-12452,12452,2026-09-23,SEC-C01,Bhusawal–Jalgaon,PASSENGER,2026-09-23 00:09:13.489800,2026-09-23 00:39:13.489800,22,DN,RUNNING
TR-12453,12453,2026-09-23,SEC-C01,Bhusawal–Jalgaon,PASSENGER,2026-09-23 02:26:35.444766,2026-09-23 02:51:35.444766,7,UP,RUNNING
TR-12454,12454,2026-09-23,SEC-C01,Bhusawal–Jalgaon,SPECIAL,2026-09-23 04:35:21.755147,2026-09-23 05:00:21.755147,0,UP,SCHEDULED
TR-12455,12455,2026-09-23,SEC-C01,Bhusawal–Jalgaon,EXPRESS,2026-09-23 07:21:13.456861,2026-09-23 07:51:13.456861,9,UP,DELAYED
TR-12456,12456,2026-09-23,SEC-C01,Bhusawal–Jalgaon,FREIGHT,2026-09-23 09:36:29.341435,2026-09-23 10:21:29.341435,10,DN,RUNNING
TR-12457,12457,2026-09-23,SEC-C01,Bhusawal–Jalgaon,PASSENGER,2026-09-23 12:08:33.633345,2026-09-23 12:43:33.633345,13,DN,SCHEDULED
TR-12458,12458,2026-09-23,SEC-C01,Bhusawal–Jalgaon,PASSENGER,2026-09-23 14:35:43.223876,2026-09-23 15:15:43.223876,8,UP,SCHEDULED
TR-12459,12459,2026-09-23,SEC-C01,Bhusawal–Jalgaon,PASSENGER,2026-09-23 16:50:00.421551,2026-09-23 17:30:00.421551,3,UP,SCHEDULED
TR-12460,12460,2026-09-23,SEC-C01,Bhusawal–Jalgaon,FREIGHT,2026-09-23 19:19:59.371166,2026-09-23 19:54:59.371166,0,UP,RUNNING
TR-12461,12461,2026-09-23,SEC-C01,Bhusawal–Jalgaon,PASSENGER,2026-09-23 21:23:49.405189,2026-09-23 21:58:49.405189,2,DN,SCHEDULED
TR-12462,12462,2026-09-24,SEC-A01,Nagpur–Wardha,FREIGHT,2026-09-24 23:47:02.691312,2026-09-25 00:32:02.691312,2,UP,SCHEDULED
TR-12463,12463,2026-09-24,SEC-A01,Nagpur–Wardha,PASSENGER,2026-09-24 00:55:49.807982,2026-09-24 01:35:49.807982,0,DN,RUNNING
TR-12464,12464,2026-09-24,SEC-A01,Nagpur–Wardha,FREIGHT,2026-09-24 02:18:48.208920,2026-09-24 02:58:48.208920,12,UP,SCHEDULED
TR-12465,12465,2026-09-24,SEC-A01,Nagpur–Wardha,PASSENGER,2026-09-24 03:30:30.843344,2026-09-24 04:10:30.843344,15,DN,RUNNING
TR-12466,12466,2026-09-24,SEC-A01,Nagpur–Wardha,EXPRESS,2026-09-24 04:19:05.350724,2026-09-24 05:04:05.350724,6,UP,RUNNING
TR-12467,12467,2026-09-24,SEC-A01,Nagpur–Wardha,SPECIAL,2026-09-24 05:23:16.481715,2026-09-24 06:08:16.481715,0,DN,SCHEDULED
TR-12468,12468,2026-09-24,SEC-A01,Nagpur–Wardha,FREIGHT,2026-09-24 06:38:11.597978,2026-09-24 07:23:11.597978,11,UP,DELAYED
TR-12469,12469,2026-09-24,SEC-A01,Nagpur–Wardha,EXPRESS,2026-09-24 07:52:30.286038,2026-09-24 08:17:30.286038,12,UP,DELAYED
TR-12470,12470,2026-09-24,SEC-A01,Nagpur–Wardha,PASSENGER,2026-09-24 08:28:52.479121,2026-09-24 08:53:52.479121,0,UP,DELAYED
TR-12471,12471,2026-09-24,SEC-A01,Nagpur–Wardha,PASSENGER,2026-09-24 09:46:04.159302,2026-09-24 10:11:04.159302,3,DN,SCHEDULED
TR-12472,12472,2026-09-24,SEC-A01,Nagpur–Wardha,FREIGHT,2026-09-24 10:50:00.815604,2026-09-24 11:30:00.815604,8,DN,SCHEDULED
TR-12473,12473,2026-09-24,SEC-A01,Nagpur–Wardha,EXPRESS,2026-09-24 11:47:34.480583,2026-09-24 12:12:34.480583,0,DN,RUNNING
TR-12474,12474,2026-09-24,SEC-A01,Nagpur–Wardha,PASSENGER,2026-09-24 12:56:26.320527,2026-09-24 13:31:26.320527,8,DN,DELAYED
TR-12475,12475,2026-09-24,SEC-A01,Nagpur–Wardha,PASSENGER,2026-09-24 14:10:29.876484,2026-09-24 14:50:29.876484,3,DN,SCHEDULED
TR-12476,12476,2026-09-24,SEC-A01,Nagpur–Wardha,PASSENGER,2026-09-24 15:17:42.964381,2026-09-24 15:57:42.964381,6,UP,RUNNING
TR-12477,12477,2026-09-24,SEC-A01,Nagpur–Wardha,EXPRESS,2026-09-24 16:23:51.862737,2026-09-24 17:08:51.862737,0,UP,RUNNING
TR-12478,12478,2026-09-24,SEC-A01,Nagpur–Wardha,PASSENGER,2026-09-24 17:35:57.570069,2026-09-24 18:15:57.570069,0,UP,SCHEDULED
TR-12479,12479,2026-09-24,SEC-A01,Nagpur–Wardha,PASSENGER,2026-09-24 18:46:18.397381,2026-09-24 19:26:18.397381,9,UP,SCHEDULED
TR-12480,12480,2026-09-24,SEC-A01,Nagpur–Wardha,FREIGHT,2026-09-24 19:27:26.037300,2026-09-24 20:02:26.037300,5,DN,RUNNING
TR-12481,12481,2026-09-24,SEC-A01,Nagpur–Wardha,PASSENGER,2026-09-24 20:54:46.502252,2026-09-24 21:39:46.502252,16,DN,SCHEDULED
TR-12482,12482,2026-09-24,SEC-A01,Nagpur–Wardha,EXPRESS,2026-09-24 21:59:00.442910,2026-09-24 22:24:00.442910,1,DN,RUNNING
TR-12483,12483,2026-09-24,SEC-A01,Nagpur–Wardha,PASSENGER,2026-09-24 23:08:26.785657,2026-09-24 23:43:26.785657,5,DN,RUNNING
TR-12484,12484,2026-09-24,SEC-A02,Wardha–Badnera,FREIGHT,2026-09-24 23:59:26.925459,2026-09-25 00:44:26.925459,14,UP,RUNNING
TR-12485,12485,2026-09-24,SEC-A02,Wardha–Badnera,FREIGHT,2026-09-24 01:01:05.719005,2026-09-24 01:46:05.719005,0,UP,DELAYED
TR-12486,12486,2026-09-24,SEC-A02,Wardha–Badnera,PASSENGER,2026-09-24 02:19:24.075728,2026-09-24 03:04:24.075728,0,UP,RUNNING
TR-12487,12487,2026-09-24,SEC-A02,Wardha–Badnera,PASSENGER,2026-09-24 03:21:17.131473,2026-09-24 03:56:17.131473,0,DN,SCHEDULED
TR-12488,12488,2026-09-24,SEC-A02,Wardha–Badnera,PASSENGER,2026-09-24 04:21:48.093112,2026-09-24 04:56:48.093112,12,DN,RUNNING
TR-12489,12489,2026-09-24,SEC-A02,Wardha–Badnera,SPECIAL,2026-09-24 05:27:53.608693,2026-09-24 05:52:53.608693,0,UP,RUNNING
TR-12490,12490,2026-09-24,SEC-A02,Wardha–Badnera,PASSENGER,2026-09-24 06:36:53.685875,2026-09-24 07:21:53.685875,21,UP,SCHEDULED
TR-12491,12491,2026-09-24,SEC-A02,Wardha–Badnera,EXPRESS,2026-09-24 07:35:47.226087,2026-09-24 08:20:47.226087,0,DN,SCHEDULED
TR-12492,12492,2026-09-24,SEC-A02,Wardha–Badnera,SPECIAL,2026-09-24 08:39:04.735815,2026-09-24 09:09:04.735815,5,UP,RUNNING
TR-12493,12493,2026-09-24,SEC-A02,Wardha–Badnera,PASSENGER,2026-09-24 09:58:30.257374,2026-09-24 10:23:30.257374,14,DN,DELAYED
TR-12494,12494,2026-09-24,SEC-A02,Wardha–Badnera,FREIGHT,2026-09-24 11:04:07.020005,2026-09-24 11:29:07.020005,22,DN,RUNNING
TR-12495,12495,2026-09-24,SEC-A02,Wardha–Badnera,EXPRESS,2026-09-24 11:57:18.696260,2026-09-24 12:32:18.696260,18,DN,DELAYED
TR-12496,12496,2026-09-24,SEC-A02,Wardha–Badnera,PASSENGER,2026-09-24 13:19:40.599015,2026-09-24 13:54:40.599015,12,UP,RUNNING
TR-12497,12497,2026-09-24,SEC-A02,Wardha–Badnera,FREIGHT,2026-09-24 14:08:45.635960,2026-09-24 14:38:45.635960,15,UP,DELAYED
TR-12498,12498,2026-09-24,SEC-A02,Wardha–Badnera,EXPRESS,2026-09-24 15:14:26.395276,2026-09-24 15:49:26.395276,8,DN,RUNNING
TR-12499,12499,2026-09-24,SEC-A02,Wardha–Badnera,SPECIAL,2026-09-24 16:27:52.857629,2026-09-24 16:52:52.857629,9,UP,SCHEDULED
TR-12500,12500,2026-09-24,SEC-A02,Wardha–Badnera,EXPRESS,2026-09-24 17:31:45.687892,2026-09-24 18:16:45.687892,0,UP,RUNNING
TR-12501,12501,2026-09-24,SEC-A02,Wardha–Badnera,EXPRESS,2026-09-24 18:40:13.534986,2026-09-24 19:25:13.534986,0,UP,RUNNING
TR-12502,12502,2026-09-24,SEC-A02,Wardha–Badnera,FREIGHT,2026-09-24 19:38:16.959827,2026-09-24 20:03:16.959827,7,DN,SCHEDULED
TR-12503,12503,2026-09-24,SEC-A02,Wardha–Badnera,FREIGHT,2026-09-24 20:35:19.364686,2026-09-24 21:15:19.364686,6,UP,SCHEDULED
TR-12504,12504,2026-09-24,SEC-A02,Wardha–Badnera,FREIGHT,2026-09-24 21:59:46.871283,2026-09-24 22:24:46.871283,4,DN,RUNNING
TR-12505,12505,2026-09-24,SEC-A02,Wardha–Badnera,PASSENGER,2026-09-24 23:06:47.115696,2026-09-24 23:46:47.115696,8,DN,SCHEDULED
TR-12506,12506,2026-09-24,SEC-B01,Badnera–Akola,EXPRESS,2026-09-24 00:00:13.609465,2026-09-24 00:35:13.609465,10,DN,RUNNING
TR-12507,12507,2026-09-24,SEC-B01,Badnera–Akola,FREIGHT,2026-09-24 01:40:09.271515,2026-09-24 02:20:09.271515,8,UP,RUNNING
TR-12508,12508,2026-09-24,SEC-B01,Badnera–Akola,PASSENGER,2026-09-24 02:45:58.814299,2026-09-24 03:10:58.814299,14,DN,DELAYED
TR-12509,12509,2026-09-24,SEC-B01,Badnera–Akola,PASSENGER,2026-09-24 04:39:36.061902,2026-09-24 05:24:36.061902,0,UP,DELAYED
TR-12510,12510,2026-09-24,SEC-B01,Badnera–Akola,FREIGHT,2026-09-24 06:14:47.092425,2026-09-24 06:44:47.092425,6,DN,SCHEDULED
TR-12511,12511,2026-09-24,SEC-B01,Badnera–Akola,EXPRESS,2026-09-24 07:33:29.282250,2026-09-24 08:13:29.282250,0,DN,SCHEDULED
TR-12512,12512,2026-09-24,SEC-B01,Badnera–Akola,SPECIAL,2026-09-24 09:13:10.905086,2026-09-24 09:53:10.905086,0,UP,RUNNING
TR-12513,12513,2026-09-24,SEC-B01,Badnera–Akola,PASSENGER,2026-09-24 10:42:07.508470,2026-09-24 11:27:07.508470,3,UP,SCHEDULED
TR-12514,12514,2026-09-24,SEC-B01,Badnera–Akola,FREIGHT,2026-09-24 12:06:18.044752,2026-09-24 12:36:18.044752,7,DN,RUNNING
TR-12515,12515,2026-09-24,SEC-B01,Badnera–Akola,EXPRESS,2026-09-24 13:40:07.208180,2026-09-24 14:10:07.208180,14,UP,SCHEDULED
TR-12516,12516,2026-09-24,SEC-B01,Badnera–Akola,PASSENGER,2026-09-24 14:47:47.877733,2026-09-24 15:27:47.877733,8,UP,SCHEDULED
TR-12517,12517,2026-09-24,SEC-B01,Badnera–Akola,EXPRESS,2026-09-24 16:33:32.579357,2026-09-24 17:18:32.579357,0,UP,DELAYED
TR-12518,12518,2026-09-24,SEC-B01,Badnera–Akola,SPECIAL,2026-09-24 17:56:28.328728,2026-09-24 18:26:28.328728,16,DN,SCHEDULED
TR-12519,12519,2026-09-24,SEC-B01,Badnera–Akola,PASSENGER,2026-09-24 19:22:11.499392,2026-09-24 19:52:11.499392,12,UP,RUNNING
TR-12520,12520,2026-09-24,SEC-B01,Badnera–Akola,PASSENGER,2026-09-24 21:08:06.704854,2026-09-24 21:33:06.704854,8,UP,SCHEDULED
TR-12521,12521,2026-09-24,SEC-B01,Badnera–Akola,EXPRESS,2026-09-24 22:34:09.095826,2026-09-24 23:19:09.095826,2,UP,RUNNING
TR-12522,12522,2026-09-24,SEC-B02,Akola–Bhusawal,PASSENGER,2026-09-24 00:12:48.958246,2026-09-24 00:37:48.958246,0,DN,RUNNING
TR-12523,12523,2026-09-24,SEC-B02,Akola–Bhusawal,PASSENGER,2026-09-24 01:41:50.288619,2026-09-24 02:06:50.288619,1,DN,SCHEDULED
TR-12524,12524,2026-09-24,SEC-B02,Akola–Bhusawal,EXPRESS,2026-09-24 02:56:43.440375,2026-09-24 03:36:43.440375,11,DN,SCHEDULED
TR-12525,12525,2026-09-24,SEC-B02,Akola–Bhusawal,PASSENGER,2026-09-24 04:29:35.731131,2026-09-24 04:54:35.731131,17,DN,RUNNING
TR-12526,12526,2026-09-24,SEC-B02,Akola–Bhusawal,EXPRESS,2026-09-24 06:11:41.484337,2026-09-24 06:51:41.484337,14,UP,RUNNING
TR-12527,12527,2026-09-24,SEC-B02,Akola–Bhusawal,FREIGHT,2026-09-24 07:15:18.252525,2026-09-24 07:45:18.252525,4,UP,SCHEDULED
TR-12528,12528,2026-09-24,SEC-B02,Akola–Bhusawal,FREIGHT,2026-09-24 09:14:16.648573,2026-09-24 09:49:16.648573,0,UP,SCHEDULED
TR-12529,12529,2026-09-24,SEC-B02,Akola–Bhusawal,EXPRESS,2026-09-24 10:30:39.147400,2026-09-24 11:05:39.147400,4,UP,DELAYED
TR-12530,12530,2026-09-24,SEC-B02,Akola–Bhusawal,FREIGHT,2026-09-24 11:45:53.199437,2026-09-24 12:10:53.199437,0,UP,SCHEDULED
TR-12531,12531,2026-09-24,SEC-B02,Akola–Bhusawal,EXPRESS,2026-09-24 13:41:00.373664,2026-09-24 14:06:00.373664,6,UP,RUNNING
TR-12532,12532,2026-09-24,SEC-B02,Akola–Bhusawal,EXPRESS,2026-09-24 14:49:09.417037,2026-09-24 15:14:09.417037,2,UP,RUNNING
TR-12533,12533,2026-09-24,SEC-B02,Akola–Bhusawal,SPECIAL,2026-09-24 16:23:12.599668,2026-09-24 16:53:12.599668,0,DN,DELAYED
TR-12534,12534,2026-09-24,SEC-B02,Akola–Bhusawal,EXPRESS,2026-09-24 18:04:33.464155,2026-09-24 18:44:33.464155,0,DN,RUNNING
TR-12535,12535,2026-09-24,SEC-B02,Akola–Bhusawal,EXPRESS,2026-09-24 19:30:22.781784,2026-09-24 20:10:22.781784,7,DN,SCHEDULED
TR-12536,12536,2026-09-24,SEC-B02,Akola–Bhusawal,SPECIAL,2026-09-24 20:50:56.177599,2026-09-24 21:25:56.177599,0,UP,DELAYED
TR-12537,12537,2026-09-24,SEC-B02,Akola–Bhusawal,PASSENGER,2026-09-24 22:38:47.675818,2026-09-24 23:23:47.675818,0,UP,RUNNING
TR-12538,12538,2026-09-24,SEC-C01,Bhusawal–Jalgaon,FREIGHT,2026-09-24 23:58:00.249008,2026-09-25 00:38:00.249008,0,DN,RUNNING
TR-12539,12539,2026-09-24,SEC-C01,Bhusawal–Jalgaon,FREIGHT,2026-09-24 02:27:41.239732,2026-09-24 03:12:41.239732,7,UP,DELAYED
TR-12540,12540,2026-09-24,SEC-C01,Bhusawal–Jalgaon,FREIGHT,2026-09-24 04:43:35.247911,2026-09-24 05:08:35.247911,20,UP,DELAYED
TR-12541,12541,2026-09-24,SEC-C01,Bhusawal–Jalgaon,PASSENGER,2026-09-24 07:04:35.514589,2026-09-24 07:44:35.514589,15,DN,RUNNING
TR-12542,12542,2026-09-24,SEC-C01,Bhusawal–Jalgaon,EXPRESS,2026-09-24 09:21:53.891911,2026-09-24 09:51:53.891911,0,DN,SCHEDULED
TR-12543,12543,2026-09-24,SEC-C01,Bhusawal–Jalgaon,PASSENGER,2026-09-24 11:55:43.940130,2026-09-24 12:20:43.940130,0,DN,RUNNING
TR-12544,12544,2026-09-24,SEC-C01,Bhusawal–Jalgaon,PASSENGER,2026-09-24 14:13:21.071417,2026-09-24 14:48:21.071417,7,DN,SCHEDULED
TR-12545,12545,2026-09-24,SEC-C01,Bhusawal–Jalgaon,FREIGHT,2026-09-24 16:54:30.244719,2026-09-24 17:24:30.244719,1,DN,SCHEDULED
TR-12546,12546,2026-09-24,SEC-C01,Bhusawal–Jalgaon,PASSENGER,2026-09-24 19:13:50.953050,2026-09-24 19:53:50.953050,6,UP,DELAYED
TR-12547,12547,2026-09-24,SEC-C01,Bhusawal–Jalgaon,PASSENGER,2026-09-24 21:27:31.434155,2026-09-24 22:12:31.434155,9,UP,DELAYED
TR-12548,12548,2026-09-25,SEC-A01,Nagpur–Wardha,FREIGHT,2026-09-25 00:11:46.795236,2026-09-25 00:51:46.795236,16,DN,RUNNING
TR-12549,12549,2026-09-25,SEC-A01,Nagpur–Wardha,PASSENGER,2026-09-25 01:14:51.382781,2026-09-25 01:44:51.382781,3,DN,RUNNING
TR-12550,12550,2026-09-25,SEC-A01,Nagpur–Wardha,FREIGHT,2026-09-25 01:57:18.770774,2026-09-25 02:32:18.770774,6,UP,RUNNING
TR-12551,12551,2026-09-25,SEC-A01,Nagpur–Wardha,FREIGHT,2026-09-25 03:06:29.869694,2026-09-25 03:41:29.869694,1,UP,DELAYED
TR-12552,12552,2026-09-25,SEC-A01,Nagpur–Wardha,FREIGHT,2026-09-25 04:07:27.374565,2026-09-25 04:32:27.374565,2,UP,RUNNING
TR-12553,12553,2026-09-25,SEC-A01,Nagpur–Wardha,PASSENGER,2026-09-25 05:20:48.222110,2026-09-25 06:00:48.222110,2,UP,RUNNING
TR-12554,12554,2026-09-25,SEC-A01,Nagpur–Wardha,FREIGHT,2026-09-25 06:37:04.232563,2026-09-25 07:02:04.232563,10,DN,RUNNING
TR-12555,12555,2026-09-25,SEC-A01,Nagpur–Wardha,FREIGHT,2026-09-25 07:31:25.321474,2026-09-25 08:06:25.321474,14,DN,RUNNING
TR-12556,12556,2026-09-25,SEC-A01,Nagpur–Wardha,PASSENGER,2026-09-25 08:47:00.358983,2026-09-25 09:27:00.358983,0,DN,RUNNING
TR-12557,12557,2026-09-25,SEC-A01,Nagpur–Wardha,EXPRESS,2026-09-25 09:59:33.064709,2026-09-25 10:24:33.064709,14,UP,SCHEDULED
TR-12558,12558,2026-09-25,SEC-A01,Nagpur–Wardha,PASSENGER,2026-09-25 10:46:15.953115,2026-09-25 11:11:15.953115,2,DN,RUNNING
TR-12559,12559,2026-09-25,SEC-A01,Nagpur–Wardha,PASSENGER,2026-09-25 11:51:47.414261,2026-09-25 12:16:47.414261,3,DN,DELAYED
TR-12560,12560,2026-09-25,SEC-A01,Nagpur–Wardha,PASSENGER,2026-09-25 13:20:08.489781,2026-09-25 13:45:08.489781,0,UP,SCHEDULED
TR-12561,12561,2026-09-25,SEC-A01,Nagpur–Wardha,PASSENGER,2026-09-25 13:57:20.951557,2026-09-25 14:32:20.951557,0,DN,DELAYED
TR-12562,12562,2026-09-25,SEC-A01,Nagpur–Wardha,PASSENGER,2026-09-25 15:25:06.748276,2026-09-25 16:05:06.748276,10,UP,SCHEDULED
TR-12563,12563,2026-09-25,SEC-A01,Nagpur–Wardha,PASSENGER,2026-09-25 16:24:19.306677,2026-09-25 16:49:19.306677,9,UP,DELAYED
TR-12564,12564,2026-09-25,SEC-A01,Nagpur–Wardha,FREIGHT,2026-09-25 17:38:54.400779,2026-09-25 18:18:54.400779,6,UP,DELAYED
TR-12565,12565,2026-09-25,SEC-A01,Nagpur–Wardha,FREIGHT,2026-09-25 18:33:33.296434,2026-09-25 19:18:33.296434,8,DN,RUNNING
TR-12566,12566,2026-09-25,SEC-A01,Nagpur–Wardha,PASSENGER,2026-09-25 19:32:50.349544,2026-09-25 20:12:50.349544,7,DN,RUNNING
TR-12567,12567,2026-09-25,SEC-A01,Nagpur–Wardha,FREIGHT,2026-09-25 20:49:58.668296,2026-09-25 21:24:58.668296,0,UP,SCHEDULED
TR-12568,12568,2026-09-25,SEC-A01,Nagpur–Wardha,SPECIAL,2026-09-25 21:54:56.391663,2026-09-25 22:19:56.391663,0,UP,SCHEDULED
TR-12569,12569,2026-09-25,SEC-A01,Nagpur–Wardha,FREIGHT,2026-09-25 22:39:56.357865,2026-09-25 23:09:56.357865,13,DN,SCHEDULED
TR-12570,12570,2026-09-25,SEC-A02,Wardha–Badnera,PASSENGER,2026-09-25 23:59:37.762034,2026-09-26 00:34:37.762034,0,DN,RUNNING
TR-12571,12571,2026-09-25,SEC-A02,Wardha–Badnera,EXPRESS,2026-09-25 01:11:42.594978,2026-09-25 01:41:42.594978,6,UP,SCHEDULED
TR-12572,12572,2026-09-25,SEC-A02,Wardha–Badnera,FREIGHT,2026-09-25 02:02:28.358150,2026-09-25 02:37:28.358150,0,DN,DELAYED
TR-12573,12573,2026-09-25,SEC-A02,Wardha–Badnera,PASSENGER,2026-09-25 03:16:46.053458,2026-09-25 03:56:46.053458,7,DN,RUNNING
TR-12574,12574,2026-09-25,SEC-A02,Wardha–Badnera,SPECIAL,2026-09-25 04:11:44.644294,2026-09-25 04:46:44.644294,3,UP,SCHEDULED
TR-12575,12575,2026-09-25,SEC-A02,Wardha–Badnera,EXPRESS,2026-09-25 05:26:06.081055,2026-09-25 05:51:06.081055,0,UP,SCHEDULED
TR-12576,12576,2026-09-25,SEC-A02,Wardha–Badnera,PASSENGER,2026-09-25 06:44:33.012861,2026-09-25 07:14:33.012861,12,DN,DELAYED
TR-12577,12577,2026-09-25,SEC-A02,Wardha–Badnera,PASSENGER,2026-09-25 07:36:45.662740,2026-09-25 08:11:45.662740,0,UP,RUNNING
TR-12578,12578,2026-09-25,SEC-A02,Wardha–Badnera,FREIGHT,2026-09-25 08:41:34.834364,2026-09-25 09:11:34.834364,2,DN,DELAYED
TR-12579,12579,2026-09-25,SEC-A02,Wardha–Badnera,PASSENGER,2026-09-25 09:44:06.185654,2026-09-25 10:24:06.185654,5,UP,SCHEDULED
TR-12580,12580,2026-09-25,SEC-A02,Wardha–Badnera,PASSENGER,2026-09-25 10:59:00.246420,2026-09-25 11:39:00.246420,12,UP,RUNNING
TR-12581,12581,2026-09-25,SEC-A02,Wardha–Badnera,FREIGHT,2026-09-25 11:50:17.961188,2026-09-25 12:25:17.961188,0,DN,DELAYED
TR-12582,12582,2026-09-25,SEC-A02,Wardha–Badnera,FREIGHT,2026-09-25 13:03:27.690342,2026-09-25 13:28:27.690342,8,UP,SCHEDULED
TR-12583,12583,2026-09-25,SEC-A02,Wardha–Badnera,FREIGHT,2026-09-25 13:59:21.883686,2026-09-25 14:24:21.883686,11,UP,SCHEDULED
TR-12584,12584,2026-09-25,SEC-A02,Wardha–Badnera,PASSENGER,2026-09-25 15:17:19.655286,2026-09-25 15:52:19.655286,8,DN,RUNNING
TR-12585,12585,2026-09-25,SEC-A02,Wardha–Badnera,EXPRESS,2026-09-25 16:18:36.284674,2026-09-25 16:48:36.284674,5,DN,RUNNING
TR-12586,12586,2026-09-25,SEC-A02,Wardha–Badnera,PASSENGER,2026-09-25 17:18:26.633313,2026-09-25 17:48:26.633313,1,DN,DELAYED
TR-12587,12587,2026-09-25,SEC-A02,Wardha–Badnera,PASSENGER,2026-09-25 18:26:21.997902,2026-09-25 18:51:21.997902,0,DN,RUNNING
TR-12588,12588,2026-09-25,SEC-A02,Wardha–Badnera,PASSENGER,2026-09-25 19:48:45.524182,2026-09-25 20:18:45.524182,4,UP,SCHEDULED
TR-12589,12589,2026-09-25,SEC-A02,Wardha–Badnera,PASSENGER,2026-09-25 20:34:15.401760,2026-09-25 21:14:15.401760,0,UP,RUNNING
TR-12590,12590,2026-09-25,SEC-A02,Wardha–Badnera,PASSENGER,2026-09-25 21:46:55.715134,2026-09-25 22:11:55.715134,0,DN,SCHEDULED
TR-12591,12591,2026-09-25,SEC-A02,Wardha–Badnera,FREIGHT,2026-09-25 22:44:40.032475,2026-09-25 23:09:40.032475,11,DN,DELAYED
TR-12592,12592,2026-09-25,SEC-B01,Badnera–Akola,FREIGHT,2026-09-25 23:45:01.811651,2026-09-26 00:15:01.811651,14,UP,SCHEDULED
TR-12593,12593,2026-09-25,SEC-B01,Badnera–Akola,EXPRESS,2026-09-25 01:32:01.080114,2026-09-25 02:07:01.080114,0,UP,SCHEDULED
TR-12594,12594,2026-09-25,SEC-B01,Badnera–Akola,PASSENGER,2026-09-25 03:08:15.461795,2026-09-25 03:33:15.461795,0,DN,RUNNING
TR-12595,12595,2026-09-25,SEC-B01,Badnera–Akola,SPECIAL,2026-09-25 04:29:43.191330,2026-09-25 05:04:43.191330,8,DN,RUNNING
TR-12596,12596,2026-09-25,SEC-B01,Badnera–Akola,PASSENGER,2026-09-25 05:52:36.366322,2026-09-25 06:32:36.366322,18,DN,RUNNING
TR-12597,12597,2026-09-25,SEC-B01,Badnera–Akola,EXPRESS,2026-09-25 07:36:18.282872,2026-09-25 08:21:18.282872,4,DN,SCHEDULED
TR-12598,12598,2026-09-25,SEC-B01,Badnera–Akola,EXPRESS,2026-09-25 08:53:05.887403,2026-09-25 09:38:05.887403,0,UP,SCHEDULED
TR-12599,12599,2026-09-25,SEC-B01,Badnera–Akola,FREIGHT,2026-09-25 10:44:21.547388,2026-09-25 11:14:21.547388,6,UP,RUNNING
TR-12600,12600,2026-09-25,SEC-B01,Badnera–Akola,FREIGHT,2026-09-25 11:59:56.098017,2026-09-25 12:29:56.098017,17,DN,RUNNING
TR-12601,12601,2026-09-25,SEC-B01,Badnera–Akola,PASSENGER,2026-09-25 13:21:11.353538,2026-09-25 13:46:11.353538,0,DN,SCHEDULED
TR-12602,12602,2026-09-25,SEC-B01,Badnera–Akola,EXPRESS,2026-09-25 15:13:57.815509,2026-09-25 15:58:57.815509,0,DN,DELAYED
TR-12603,12603,2026-09-25,SEC-B01,Badnera–Akola,EXPRESS,2026-09-25 16:20:14.914047,2026-09-25 16:55:14.914047,0,DN,DELAYED
TR-12604,12604,2026-09-25,SEC-B01,Badnera–Akola,PASSENGER,2026-09-25 17:57:31.129714,2026-09-25 18:32:31.129714,0,UP,DELAYED
TR-12605,12605,2026-09-25,SEC-B01,Badnera–Akola,EXPRESS,2026-09-25 19:30:36.139919,2026-09-25 20:05:36.139919,4,UP,RUNNING
TR-12606,12606,2026-09-25,SEC-B01,Badnera–Akola,SPECIAL,2026-09-25 21:08:51.599228,2026-09-25 21:53:51.599228,15,DN,RUNNING
TR-12607,12607,2026-09-25,SEC-B01,Badnera–Akola,FREIGHT,2026-09-25 22:18:18.343040,2026-09-25 22:43:18.343040,10,UP,RUNNING
TR-12608,12608,2026-09-25,SEC-B02,Akola–Bhusawal,SPECIAL,2026-09-25 00:05:25.661523,2026-09-25 00:50:25.661523,2,UP,RUNNING
TR-12609,12609,2026-09-25,SEC-B02,Akola–Bhusawal,EXPRESS,2026-09-25 01:29:36.284636,2026-09-25 01:54:36.284636,1,UP,RUNNING
TR-12610,12610,2026-09-25,SEC-B02,Akola–Bhusawal,EXPRESS,2026-09-25 02:46:13.715569,2026-09-25 03:21:13.715569,0,UP,SCHEDULED
TR-12611,12611,2026-09-25,SEC-B02,Akola–Bhusawal,FREIGHT,2026-09-25 04:29:39.059596,2026-09-25 04:54:39.059596,14,UP,SCHEDULED
TR-12612,12612,2026-09-25,SEC-B02,Akola–Bhusawal,EXPRESS,2026-09-25 05:52:32.580233,2026-09-25 06:27:32.580233,3,UP,SCHEDULED
TR-12613,12613,2026-09-25,SEC-B02,Akola–Bhusawal,SPECIAL,2026-09-25 07:36:23.754779,2026-09-25 08:06:23.754779,2,UP,RUNNING
TR-12614,12614,2026-09-25,SEC-B02,Akola–Bhusawal,PASSENGER,2026-09-25 09:02:33.404706,2026-09-25 09:27:33.404706,26,UP,RUNNING
TR-12615,12615,2026-09-25,SEC-B02,Akola–Bhusawal,EXPRESS,2026-09-25 10:42:59.282575,2026-09-25 11:12:59.282575,6,DN,RUNNING
TR-12616,12616,2026-09-25,SEC-B02,Akola–Bhusawal,EXPRESS,2026-09-25 11:56:58.404485,2026-09-25 12:21:58.404485,0,DN,DELAYED
TR-12617,12617,2026-09-25,SEC-B02,Akola–Bhusawal,FREIGHT,2026-09-25 13:24:19.324441,2026-09-25 14:09:19.324441,5,DN,DELAYED
TR-12618,12618,2026-09-25,SEC-B02,Akola–Bhusawal,PASSENGER,2026-09-25 14:49:10.517446,2026-09-25 15:19:10.517446,12,DN,DELAYED
TR-12619,12619,2026-09-25,SEC-B02,Akola–Bhusawal,PASSENGER,2026-09-25 16:20:59.141716,2026-09-25 16:55:59.141716,4,DN,DELAYED
TR-12620,12620,2026-09-25,SEC-B02,Akola–Bhusawal,PASSENGER,2026-09-25 17:50:30.069911,2026-09-25 18:30:30.069911,0,DN,RUNNING
TR-12621,12621,2026-09-25,SEC-B02,Akola–Bhusawal,FREIGHT,2026-09-25 19:30:06.867313,2026-09-25 20:05:06.867313,14,DN,RUNNING
TR-12622,12622,2026-09-25,SEC-B02,Akola–Bhusawal,FREIGHT,2026-09-25 20:57:36.910197,2026-09-25 21:37:36.910197,3,UP,RUNNING
TR-12623,12623,2026-09-25,SEC-B02,Akola–Bhusawal,FREIGHT,2026-09-25 22:17:39.172177,2026-09-25 22:47:39.172177,21,DN,SCHEDULED
TR-12624,12624,2026-09-25,SEC-C01,Bhusawal–Jalgaon,PASSENGER,2026-09-25 00:02:24.580353,2026-09-25 00:37:24.580353,11,DN,SCHEDULED
TR-12625,12625,2026-09-25,SEC-C01,Bhusawal–Jalgaon,PASSENGER,2026-09-25 02:31:39.603312,2026-09-25 03:11:39.603312,0,UP,RUNNING
TR-12626,12626,2026-09-25,SEC-C01,Bhusawal–Jalgaon,FREIGHT,2026-09-25 04:57:13.465847,2026-09-25 05:42:13.465847,16,UP,SCHEDULED
TR-12627,12627,2026-09-25,SEC-C01,Bhusawal–Jalgaon,PASSENGER,2026-09-25 06:58:38.446958,2026-09-25 07:23:38.446958,4,UP,RUNNING
TR-12628,12628,2026-09-25,SEC-C01,Bhusawal–Jalgaon,EXPRESS,2026-09-25 09:37:57.798120,2026-09-25 10:12:57.798120,9,UP,DELAYED
TR-12629,12629,2026-09-25,SEC-C01,Bhusawal–Jalgaon,EXPRESS,2026-09-25 12:05:13.943399,2026-09-25 12:30:13.943399,7,UP,DELAYED
TR-12630,12630,2026-09-25,SEC-C01,Bhusawal–Jalgaon,PASSENGER,2026-09-25 14:31:12.763414,2026-09-25 15:11:12.763414,0,UP,RUNNING
TR-12631,12631,2026-09-25,SEC-C01,Bhusawal–Jalgaon,EXPRESS,2026-09-25 16:51:50.831033,2026-09-25 17:16:50.831033,0,UP,SCHEDULED
TR-12632,12632,2026-09-25,SEC-C01,Bhusawal–Jalgaon,FREIGHT,2026-09-25 18:59:00.855711,2026-09-25 19:29:00.855711,15,UP,DELAYED
TR-12633,12633,2026-09-25,SEC-C01,Bhusawal–Jalgaon,PASSENGER,2026-09-25 21:23:54.354546,2026-09-25 21:53:54.354546,1,UP,DELAYED
TR-12634,12634,2026-09-26,SEC-A01,Nagpur–Wardha,EXPRESS,2026-09-26 23:58:18.868575,2026-09-27 00:23:18.868575,1,DN,RUNNING
TR-12635,12635,2026-09-26,SEC-A01,Nagpur–Wardha,EXPRESS,2026-09-26 01:04:57.967877,2026-09-26 01:34:57.967877,0,DN,DELAYED
TR-12636,12636,2026-09-26,SEC-A01,Nagpur–Wardha,PASSENGER,2026-09-26 02:16:20.922259,2026-09-26 03:01:20.922259,6,UP,SCHEDULED
TR-12637,12637,2026-09-26,SEC-A01,Nagpur–Wardha,PASSENGER,2026-09-26 03:06:54.472317,2026-09-26 03:36:54.472317,18,UP,RUNNING
TR-12638,12638,2026-09-26,SEC-A01,Nagpur–Wardha,FREIGHT,2026-09-26 04:21:13.930546,2026-09-26 04:56:13.930546,0,DN,RUNNING
TR-12639,12639,2026-09-26,SEC-A01,Nagpur–Wardha,FREIGHT,2026-09-26 05:32:18.223023,2026-09-26 06:12:18.223023,8,UP,RUNNING
TR-12640,12640,2026-09-26,SEC-A01,Nagpur–Wardha,PASSENGER,2026-09-26 06:30:14.050007,2026-09-26 07:10:14.050007,13,DN,RUNNING
TR-12641,12641,2026-09-26,SEC-A01,Nagpur–Wardha,PASSENGER,2026-09-26 07:26:47.136786,2026-09-26 08:06:47.136786,3,DN,SCHEDULED
TR-12642,12642,2026-09-26,SEC-A01,Nagpur–Wardha,FREIGHT,2026-09-26 08:47:59.377996,2026-09-26 09:32:59.377996,11,DN,SCHEDULED
TR-12643,12643,2026-09-26,SEC-A01,Nagpur–Wardha,PASSENGER,2026-09-26 09:48:07.687339,2026-09-26 10:28:07.687339,0,UP,RUNNING
TR-12644,12644,2026-09-26,SEC-A01,Nagpur–Wardha,PASSENGER,2026-09-26 10:54:33.876356,2026-09-26 11:39:33.876356,6,DN,DELAYED
TR-12645,12645,2026-09-26,SEC-A01,Nagpur–Wardha,FREIGHT,2026-09-26 11:46:52.978388,2026-09-26 12:16:52.978388,6,DN,RUNNING
TR-12646,12646,2026-09-26,SEC-A01,Nagpur–Wardha,PASSENGER,2026-09-26 13:11:54.600927,2026-09-26 13:41:54.600927,10,DN,RUNNING
TR-12647,12647,2026-09-26,SEC-A01,Nagpur–Wardha,FREIGHT,2026-09-26 13:57:57.323652,2026-09-26 14:37:57.323652,16,DN,DELAYED
TR-12648,12648,2026-09-26,SEC-A01,Nagpur–Wardha,EXPRESS,2026-09-26 15:21:07.967440,2026-09-26 16:06:07.967440,22,DN,SCHEDULED
TR-12649,12649,2026-09-26,SEC-A01,Nagpur–Wardha,SPECIAL,2026-09-26 16:27:45.074579,2026-09-26 17:12:45.074579,8,DN,DELAYED
TR-12650,12650,2026-09-26,SEC-A01,Nagpur–Wardha,PASSENGER,2026-09-26 17:30:47.818680,2026-09-26 18:10:47.818680,6,UP,SCHEDULED
TR-12651,12651,2026-09-26,SEC-A01,Nagpur–Wardha,FREIGHT,2026-09-26 18:24:40.704122,2026-09-26 18:49:40.704122,9,DN,RUNNING
TR-12652,12652,2026-09-26,SEC-A01,Nagpur–Wardha,PASSENGER,2026-09-26 19:45:58.745797,2026-09-26 20:15:58.745797,1,UP,RUNNING
TR-12653,12653,2026-09-26,SEC-A01,Nagpur–Wardha,EXPRESS,2026-09-26 20:51:18.646792,2026-09-26 21:31:18.646792,6,UP,DELAYED
TR-12654,12654,2026-09-26,SEC-A01,Nagpur–Wardha,EXPRESS,2026-09-26 21:41:36.325474,2026-09-26 22:06:36.325474,1,UP,RUNNING
TR-12655,12655,2026-09-26,SEC-A01,Nagpur–Wardha,FREIGHT,2026-09-26 23:02:26.760782,2026-09-26 23:47:26.760782,9,UP,SCHEDULED
TR-12656,12656,2026-09-26,SEC-A02,Wardha–Badnera,FREIGHT,2026-09-26 23:54:38.086586,2026-09-27 00:34:38.086586,17,UP,SCHEDULED
TR-12657,12657,2026-09-26,SEC-A02,Wardha–Badnera,FREIGHT,2026-09-26 00:58:01.763623,2026-09-26 01:38:01.763623,0,UP,SCHEDULED
TR-12658,12658,2026-09-26,SEC-A02,Wardha–Badnera,EXPRESS,2026-09-26 02:18:10.422486,2026-09-26 02:58:10.422486,11,UP,SCHEDULED
TR-12659,12659,2026-09-26,SEC-A02,Wardha–Badnera,PASSENGER,2026-09-26 03:18:49.612485,2026-09-26 03:43:49.612485,13,UP,SCHEDULED
TR-12660,12660,2026-09-26,SEC-A02,Wardha–Badnera,FREIGHT,2026-09-26 04:17:36.300713,2026-09-26 04:57:36.300713,7,UP,RUNNING
TR-12661,12661,2026-09-26,SEC-A02,Wardha–Badnera,FREIGHT,2026-09-26 05:17:49.911478,2026-09-26 06:02:49.911478,0,UP,DELAYED
TR-12662,12662,2026-09-26,SEC-A02,Wardha–Badnera,FREIGHT,2026-09-26 06:42:33.272694,2026-09-26 07:27:33.272694,3,UP,SCHEDULED
TR-12663,12663,2026-09-26,SEC-A02,Wardha–Badnera,EXPRESS,2026-09-26 07:36:20.889604,2026-09-26 08:16:20.889604,13,UP,SCHEDULED
TR-12664,12664,2026-09-26,SEC-A02,Wardha–Badnera,PASSENGER,2026-09-26 08:52:06.479061,2026-09-26 09:27:06.479061,3,DN,SCHEDULED
TR-12665,12665,2026-09-26,SEC-A02,Wardha–Badnera,PASSENGER,2026-09-26 09:35:38.116761,2026-09-26 10:20:38.116761,0,UP,RUNNING
TR-12666,12666,2026-09-26,SEC-A02,Wardha–Badnera,FREIGHT,2026-09-26 11:07:12.819265,2026-09-26 11:42:12.819265,4,DN,SCHEDULED
TR-12667,12667,2026-09-26,SEC-A02,Wardha–Badnera,SPECIAL,2026-09-26 12:11:10.396563,2026-09-26 12:41:10.396563,9,UP,DELAYED
TR-12668,12668,2026-09-26,SEC-A02,Wardha–Badnera,EXPRESS,2026-09-26 13:07:42.913301,2026-09-26 13:52:42.913301,7,DN,RUNNING
TR-12669,12669,2026-09-26,SEC-A02,Wardha–Badnera,FREIGHT,2026-09-26 14:14:28.106303,2026-09-26 14:59:28.106303,6,UP,DELAYED
TR-12670,12670,2026-09-26,SEC-A02,Wardha–Badnera,FREIGHT,2026-09-26 15:15:29.579854,2026-09-26 15:50:29.579854,5,UP,RUNNING
TR-12671,12671,2026-09-26,SEC-A02,Wardha–Badnera,PASSENGER,2026-09-26 16:19:27.621164,2026-09-26 16:49:27.621164,1,UP,SCHEDULED
TR-12672,12672,2026-09-26,SEC-A02,Wardha–Badnera,EXPRESS,2026-09-26 17:18:23.983590,2026-09-26 17:53:23.983590,0,UP,SCHEDULED
TR-12673,12673,2026-09-26,SEC-A02,Wardha–Badnera,EXPRESS,2026-09-26 18:32:32.035569,2026-09-26 19:17:32.035569,15,UP,RUNNING
TR-12674,12674,2026-09-26,SEC-A02,Wardha–Badnera,FREIGHT,2026-09-26 19:52:36.809967,2026-09-26 20:32:36.809967,5,UP,DELAYED
TR-12675,12675,2026-09-26,SEC-A02,Wardha–Badnera,PASSENGER,2026-09-26 20:42:59.970491,2026-09-26 21:12:59.970491,12,UP,SCHEDULED
TR-12676,12676,2026-09-26,SEC-A02,Wardha–Badnera,PASSENGER,2026-09-26 21:35:09.534698,2026-09-26 22:20:09.534698,14,DN,RUNNING
TR-12677,12677,2026-09-26,SEC-A02,Wardha–Badnera,PASSENGER,2026-09-26 22:53:52.393934,2026-09-26 23:23:52.393934,10,UP,SCHEDULED
TR-12678,12678,2026-09-26,SEC-B01,Badnera–Akola,FREIGHT,2026-09-26 00:08:12.503837,2026-09-26 00:38:12.503837,4,DN,SCHEDULED
TR-12679,12679,2026-09-26,SEC-B01,Badnera–Akola,FREIGHT,2026-09-26 01:31:34.492728,2026-09-26 01:56:34.492728,10,DN,SCHEDULED
TR-12680,12680,2026-09-26,SEC-B01,Badnera–Akola,FREIGHT,2026-09-26 02:57:53.493568,2026-09-26 03:37:53.493568,7,UP,RUNNING
TR-12681,12681,2026-09-26,SEC-B01,Badnera–Akola,SPECIAL,2026-09-26 04:18:32.386602,2026-09-26 05:03:32.386602,0,DN,RUNNING
TR-12682,12682,2026-09-26,SEC-B01,Badnera–Akola,EXPRESS,2026-09-26 05:50:48.562132,2026-09-26 06:30:48.562132,6,UP,SCHEDULED
TR-12683,12683,2026-09-26,SEC-B01,Badnera–Akola,PASSENGER,2026-09-26 07:17:45.583459,2026-09-26 07:42:45.583459,0,UP,SCHEDULED
TR-12684,12684,2026-09-26,SEC-B01,Badnera–Akola,EXPRESS,2026-09-26 09:11:11.860457,2026-09-26 09:41:11.860457,12,UP,SCHEDULED
TR-12685,12685,2026-09-26,SEC-B01,Badnera–Akola,PASSENGER,2026-09-26 10:18:48.088610,2026-09-26 10:48:48.088610,0,DN,RUNNING
TR-12686,12686,2026-09-26,SEC-B01,Badnera–Akola,SPECIAL,2026-09-26 12:03:04.348824,2026-09-26 12:33:04.348824,5,UP,DELAYED
TR-12687,12687,2026-09-26,SEC-B01,Badnera–Akola,FREIGHT,2026-09-26 13:26:56.073572,2026-09-26 13:51:56.073572,9,UP,RUNNING
TR-12688,12688,2026-09-26,SEC-B01,Badnera–Akola,FREIGHT,2026-09-26 15:13:09.066256,2026-09-26 15:43:09.066256,6,DN,SCHEDULED
TR-12689,12689,2026-09-26,SEC-B01,Badnera–Akola,EXPRESS,2026-09-26 16:28:18.375308,2026-09-26 17:03:18.375308,8,DN,SCHEDULED
TR-12690,12690,2026-09-26,SEC-B01,Badnera–Akola,PASSENGER,2026-09-26 18:00:48.319538,2026-09-26 18:35:48.319538,0,UP,SCHEDULED
TR-12691,12691,2026-09-26,SEC-B01,Badnera–Akola,EXPRESS,2026-09-26 19:25:23.943815,2026-09-26 20:05:23.943815,10,DN,RUNNING
TR-12692,12692,2026-09-26,SEC-B01,Badnera–Akola,EXPRESS,2026-09-26 20:47:21.202938,2026-09-26 21:17:21.202938,0,UP,RUNNING
TR-12693,12693,2026-09-26,SEC-B01,Badnera–Akola,PASSENGER,2026-09-26 22:37:15.435586,2026-09-26 23:07:15.435586,4,UP,SCHEDULED
TR-12694,12694,2026-09-26,SEC-B02,Akola–Bhusawal,FREIGHT,2026-09-26 00:14:20.237462,2026-09-26 00:54:20.237462,21,DN,SCHEDULED
TR-12695,12695,2026-09-26,SEC-B02,Akola–Bhusawal,PASSENGER,2026-09-26 01:15:38.321371,2026-09-26 01:40:38.321371,0,DN,RUNNING
TR-12696,12696,2026-09-26,SEC-B02,Akola–Bhusawal,PASSENGER,2026-09-26 03:09:48.921931,2026-09-26 03:34:48.921931,0,DN,RUNNING
TR-12697,12697,2026-09-26,SEC-B02,Akola–Bhusawal,FREIGHT,2026-09-26 04:15:33.927260,2026-09-26 04:55:33.927260,11,UP,SCHEDULED
TR-12698,12698,2026-09-26,SEC-B02,Akola–Bhusawal,FREIGHT,2026-09-26 05:51:10.314217,2026-09-26 06:21:10.314217,9,UP,RUNNING
TR-12699,12699,2026-09-26,SEC-B02,Akola–Bhusawal,EXPRESS,2026-09-26 07:15:56.350979,2026-09-26 07:50:56.350979,6,DN,RUNNING
TR-12700,12700,2026-09-26,SEC-B02,Akola–Bhusawal,PASSENGER,2026-09-26 09:09:18.438636,2026-09-26 09:54:18.438636,7,UP,RUNNING
TR-12701,12701,2026-09-26,SEC-B02,Akola–Bhusawal,FREIGHT,2026-09-26 10:36:46.415308,2026-09-26 11:21:46.415308,12,DN,SCHEDULED
TR-12702,12702,2026-09-26,SEC-B02,Akola–Bhusawal,FREIGHT,2026-09-26 12:09:13.314052,2026-09-26 12:54:13.314052,15,DN,DELAYED
TR-12703,12703,2026-09-26,SEC-B02,Akola–Bhusawal,EXPRESS,2026-09-26 13:28:54.304566,2026-09-26 14:13:54.304566,6,DN,SCHEDULED
TR-12704,12704,2026-09-26,SEC-B02,Akola–Bhusawal,EXPRESS,2026-09-26 15:13:48.549015,2026-09-26 15:53:48.549015,2,UP,SCHEDULED
TR-12705,12705,2026-09-26,SEC-B02,Akola–Bhusawal,EXPRESS,2026-09-26 16:42:13.882669,2026-09-26 17:17:13.882669,8,DN,SCHEDULED
TR-12706,12706,2026-09-26,SEC-B02,Akola–Bhusawal,PASSENGER,2026-09-26 18:14:57.850964,2026-09-26 18:59:57.850964,17,DN,SCHEDULED
TR-12707,12707,2026-09-26,SEC-B02,Akola–Bhusawal,PASSENGER,2026-09-26 19:33:27.985049,2026-09-26 20:08:27.985049,3,DN,DELAYED
TR-12708,12708,2026-09-26,SEC-B02,Akola–Bhusawal,FREIGHT,2026-09-26 20:45:22.210409,2026-09-26 21:20:22.210409,1,DN,RUNNING
TR-12709,12709,2026-09-26,SEC-B02,Akola–Bhusawal,FREIGHT,2026-09-26 22:40:25.666803,2026-09-26 23:20:25.666803,15,DN,SCHEDULED
TR-12710,12710,2026-09-26,SEC-C01,Bhusawal–Jalgaon,FREIGHT,2026-09-26 23:58:59.591101,2026-09-27 00:33:59.591101,7,UP,RUNNING
TR-12711,12711,2026-09-26,SEC-C01,Bhusawal–Jalgaon,PASSENGER,2026-09-26 02:10:45.452705,2026-09-26 02:35:45.452705,0,DN,SCHEDULED
TR-12712,12712,2026-09-26,SEC-C01,Bhusawal–Jalgaon,EXPRESS,2026-09-26 04:46:12.791129,2026-09-26 05:21:12.791129,9,DN,RUNNING
TR-12713,12713,2026-09-26,SEC-C01,Bhusawal–Jalgaon,PASSENGER,2026-09-26 07:23:04.299669,2026-09-26 07:53:04.299669,0,UP,SCHEDULED
TR-12714,12714,2026-09-26,SEC-C01,Bhusawal–Jalgaon,PASSENGER,2026-09-26 09:47:08.230528,2026-09-26 10:12:08.230528,3,UP,SCHEDULED
TR-12715,12715,2026-09-26,SEC-C01,Bhusawal–Jalgaon,FREIGHT,2026-09-26 12:05:31.994491,2026-09-26 12:45:31.994491,10,UP,DELAYED
TR-12716,12716,2026-09-26,SEC-C01,Bhusawal–Jalgaon,SPECIAL,2026-09-26 14:30:31.243854,2026-09-26 14:55:31.243854,5,DN,RUNNING
TR-12717,12717,2026-09-26,SEC-C01,Bhusawal–Jalgaon,FREIGHT,2026-09-26 16:33:29.012713,2026-09-26 17:08:29.012713,12,UP,DELAYED
TR-12718,12718,2026-09-26,SEC-C01,Bhusawal–Jalgaon,PASSENGER,2026-09-26 19:04:02.454348,2026-09-26 19:29:02.454348,0,DN,SCHEDULED
TR-12719,12719,2026-09-26,SEC-C01,Bhusawal–Jalgaon,PASSENGER,2026-09-26 21:36:19.863931,2026-09-26 22:06:19.863931,7,DN,RUNNING
TR-12720,12720,2026-09-27,SEC-A01,Nagpur–Wardha,EXPRESS,2026-09-27 23:47:08.507714,2026-09-28 00:27:08.507714,2,UP,SCHEDULED
TR-12721,12721,2026-09-27,SEC-A01,Nagpur–Wardha,PASSENGER,2026-09-27 01:00:15.045702,2026-09-27 01:35:15.045702,9,DN,RUNNING
TR-12722,12722,2026-09-27,SEC-A01,Nagpur–Wardha,FREIGHT,2026-09-27 02:10:01.778517,2026-09-27 02:45:01.778517,12,UP,RUNNING
TR-12723,12723,2026-09-27,SEC-A01,Nagpur–Wardha,EXPRESS,2026-09-27 03:02:42.117220,2026-09-27 03:32:42.117220,0,UP,SCHEDULED
TR-12724,12724,2026-09-27,SEC-A01,Nagpur–Wardha,FREIGHT,2026-09-27 04:25:05.359572,2026-09-27 05:00:05.359572,15,DN,SCHEDULED
TR-12725,12725,2026-09-27,SEC-A01,Nagpur–Wardha,PASSENGER,2026-09-27 05:23:38.275083,2026-09-27 06:08:38.275083,0,UP,RUNNING
TR-12726,12726,2026-09-27,SEC-A01,Nagpur–Wardha,SPECIAL,2026-09-27 06:40:36.337669,2026-09-27 07:05:36.337669,9,UP,DELAYED
TR-12727,12727,2026-09-27,SEC-A01,Nagpur–Wardha,FREIGHT,2026-09-27 07:38:17.201687,2026-09-27 08:23:17.201687,10,DN,DELAYED
TR-12728,12728,2026-09-27,SEC-A01,Nagpur–Wardha,EXPRESS,2026-09-27 08:50:37.664008,2026-09-27 09:35:37.664008,16,DN,DELAYED
TR-12729,12729,2026-09-27,SEC-A01,Nagpur–Wardha,PASSENGER,2026-09-27 09:49:42.059342,2026-09-27 10:24:42.059342,2,DN,SCHEDULED
TR-12730,12730,2026-09-27,SEC-A01,Nagpur–Wardha,PASSENGER,2026-09-27 10:49:24.359378,2026-09-27 11:24:24.359378,1,DN,SCHEDULED
TR-12731,12731,2026-09-27,SEC-A01,Nagpur–Wardha,EXPRESS,2026-09-27 12:05:47.531639,2026-09-27 12:45:47.531639,3,DN,RUNNING
TR-12732,12732,2026-09-27,SEC-A01,Nagpur–Wardha,FREIGHT,2026-09-27 12:52:50.714856,2026-09-27 13:37:50.714856,5,DN,RUNNING
TR-12733,12733,2026-09-27,SEC-A01,Nagpur–Wardha,EXPRESS,2026-09-27 14:14:03.938905,2026-09-27 14:54:03.938905,9,UP,DELAYED
TR-12734,12734,2026-09-27,SEC-A01,Nagpur–Wardha,EXPRESS,2026-09-27 15:26:11.896170,2026-09-27 15:56:11.896170,0,UP,RUNNING
TR-12735,12735,2026-09-27,SEC-A01,Nagpur–Wardha,FREIGHT,2026-09-27 16:27:02.480138,2026-09-27 16:57:02.480138,0,DN,RUNNING
TR-12736,12736,2026-09-27,SEC-A01,Nagpur–Wardha,FREIGHT,2026-09-27 17:21:41.283446,2026-09-27 17:46:41.283446,0,UP,DELAYED
TR-12737,12737,2026-09-27,SEC-A01,Nagpur–Wardha,EXPRESS,2026-09-27 18:32:33.196785,2026-09-27 19:02:33.196785,10,DN,SCHEDULED
TR-12738,12738,2026-09-27,SEC-A01,Nagpur–Wardha,PASSENGER,2026-09-27 19:28:11.096789,2026-09-27 20:08:11.096789,15,DN,SCHEDULED
TR-12739,12739,2026-09-27,SEC-A01,Nagpur–Wardha,EXPRESS,2026-09-27 20:32:25.698131,2026-09-27 20:57:25.698131,3,UP,SCHEDULED
TR-12740,12740,2026-09-27,SEC-A01,Nagpur–Wardha,FREIGHT,2026-09-27 22:03:47.334816,2026-09-27 22:33:47.334816,6,DN,RUNNING
TR-12741,12741,2026-09-27,SEC-A01,Nagpur–Wardha,FREIGHT,2026-09-27 22:50:10.589261,2026-09-27 23:30:10.589261,8,UP,RUNNING
TR-12742,12742,2026-09-27,SEC-A02,Wardha–Badnera,FREIGHT,2026-09-27 23:48:34.253359,2026-09-28 00:23:34.253359,16,UP,SCHEDULED
TR-12743,12743,2026-09-27,SEC-A02,Wardha–Badnera,EXPRESS,2026-09-27 00:52:40.027304,2026-09-27 01:27:40.027304,0,DN,RUNNING
TR-12744,12744,2026-09-27,SEC-A02,Wardha–Badnera,PASSENGER,2026-09-27 02:18:07.800918,2026-09-27 02:58:07.800918,5,DN,SCHEDULED
TR-12745,12745,2026-09-27,SEC-A02,Wardha–Badnera,EXPRESS,2026-09-27 03:23:22.015825,2026-09-27 04:08:22.015825,10,UP,SCHEDULED
TR-12746,12746,2026-09-27,SEC-A02,Wardha–Badnera,FREIGHT,2026-09-27 04:33:41.169418,2026-09-27 05:18:41.169418,11,DN,RUNNING
TR-12747,12747,2026-09-27,SEC-A02,Wardha–Badnera,FREIGHT,2026-09-27 05:21:53.150013,2026-09-27 05:51:53.150013,9,DN,SCHEDULED
TR-12748,12748,2026-09-27,SEC-A02,Wardha–Badnera,PASSENGER,2026-09-27 06:24:41.710745,2026-09-27 07:04:41.710745,11,DN,RUNNING
TR-12749,12749,2026-09-27,SEC-A02,Wardha–Badnera,EXPRESS,2026-09-27 07:32:51.949222,2026-09-27 08:07:51.949222,0,UP,SCHEDULED
TR-12750,12750,2026-09-27,SEC-A02,Wardha–Badnera,FREIGHT,2026-09-27 08:53:03.358743,2026-09-27 09:23:03.358743,12,DN,DELAYED
TR-12751,12751,2026-09-27,SEC-A02,Wardha–Badnera,PASSENGER,2026-09-27 10:00:28.705283,2026-09-27 10:35:28.705283,0,DN,SCHEDULED
TR-12752,12752,2026-09-27,SEC-A02,Wardha–Badnera,FREIGHT,2026-09-27 10:43:06.119212,2026-09-27 11:18:06.119212,0,UP,SCHEDULED
TR-12753,12753,2026-09-27,SEC-A02,Wardha–Badnera,SPECIAL,2026-09-27 11:53:39.261878,2026-09-27 12:28:39.261878,7,UP,SCHEDULED
TR-12754,12754,2026-09-27,SEC-A02,Wardha–Badnera,PASSENGER,2026-09-27 13:10:26.853229,2026-09-27 13:40:26.853229,13,UP,SCHEDULED
TR-12755,12755,2026-09-27,SEC-A02,Wardha–Badnera,SPECIAL,2026-09-27 14:13:51.650226,2026-09-27 14:38:51.650226,3,UP,SCHEDULED
TR-12756,12756,2026-09-27,SEC-A02,Wardha–Badnera,FREIGHT,2026-09-27 15:16:00.876792,2026-09-27 15:41:00.876792,14,DN,DELAYED
TR-12757,12757,2026-09-27,SEC-A02,Wardha–Badnera,FREIGHT,2026-09-27 16:19:36.795519,2026-09-27 16:59:36.795519,19,DN,RUNNING
TR-12758,12758,2026-09-27,SEC-A02,Wardha–Badnera,FREIGHT,2026-09-27 17:39:48.754984,2026-09-27 18:04:48.754984,17,DN,RUNNING
TR-12759,12759,2026-09-27,SEC-A02,Wardha–Badnera,SPECIAL,2026-09-27 18:25:37.138122,2026-09-27 18:55:37.138122,15,UP,RUNNING
TR-12760,12760,2026-09-27,SEC-A02,Wardha–Badnera,EXPRESS,2026-09-27 19:47:17.463038,2026-09-27 20:17:17.463038,9,DN,SCHEDULED
TR-12761,12761,2026-09-27,SEC-A02,Wardha–Badnera,FREIGHT,2026-09-27 20:43:50.890129,2026-09-27 21:18:50.890129,8,UP,RUNNING
TR-12762,12762,2026-09-27,SEC-A02,Wardha–Badnera,FREIGHT,2026-09-27 22:00:51.545062,2026-09-27 22:25:51.545062,0,DN,SCHEDULED
TR-12763,12763,2026-09-27,SEC-A02,Wardha–Badnera,EXPRESS,2026-09-27 23:04:47.303146,2026-09-27 23:29:47.303146,2,UP,SCHEDULED
TR-12764,12764,2026-09-27,SEC-B01,Badnera–Akola,EXPRESS,2026-09-27 23:49:06.374411,2026-09-28 00:29:06.374411,0,UP,SCHEDULED
TR-12765,12765,2026-09-27,SEC-B01,Badnera–Akola,FREIGHT,2026-09-27 01:22:57.514884,2026-09-27 01:52:57.514884,23,UP,RUNNING
TR-12766,12766,2026-09-27,SEC-B01,Badnera–Akola,FREIGHT,2026-09-27 02:53:28.679413,2026-09-27 03:23:28.679413,6,UP,DELAYED
TR-12767,12767,2026-09-27,SEC-B01,Badnera–Akola,PASSENGER,2026-09-27 04:40:42.882233,2026-09-27 05:10:42.882233,4,UP,RUNNING
TR-12768,12768,2026-09-27,SEC-B01,Badnera–Akola,EXPRESS,2026-09-27 06:01:43.926890,2026-09-27 06:31:43.926890,7,UP,RUNNING
TR-12769,12769,2026-09-27,SEC-B01,Badnera–Akola,FREIGHT,2026-09-27 07:35:38.366987,2026-09-27 08:20:38.366987,8,UP,RUNNING
TR-12770,12770,2026-09-27,SEC-B01,Badnera–Akola,EXPRESS,2026-09-27 08:59:31.619513,2026-09-27 09:29:31.619513,15,UP,RUNNING
TR-12771,12771,2026-09-27,SEC-B01,Badnera–Akola,EXPRESS,2026-09-27 10:35:02.356443,2026-09-27 11:15:02.356443,0,DN,DELAYED
TR-12772,12772,2026-09-27,SEC-B01,Badnera–Akola,PASSENGER,2026-09-27 11:55:42.830169,2026-09-27 12:35:42.830169,5,UP,SCHEDULED
TR-12773,12773,2026-09-27,SEC-B01,Badnera–Akola,FREIGHT,2026-09-27 13:43:53.254112,2026-09-27 14:18:53.254112,2,DN,RUNNING
TR-12774,12774,2026-09-27,SEC-B01,Badnera–Akola,PASSENGER,2026-09-27 14:52:25.313264,2026-09-27 15:32:25.313264,0,DN,RUNNING
TR-12775,12775,2026-09-27,SEC-B01,Badnera–Akola,FREIGHT,2026-09-27 16:34:49.103147,2026-09-27 17:09:49.103147,3,UP,RUNNING
TR-12776,12776,2026-09-27,SEC-B01,Badnera–Akola,FREIGHT,2026-09-27 18:10:12.217491,2026-09-27 18:50:12.217491,7,UP,SCHEDULED
TR-12777,12777,2026-09-27,SEC-B01,Badnera–Akola,PASSENGER,2026-09-27 19:23:43.674425,2026-09-27 20:08:43.674425,0,DN,SCHEDULED
TR-12778,12778,2026-09-27,SEC-B01,Badnera–Akola,PASSENGER,2026-09-27 21:01:52.063159,2026-09-27 21:36:52.063159,0,DN,RUNNING
TR-12779,12779,2026-09-27,SEC-B01,Badnera–Akola,FREIGHT,2026-09-27 22:26:44.481109,2026-09-27 23:06:44.481109,0,DN,SCHEDULED
TR-12780,12780,2026-09-27,SEC-B02,Akola–Bhusawal,PASSENGER,2026-09-27 23:53:02.971021,2026-09-28 00:23:02.971021,3,UP,RUNNING
TR-12781,12781,2026-09-27,SEC-B02,Akola–Bhusawal,FREIGHT,2026-09-27 01:28:25.745424,2026-09-27 01:58:25.745424,0,UP,DELAYED
TR-12782,12782,2026-09-27,SEC-B02,Akola–Bhusawal,EXPRESS,2026-09-27 02:51:11.161479,2026-09-27 03:16:11.161479,9,DN,SCHEDULED
TR-12783,12783,2026-09-27,SEC-B02,Akola–Bhusawal,SPECIAL,2026-09-27 04:33:08.930170,2026-09-27 04:58:08.930170,4,UP,RUNNING
TR-12784,12784,2026-09-27,SEC-B02,Akola–Bhusawal,EXPRESS,2026-09-27 05:47:42.454879,2026-09-27 06:22:42.454879,0,UP,SCHEDULED
TR-12785,12785,2026-09-27,SEC-B02,Akola–Bhusawal,FREIGHT,2026-09-27 07:30:33.568197,2026-09-27 08:05:33.568197,5,UP,DELAYED
TR-12786,12786,2026-09-27,SEC-B02,Akola–Bhusawal,PASSENGER,2026-09-27 08:56:51.947320,2026-09-27 09:26:51.947320,0,UP,RUNNING
TR-12787,12787,2026-09-27,SEC-B02,Akola–Bhusawal,FREIGHT,2026-09-27 10:24:56.703803,2026-09-27 10:54:56.703803,10,UP,SCHEDULED
TR-12788,12788,2026-09-27,SEC-B02,Akola–Bhusawal,EXPRESS,2026-09-27 11:46:04.934950,2026-09-27 12:11:04.934950,13,UP,DELAYED
TR-12789,12789,2026-09-27,SEC-B02,Akola–Bhusawal,PASSENGER,2026-09-27 13:26:56.287334,2026-09-27 14:06:56.287334,0,DN,RUNNING
TR-12790,12790,2026-09-27,SEC-B02,Akola–Bhusawal,PASSENGER,2026-09-27 14:45:43.639852,2026-09-27 15:15:43.639852,4,UP,RUNNING
TR-12791,12791,2026-09-27,SEC-B02,Akola–Bhusawal,EXPRESS,2026-09-27 16:34:39.496726,2026-09-27 17:04:39.496726,2,DN,SCHEDULED
TR-12792,12792,2026-09-27,SEC-B02,Akola–Bhusawal,EXPRESS,2026-09-27 17:47:17.748748,2026-09-27 18:32:17.748748,8,DN,SCHEDULED
TR-12793,12793,2026-09-27,SEC-B02,Akola–Bhusawal,FREIGHT,2026-09-27 19:15:26.535211,2026-09-27 20:00:26.535211,9,UP,SCHEDULED
TR-12794,12794,2026-09-27,SEC-B02,Akola–Bhusawal,PASSENGER,2026-09-27 21:07:04.572117,2026-09-27 21:47:04.572117,0,DN,RUNNING
TR-12795,12795,2026-09-27,SEC-B02,Akola–Bhusawal,PASSENGER,2026-09-27 22:27:45.274874,2026-09-27 22:52:45.274874,1,DN,SCHEDULED
TR-12796,12796,2026-09-27,SEC-C01,Bhusawal–Jalgaon,FREIGHT,2026-09-27 23:47:59.422594,2026-09-28 00:32:59.422594,2,DN,RUNNING
TR-12797,12797,2026-09-27,SEC-C01,Bhusawal–Jalgaon,FREIGHT,2026-09-27 02:11:47.512311,2026-09-27 02:51:47.512311,15,DN,RUNNING
TR-12798,12798,2026-09-27,SEC-C01,Bhusawal–Jalgaon,FREIGHT,2026-09-27 05:00:13.798363,2026-09-27 05:45:13.798363,8,DN,SCHEDULED
TR-12799,12799,2026-09-27,SEC-C01,Bhusawal–Jalgaon,SPECIAL,2026-09-27 07:26:47.677120,2026-09-27 08:06:47.677120,17,UP,RUNNING
TR-12800,12800,2026-09-27,SEC-C01,Bhusawal–Jalgaon,FREIGHT,2026-09-27 09:27:43.309548,2026-09-27 09:52:43.309548,7,UP,RUNNING
TR-12801,12801,2026-09-27,SEC-C01,Bhusawal–Jalgaon,PASSENGER,2026-09-27 11:56:05.678928,2026-09-27 12:41:05.678928,0,DN,RUNNING
TR-12802,12802,2026-09-27,SEC-C01,Bhusawal–Jalgaon,PASSENGER,2026-09-27 14:13:18.788267,2026-09-27 14:38:18.788267,0,UP,SCHEDULED
TR-12803,12803,2026-09-27,SEC-C01,Bhusawal–Jalgaon,FREIGHT,2026-09-27 16:58:56.689886,2026-09-27 17:38:56.689886,0,UP,SCHEDULED
TR-12804,12804,2026-09-27,SEC-C01,Bhusawal–Jalgaon,FREIGHT,2026-09-27 19:09:05.751131,2026-09-27 19:49:05.751131,0,UP,SCHEDULED
TR-12805,12805,2026-09-27,SEC-C01,Bhusawal–Jalgaon,FREIGHT,2026-09-27 21:44:01.335262,2026-09-27 22:19:01.335262,9,DN,SCHEDULED
TR-12806,12806,2026-09-28,SEC-A01,Nagpur–Wardha,FREIGHT,2026-09-28 23:46:05.717478,2026-09-29 00:31:05.717478,11,UP,RUNNING
TR-12807,12807,2026-09-28,SEC-A01,Nagpur–Wardha,EXPRESS,2026-09-28 01:11:09.987937,2026-09-28 01:56:09.987937,0,DN,RUNNING
TR-12808,12808,2026-09-28,SEC-A01,Nagpur–Wardha,PASSENGER,2026-09-28 02:24:41.600965,2026-09-28 02:54:41.600965,10,DN,DELAYED
TR-12809,12809,2026-09-28,SEC-A01,Nagpur–Wardha,EXPRESS,2026-09-28 03:18:00.471222,2026-09-28 03:43:00.471222,0,DN,SCHEDULED
TR-12810,12810,2026-09-28,SEC-A01,Nagpur–Wardha,PASSENGER,2026-09-28 04:18:05.325800,2026-09-28 04:43:05.325800,5,UP,SCHEDULED
TR-12811,12811,2026-09-28,SEC-A01,Nagpur–Wardha,PASSENGER,2026-09-28 05:18:11.625338,2026-09-28 05:43:11.625338,15,DN,RUNNING
TR-12812,12812,2026-09-28,SEC-A01,Nagpur–Wardha,FREIGHT,2026-09-28 06:22:50.936120,2026-09-28 07:07:50.936120,14,DN,RUNNING
TR-12813,12813,2026-09-28,SEC-A01,Nagpur–Wardha,FREIGHT,2026-09-28 07:23:27.574437,2026-09-28 07:48:27.574437,6,DN,RUNNING
TR-12814,12814,2026-09-28,SEC-A01,Nagpur–Wardha,EXPRESS,2026-09-28 08:44:18.646003,2026-09-28 09:29:18.646003,0,UP,SCHEDULED
TR-12815,12815,2026-09-28,SEC-A01,Nagpur–Wardha,EXPRESS,2026-09-28 09:42:47.808750,2026-09-28 10:12:47.808750,0,DN,DELAYED
TR-12816,12816,2026-09-28,SEC-A01,Nagpur–Wardha,FREIGHT,2026-09-28 10:57:40.859281,2026-09-28 11:37:40.859281,2,DN,SCHEDULED
TR-12817,12817,2026-09-28,SEC-A01,Nagpur–Wardha,PASSENGER,2026-09-28 11:49:55.628780,2026-09-28 12:29:55.628780,2,DN,SCHEDULED
TR-12818,12818,2026-09-28,SEC-A01,Nagpur–Wardha,SPECIAL,2026-09-28 12:54:57.901065,2026-09-28 13:19:57.901065,0,UP,RUNNING
TR-12819,12819,2026-09-28,SEC-A01,Nagpur–Wardha,FREIGHT,2026-09-28 14:16:57.181792,2026-09-28 14:46:57.181792,7,DN,RUNNING
TR-12820,12820,2026-09-28,SEC-A01,Nagpur–Wardha,FREIGHT,2026-09-28 15:04:12.304403,2026-09-28 15:49:12.304403,8,UP,SCHEDULED
TR-12821,12821,2026-09-28,SEC-A01,Nagpur–Wardha,EXPRESS,2026-09-28 16:17:19.905936,2026-09-28 17:02:19.905936,2,DN,SCHEDULED
TR-12822,12822,2026-09-28,SEC-A01,Nagpur–Wardha,PASSENGER,2026-09-28 17:40:06.546734,2026-09-28 18:15:06.546734,0,DN,DELAYED
TR-12823,12823,2026-09-28,SEC-A01,Nagpur–Wardha,FREIGHT,2026-09-28 18:39:36.417968,2026-09-28 19:14:36.417968,9,DN,RUNNING
TR-12824,12824,2026-09-28,SEC-A01,Nagpur–Wardha,PASSENGER,2026-09-28 19:40:00.911224,2026-09-28 20:10:00.911224,7,UP,SCHEDULED
TR-12825,12825,2026-09-28,SEC-A01,Nagpur–Wardha,PASSENGER,2026-09-28 20:50:33.366359,2026-09-28 21:25:33.366359,0,UP,SCHEDULED
TR-12826,12826,2026-09-28,SEC-A01,Nagpur–Wardha,FREIGHT,2026-09-28 21:57:59.846611,2026-09-28 22:42:59.846611,17,DN,RUNNING
TR-12827,12827,2026-09-28,SEC-A01,Nagpur–Wardha,FREIGHT,2026-09-28 22:56:48.907554,2026-09-28 23:41:48.907554,7,DN,SCHEDULED
TR-12828,12828,2026-09-28,SEC-A02,Wardha–Badnera,SPECIAL,2026-09-28 23:50:02.578899,2026-09-29 00:20:02.578899,4,UP,DELAYED
TR-12829,12829,2026-09-28,SEC-A02,Wardha–Badnera,FREIGHT,2026-09-28 00:54:50.957707,2026-09-28 01:24:50.957707,12,UP,RUNNING
TR-12830,12830,2026-09-28,SEC-A02,Wardha–Badnera,PASSENGER,2026-09-28 01:58:14.562826,2026-09-28 02:23:14.562826,5,DN,RUNNING
TR-12831,12831,2026-09-28,SEC-A02,Wardha–Badnera,PASSENGER,2026-09-28 03:21:18.534194,2026-09-28 03:56:18.534194,10,UP,SCHEDULED
TR-12832,12832,2026-09-28,SEC-A02,Wardha–Badnera,EXPRESS,2026-09-28 04:23:37.352152,2026-09-28 05:03:37.352152,6,DN,RUNNING
TR-12833,12833,2026-09-28,SEC-A02,Wardha–Badnera,PASSENGER,2026-09-28 05:21:37.534935,2026-09-28 06:06:37.534935,0,UP,DELAYED
TR-12834,12834,2026-09-28,SEC-A02,Wardha–Badnera,EXPRESS,2026-09-28 06:42:59.580561,2026-09-28 07:12:59.580561,6,DN,SCHEDULED
TR-12835,12835,2026-09-28,SEC-A02,Wardha–Badnera,FREIGHT,2026-09-28 07:48:22.686078,2026-09-28 08:33:22.686078,0,DN,SCHEDULED
TR-12836,12836,2026-09-28,SEC-A02,Wardha–Badnera,FREIGHT,2026-09-28 08:45:22.410971,2026-09-28 09:25:22.410971,8,UP,SCHEDULED
TR-12837,12837,2026-09-28,SEC-A02,Wardha–Badnera,EXPRESS,2026-09-28 10:00:04.503735,2026-09-28 10:40:04.503735,3,DN,RUNNING
TR-12838,12838,2026-09-28,SEC-A02,Wardha–Badnera,EXPRESS,2026-09-28 10:45:57.531202,2026-09-28 11:30:57.531202,2,UP,RUNNING
TR-12839,12839,2026-09-28,SEC-A02,Wardha–Badnera,PASSENGER,2026-09-28 11:56:13.570546,2026-09-28 12:21:13.570546,3,DN,DELAYED
TR-12840,12840,2026-09-28,SEC-A02,Wardha–Badnera,PASSENGER,2026-09-28 12:56:18.072219,2026-09-28 13:41:18.072219,0,UP,RUNNING
TR-12841,12841,2026-09-28,SEC-A02,Wardha–Badnera,EXPRESS,2026-09-28 14:23:22.998235,2026-09-28 15:08:22.998235,0,DN,SCHEDULED
TR-12842,12842,2026-09-28,SEC-A02,Wardha–Badnera,FREIGHT,2026-09-28 15:20:46.810794,2026-09-28 16:00:46.810794,8,DN,RUNNING
TR-12843,12843,2026-09-28,SEC-A02,Wardha–Badnera,EXPRESS,2026-09-28 16:25:34.577650,2026-09-28 17:10:34.577650,5,DN,DELAYED
TR-12844,12844,2026-09-28,SEC-A02,Wardha–Badnera,PASSENGER,2026-09-28 17:31:14.395785,2026-09-28 18:11:14.395785,0,UP,SCHEDULED
TR-12845,12845,2026-09-28,SEC-A02,Wardha–Badnera,EXPRESS,2026-09-28 18:28:48.797311,2026-09-28 19:13:48.797311,12,UP,SCHEDULED
TR-12846,12846,2026-09-28,SEC-A02,Wardha–Badnera,PASSENGER,2026-09-28 19:49:18.552889,2026-09-28 20:19:18.552889,0,UP,SCHEDULED
TR-12847,12847,2026-09-28,SEC-A02,Wardha–Badnera,PASSENGER,2026-09-28 20:41:56.262229,2026-09-28 21:06:56.262229,10,DN,SCHEDULED
TR-12848,12848,2026-09-28,SEC-A02,Wardha–Badnera,PASSENGER,2026-09-28 21:53:44.643947,2026-09-28 22:18:44.643947,6,DN,SCHEDULED
TR-12849,12849,2026-09-28,SEC-A02,Wardha–Badnera,EXPRESS,2026-09-28 23:06:43.031821,2026-09-28 23:51:43.031821,0,DN,DELAYED
TR-12850,12850,2026-09-28,SEC-B01,Badnera–Akola,FREIGHT,2026-09-28 23:45:25.508182,2026-09-29 00:25:25.508182,20,UP,SCHEDULED
TR-12851,12851,2026-09-28,SEC-B01,Badnera–Akola,PASSENGER,2026-09-28 01:20:47.291884,2026-09-28 02:05:47.291884,0,DN,SCHEDULED
TR-12852,12852,2026-09-28,SEC-B01,Badnera–Akola,PASSENGER,2026-09-28 02:50:10.653414,2026-09-28 03:15:10.653414,10,UP,DELAYED
TR-12853,12853,2026-09-28,SEC-B01,Badnera–Akola,PASSENGER,2026-09-28 04:27:16.652722,2026-09-28 04:52:16.652722,11,DN,SCHEDULED
TR-12854,12854,2026-09-28,SEC-B01,Badnera–Akola,EXPRESS,2026-09-28 05:55:14.614483,2026-09-28 06:40:14.614483,0,UP,DELAYED
TR-12855,12855,2026-09-28,SEC-B01,Badnera–Akola,PASSENGER,2026-09-28 07:42:54.491132,2026-09-28 08:07:54.491132,13,UP,SCHEDULED
TR-12856,12856,2026-09-28,SEC-B01,Badnera–Akola,PASSENGER,2026-09-28 09:06:53.190679,2026-09-28 09:36:53.190679,2,UP,SCHEDULED
TR-12857,12857,2026-09-28,SEC-B01,Badnera–Akola,FREIGHT,2026-09-28 10:38:39.726022,2026-09-28 11:08:39.726022,10,DN,SCHEDULED
TR-12858,12858,2026-09-28,SEC-B01,Badnera–Akola,PASSENGER,2026-09-28 12:11:18.957099,2026-09-28 12:41:18.957099,5,UP,SCHEDULED
TR-12859,12859,2026-09-28,SEC-B01,Badnera–Akola,EXPRESS,2026-09-28 13:24:18.876712,2026-09-28 14:04:18.876712,3,UP,RUNNING
TR-12860,12860,2026-09-28,SEC-B01,Badnera–Akola,FREIGHT,2026-09-28 14:49:12.766933,2026-09-28 15:24:12.766933,13,UP,RUNNING
TR-12861,12861,2026-09-28,SEC-B01,Badnera–Akola,SPECIAL,2026-09-28 16:41:30.423442,2026-09-28 17:11:30.423442,9,DN,RUNNING
TR-12862,12862,2026-09-28,SEC-B01,Badnera–Akola,FREIGHT,2026-09-28 17:52:56.181258,2026-09-28 18:32:56.181258,0,DN,RUNNING
TR-12863,12863,2026-09-28,SEC-B01,Badnera–Akola,FREIGHT,2026-09-28 19:38:10.266980,2026-09-28 20:23:10.266980,17,UP,SCHEDULED
TR-12864,12864,2026-09-28,SEC-B01,Badnera–Akola,FREIGHT,2026-09-28 21:13:29.397230,2026-09-28 21:58:29.397230,0,UP,RUNNING
TR-12865,12865,2026-09-28,SEC-B01,Badnera–Akola,PASSENGER,2026-09-28 22:25:24.458755,2026-09-28 23:00:24.458755,11,DN,SCHEDULED
TR-12866,12866,2026-09-28,SEC-B02,Akola–Bhusawal,PASSENGER,2026-09-28 00:00:23.890419,2026-09-28 00:30:23.890419,11,DN,RUNNING
TR-12867,12867,2026-09-28,SEC-B02,Akola–Bhusawal,FREIGHT,2026-09-28 01:15:56.606491,2026-09-28 01:40:56.606491,0,UP,RUNNING
TR-12868,12868,2026-09-28,SEC-B02,Akola–Bhusawal,PASSENGER,2026-09-28 02:49:11.667507,2026-09-28 03:34:11.667507,1,DN,DELAYED
TR-12869,12869,2026-09-28,SEC-B02,Akola–Bhusawal,EXPRESS,2026-09-28 04:42:02.294815,2026-09-28 05:17:02.294815,0,DN,SCHEDULED
TR-12870,12870,2026-09-28,SEC-B02,Akola–Bhusawal,PASSENGER,2026-09-28 05:49:45.750900,2026-09-28 06:29:45.750900,2,UP,SCHEDULED
TR-12871,12871,2026-09-28,SEC-B02,Akola–Bhusawal,PASSENGER,2026-09-28 07:42:23.667882,2026-09-28 08:17:23.667882,1,UP,SCHEDULED
TR-12872,12872,2026-09-28,SEC-B02,Akola–Bhusawal,FREIGHT,2026-09-28 08:58:10.215680,2026-09-28 09:43:10.215680,13,DN,RUNNING
TR-12873,12873,2026-09-28,SEC-B02,Akola–Bhusawal,PASSENGER,2026-09-28 10:29:12.429733,2026-09-28 10:59:12.429733,13,DN,DELAYED
TR-12874,12874,2026-09-28,SEC-B02,Akola–Bhusawal,PASSENGER,2026-09-28 11:55:08.180869,2026-09-28 12:35:08.180869,13,UP,DELAYED
TR-12875,12875,2026-09-28,SEC-B02,Akola–Bhusawal,EXPRESS,2026-09-28 13:18:14.139568,2026-09-28 13:58:14.139568,0,DN,DELAYED
TR-12876,12876,2026-09-28,SEC-B02,Akola–Bhusawal,PASSENGER,2026-09-28 14:45:51.399308,2026-09-28 15:30:51.399308,2,DN,DELAYED
TR-12877,12877,2026-09-28,SEC-B02,Akola–Bhusawal,PASSENGER,2026-09-28 16:43:57.424100,2026-09-28 17:28:57.424100,0,UP,SCHEDULED
TR-12878,12878,2026-09-28,SEC-B02,Akola–Bhusawal,SPECIAL,2026-09-28 18:04:54.131555,2026-09-28 18:29:54.131555,0,DN,SCHEDULED
TR-12879,12879,2026-09-28,SEC-B02,Akola–Bhusawal,FREIGHT,2026-09-28 19:39:02.681323,2026-09-28 20:19:02.681323,14,DN,SCHEDULED
TR-12880,12880,2026-09-28,SEC-B02,Akola–Bhusawal,EXPRESS,2026-09-28 21:04:45.495483,2026-09-28 21:34:45.495483,15,DN,RUNNING
TR-12881,12881,2026-09-28,SEC-B02,Akola–Bhusawal,EXPRESS,2026-09-28 22:17:24.675487,2026-09-28 22:47:24.675487,0,DN,SCHEDULED
TR-12882,12882,2026-09-28,SEC-C01,Bhusawal–Jalgaon,FREIGHT,2026-09-28 00:06:43.441897,2026-09-28 00:36:43.441897,3,DN,SCHEDULED
TR-12883,12883,2026-09-28,SEC-C01,Bhusawal–Jalgaon,PASSENGER,2026-09-28 02:23:19.219361,2026-09-28 02:58:19.219361,3,DN,SCHEDULED
TR-12884,12884,2026-09-28,SEC-C01,Bhusawal–Jalgaon,EXPRESS,2026-09-28 05:00:23.099483,2026-09-28 05:40:23.099483,5,UP,SCHEDULED
TR-12885,12885,2026-09-28,SEC-C01,Bhusawal–Jalgaon,EXPRESS,2026-09-28 07:08:37.633045,2026-09-28 07:43:37.633045,0,UP,RUNNING
TR-12886,12886,2026-09-28,SEC-C01,Bhusawal–Jalgaon,EXPRESS,2026-09-28 09:44:11.868791,2026-09-28 10:19:11.868791,6,DN,DELAYED
TR-12887,12887,2026-09-28,SEC-C01,Bhusawal–Jalgaon,PASSENGER,2026-09-28 11:56:48.930649,2026-09-28 12:21:48.930649,0,UP,SCHEDULED
TR-12888,12888,2026-09-28,SEC-C01,Bhusawal–Jalgaon,EXPRESS,2026-09-28 14:35:34.058632,2026-09-28 15:05:34.058632,3,DN,RUNNING
TR-12889,12889,2026-09-28,SEC-C01,Bhusawal–Jalgaon,FREIGHT,2026-09-28 16:43:11.731712,2026-09-28 17:08:11.731712,11,DN,SCHEDULED
TR-12890,12890,2026-09-28,SEC-C01,Bhusawal–Jalgaon,FREIGHT,2026-09-28 19:16:22.039083,2026-09-28 19:46:22.039083,8,UP,SCHEDULED
TR-12891,12891,2026-09-28,SEC-C01,Bhusawal–Jalgaon,PASSENGER,2026-09-28 21:30:03.488254,2026-09-28 21:55:03.488254,0,UP,RUNNING
TR-12892,12892,2026-09-29,SEC-A01,Nagpur–Wardha,FREIGHT,2026-09-29 23:49:31.345625,2026-09-30 00:24:31.345625,7,DN,SCHEDULED
TR-12893,12893,2026-09-29,SEC-A01,Nagpur–Wardha,PASSENGER,2026-09-29 00:58:17.107823,2026-09-29 01:38:17.107823,3,DN,DELAYED
TR-12894,12894,2026-09-29,SEC-A01,Nagpur–Wardha,EXPRESS,2026-09-29 02:20:56.163946,2026-09-29 03:00:56.163946,1,DN,SCHEDULED
TR-12895,12895,2026-09-29,SEC-A01,Nagpur–Wardha,EXPRESS,2026-09-29 03:21:02.381669,2026-09-29 04:01:02.381669,2,UP,SCHEDULED
TR-12896,12896,2026-09-29,SEC-A01,Nagpur–Wardha,FREIGHT,2026-09-29 04:16:23.337310,2026-09-29 05:01:23.337310,19,DN,SCHEDULED
TR-12897,12897,2026-09-29,SEC-A01,Nagpur–Wardha,FREIGHT,2026-09-29 05:26:51.414528,2026-09-29 06:06:51.414528,11,UP,RUNNING
TR-12898,12898,2026-09-29,SEC-A01,Nagpur–Wardha,FREIGHT,2026-09-29 06:30:28.602526,2026-09-29 06:55:28.602526,5,DN,DELAYED
TR-12899,12899,2026-09-29,SEC-A01,Nagpur–Wardha,EXPRESS,2026-09-29 07:34:21.994659,2026-09-29 08:14:21.994659,8,DN,SCHEDULED
TR-12900,12900,2026-09-29,SEC-A01,Nagpur–Wardha,FREIGHT,2026-09-29 08:52:12.072321,2026-09-29 09:32:12.072321,5,DN,SCHEDULED
TR-12901,12901,2026-09-29,SEC-A01,Nagpur–Wardha,EXPRESS,2026-09-29 09:38:36.151542,2026-09-29 10:13:36.151542,12,DN,SCHEDULED
TR-12902,12902,2026-09-29,SEC-A01,Nagpur–Wardha,EXPRESS,2026-09-29 10:54:59.540590,2026-09-29 11:39:59.540590,6,DN,RUNNING
TR-12903,12903,2026-09-29,SEC-A01,Nagpur–Wardha,PASSENGER,2026-09-29 11:46:27.378477,2026-09-29 12:21:27.378477,3,DN,RUNNING
TR-12904,12904,2026-09-29,SEC-A01,Nagpur–Wardha,FREIGHT,2026-09-29 13:01:28.060145,2026-09-29 13:46:28.060145,11,DN,RUNNING
TR-12905,12905,2026-09-29,SEC-A01,Nagpur–Wardha,EXPRESS,2026-09-29 14:06:01.976595,2026-09-29 14:41:01.976595,0,UP,DELAYED
TR-12906,12906,2026-09-29,SEC-A01,Nagpur–Wardha,FREIGHT,2026-09-29 15:09:22.842116,2026-09-29 15:44:22.842116,0,UP,RUNNING
TR-12907,12907,2026-09-29,SEC-A01,Nagpur–Wardha,FREIGHT,2026-09-29 16:16:33.429499,2026-09-29 16:41:33.429499,0,DN,SCHEDULED
TR-12908,12908,2026-09-29,SEC-A01,Nagpur–Wardha,PASSENGER,2026-09-29 17:28:12.647000,2026-09-29 18:08:12.647000,5,UP,DELAYED
TR-12909,12909,2026-09-29,SEC-A01,Nagpur–Wardha,FREIGHT,2026-09-29 18:20:33.866998,2026-09-29 18:50:33.866998,20,DN,RUNNING
TR-12910,12910,2026-09-29,SEC-A01,Nagpur–Wardha,FREIGHT,2026-09-29 19:33:32.604397,2026-09-29 20:13:32.604397,23,UP,DELAYED
TR-12911,12911,2026-09-29,SEC-A01,Nagpur–Wardha,PASSENGER,2026-09-29 20:45:42.504720,2026-09-29 21:10:42.504720,8,DN,SCHEDULED
TR-12912,12912,2026-09-29,SEC-A01,Nagpur–Wardha,FREIGHT,2026-09-29 21:38:29.605350,2026-09-29 22:03:29.605350,11,UP,RUNNING
TR-12913,12913,2026-09-29,SEC-A01,Nagpur–Wardha,FREIGHT,2026-09-29 23:07:22.120265,2026-09-29 23:42:22.120265,0,UP,SCHEDULED
TR-12914,12914,2026-09-29,SEC-A02,Wardha–Badnera,EXPRESS,2026-09-29 00:13:30.645985,2026-09-29 00:48:30.645985,0,UP,RUNNING
TR-12915,12915,2026-09-29,SEC-A02,Wardha–Badnera,FREIGHT,2026-09-29 01:19:24.560818,2026-09-29 01:49:24.560818,2,DN,DELAYED
TR-12916,12916,2026-09-29,SEC-A02,Wardha–Badnera,FREIGHT,2026-09-29 02:11:19.816685,2026-09-29 02:41:19.816685,3,UP,RUNNING
TR-12917,12917,2026-09-29,SEC-A02,Wardha–Badnera,EXPRESS,2026-09-29 03:18:33.823011,2026-09-29 03:48:33.823011,2,DN,RUNNING
TR-12918,12918,2026-09-29,SEC-A02,Wardha–Badnera,PASSENGER,2026-09-29 04:29:13.456536,2026-09-29 04:59:13.456536,0,UP,DELAYED
TR-12919,12919,2026-09-29,SEC-A02,Wardha–Badnera,FREIGHT,2026-09-29 05:24:13.970780,2026-09-29 05:54:13.970780,0,DN,SCHEDULED
TR-12920,12920,2026-09-29,SEC-A02,Wardha–Badnera,EXPRESS,2026-09-29 06:29:56.565389,2026-09-29 06:54:56.565389,9,UP,RUNNING
TR-12921,12921,2026-09-29,SEC-A02,Wardha–Badnera,EXPRESS,2026-09-29 07:31:11.604994,2026-09-29 08:16:11.604994,0,DN,SCHEDULED
TR-12922,12922,2026-09-29,SEC-A02,Wardha–Badnera,EXPRESS,2026-09-29 08:35:16.564452,2026-09-29 09:00:16.564452,5,UP,SCHEDULED
TR-12923,12923,2026-09-29,SEC-A02,Wardha–Badnera,EXPRESS,2026-09-29 09:52:25.949848,2026-09-29 10:37:25.949848,18,DN,DELAYED
TR-12924,12924,2026-09-29,SEC-A02,Wardha–Badnera,FREIGHT,2026-09-29 10:49:24.480900,2026-09-29 11:29:24.480900,1,UP,RUNNING
TR-12925,12925,2026-09-29,SEC-A02,Wardha–Badnera,EXPRESS,2026-09-29 11:55:13.072760,2026-09-29 12:30:13.072760,0,UP,RUNNING
TR-12926,12926,2026-09-29,SEC-A02,Wardha–Badnera,PASSENGER,2026-09-29 13:16:05.113507,2026-09-29 13:56:05.113507,1,UP,RUNNING
TR-12927,12927,2026-09-29,SEC-A02,Wardha–Badnera,FREIGHT,2026-09-29 14:03:34.792129,2026-09-29 14:28:34.792129,15,UP,RUNNING
TR-12928,12928,2026-09-29,SEC-A02,Wardha–Badnera,PASSENGER,2026-09-29 15:18:12.204507,2026-09-29 15:53:12.204507,17,DN,RUNNING
TR-12929,12929,2026-09-29,SEC-A02,Wardha–Badnera,FREIGHT,2026-09-29 16:15:34.372386,2026-09-29 16:50:34.372386,0,DN,SCHEDULED
TR-12930,12930,2026-09-29,SEC-A02,Wardha–Badnera,PASSENGER,2026-09-29 17:16:56.984533,2026-09-29 18:01:56.984533,7,DN,DELAYED
TR-12931,12931,2026-09-29,SEC-A02,Wardha–Badnera,EXPRESS,2026-09-29 18:30:40.391789,2026-09-29 18:55:40.391789,0,DN,DELAYED
TR-12932,12932,2026-09-29,SEC-A02,Wardha–Badnera,FREIGHT,2026-09-29 19:45:30.202725,2026-09-29 20:15:30.202725,7,UP,RUNNING
TR-12933,12933,2026-09-29,SEC-A02,Wardha–Badnera,PASSENGER,2026-09-29 20:46:51.000955,2026-09-29 21:11:51.000955,22,UP,SCHEDULED
TR-12934,12934,2026-09-29,SEC-A02,Wardha–Badnera,PASSENGER,2026-09-29 22:03:51.290177,2026-09-29 22:48:51.290177,0,UP,RUNNING
TR-12935,12935,2026-09-29,SEC-A02,Wardha–Badnera,EXPRESS,2026-09-29 22:56:02.853913,2026-09-29 23:31:02.853913,5,DN,DELAYED
TR-12936,12936,2026-09-29,SEC-B01,Badnera–Akola,FREIGHT,2026-09-29 23:53:21.983495,2026-09-30 00:28:21.983495,11,DN,DELAYED
TR-12937,12937,2026-09-29,SEC-B01,Badnera–Akola,PASSENGER,2026-09-29 01:31:04.128688,2026-09-29 02:11:04.128688,11,DN,RUNNING
TR-12938,12938,2026-09-29,SEC-B01,Badnera–Akola,EXPRESS,2026-09-29 03:07:42.290733,2026-09-29 03:42:42.290733,4,DN,SCHEDULED
TR-12939,12939,2026-09-29,SEC-B01,Badnera–Akola,FREIGHT,2026-09-29 04:42:43.039003,2026-09-29 05:12:43.039003,10,UP,DELAYED
TR-12940,12940,2026-09-29,SEC-B01,Badnera–Akola,FREIGHT,2026-09-29 06:09:53.759340,2026-09-29 06:49:53.759340,5,UP,RUNNING
TR-12941,12941,2026-09-29,SEC-B01,Badnera–Akola,SPECIAL,2026-09-29 07:32:24.284092,2026-09-29 08:12:24.284092,5,DN,SCHEDULED
TR-12942,12942,2026-09-29,SEC-B01,Badnera–Akola,PASSENGER,2026-09-29 09:04:05.550375,2026-09-29 09:49:05.550375,1,UP,DELAYED
TR-12943,12943,2026-09-29,SEC-B01,Badnera–Akola,EXPRESS,2026-09-29 10:32:07.052469,2026-09-29 11:12:07.052469,8,DN,DELAYED
TR-12944,12944,2026-09-29,SEC-B01,Badnera–Akola,FREIGHT,2026-09-29 11:52:29.893358,2026-09-29 12:37:29.893358,5,UP,RUNNING
TR-12945,12945,2026-09-29,SEC-B01,Badnera–Akola,EXPRESS,2026-09-29 13:15:40.895128,2026-09-29 14:00:40.895128,6,DN,DELAYED
TR-12946,12946,2026-09-29,SEC-B01,Badnera–Akola,EXPRESS,2026-09-29 15:00:20.403817,2026-09-29 15:30:20.403817,3,UP,RUNNING
TR-12947,12947,2026-09-29,SEC-B01,Badnera–Akola,PASSENGER,2026-09-29 16:26:04.315779,2026-09-29 16:56:04.315779,11,UP,RUNNING
TR-12948,12948,2026-09-29,SEC-B01,Badnera–Akola,EXPRESS,2026-09-29 17:48:58.770103,2026-09-29 18:13:58.770103,3,UP,DELAYED
TR-12949,12949,2026-09-29,SEC-B01,Badnera–Akola,FREIGHT,2026-09-29 19:28:50.123258,2026-09-29 19:58:50.123258,0,DN,SCHEDULED
TR-12950,12950,2026-09-29,SEC-B01,Badnera–Akola,FREIGHT,2026-09-29 21:08:54.156402,2026-09-29 21:48:54.156402,16,UP,DELAYED
TR-12951,12951,2026-09-29,SEC-B01,Badnera–Akola,PASSENGER,2026-09-29 22:40:08.175811,2026-09-29 23:10:08.175811,0,UP,SCHEDULED
TR-12952,12952,2026-09-29,SEC-B02,Akola–Bhusawal,EXPRESS,2026-09-29 00:07:27.495434,2026-09-29 00:47:27.495434,0,DN,RUNNING
TR-12953,12953,2026-09-29,SEC-B02,Akola–Bhusawal,SPECIAL,2026-09-29 01:17:06.658104,2026-09-29 01:57:06.658104,0,UP,DELAYED
TR-12954,12954,2026-09-29,SEC-B02,Akola–Bhusawal,EXPRESS,2026-09-29 03:04:24.760811,2026-09-29 03:49:24.760811,13,DN,RUNNING
TR-12955,12955,2026-09-29,SEC-B02,Akola–Bhusawal,PASSENGER,2026-09-29 04:39:49.956898,2026-09-29 05:04:49.956898,0,DN,SCHEDULED
TR-12956,12956,2026-09-29,SEC-B02,Akola–Bhusawal,FREIGHT,2026-09-29 05:55:54.071882,2026-09-29 06:40:54.071882,29,DN,RUNNING
TR-12957,12957,2026-09-29,SEC-B02,Akola–Bhusawal,PASSENGER,2026-09-29 07:38:37.362353,2026-09-29 08:03:37.362353,11,DN,DELAYED
TR-12958,12958,2026-09-29,SEC-B02,Akola–Bhusawal,EXPRESS,2026-09-29 09:07:36.440142,2026-09-29 09:32:36.440142,5,DN,RUNNING
TR-12959,12959,2026-09-29,SEC-B02,Akola–Bhusawal,EXPRESS,2026-09-29 10:34:41.766598,2026-09-29 11:04:41.766598,3,DN,SCHEDULED
TR-12960,12960,2026-09-29,SEC-B02,Akola–Bhusawal,FREIGHT,2026-09-29 11:52:56.113868,2026-09-29 12:27:56.113868,9,UP,RUNNING
TR-12961,12961,2026-09-29,SEC-B02,Akola–Bhusawal,EXPRESS,2026-09-29 13:41:58.551560,2026-09-29 14:21:58.551560,7,DN,RUNNING
TR-12962,12962,2026-09-29,SEC-B02,Akola–Bhusawal,PASSENGER,2026-09-29 14:53:51.525725,2026-09-29 15:33:51.525725,8,DN,RUNNING
TR-12963,12963,2026-09-29,SEC-B02,Akola–Bhusawal,PASSENGER,2026-09-29 16:32:02.816142,2026-09-29 17:17:02.816142,7,UP,SCHEDULED
TR-12964,12964,2026-09-29,SEC-B02,Akola–Bhusawal,PASSENGER,2026-09-29 18:00:39.202728,2026-09-29 18:25:39.202728,4,DN,DELAYED
TR-12965,12965,2026-09-29,SEC-B02,Akola–Bhusawal,PASSENGER,2026-09-29 19:25:52.903623,2026-09-29 20:00:52.903623,2,UP,DELAYED
TR-12966,12966,2026-09-29,SEC-B02,Akola–Bhusawal,EXPRESS,2026-09-29 21:04:01.010244,2026-09-29 21:44:01.010244,2,DN,SCHEDULED
TR-12967,12967,2026-09-29,SEC-B02,Akola–Bhusawal,PASSENGER,2026-09-29 22:37:18.719699,2026-09-29 23:07:18.719699,2,DN,RUNNING
TR-12968,12968,2026-09-29,SEC-C01,Bhusawal–Jalgaon,PASSENGER,2026-09-29 23:52:43.150370,2026-09-30 00:22:43.150370,11,UP,DELAYED
TR-12969,12969,2026-09-29,SEC-C01,Bhusawal–Jalgaon,PASSENGER,2026-09-29 02:18:05.321821,2026-09-29 03:03:05.321821,8,DN,DELAYED
TR-12970,12970,2026-09-29,SEC-C01,Bhusawal–Jalgaon,FREIGHT,2026-09-29 04:55:21.823029,2026-09-29 05:40:21.823029,0,UP,RUNNING
TR-12971,12971,2026-09-29,SEC-C01,Bhusawal–Jalgaon,EXPRESS,2026-09-29 07:16:18.932736,2026-09-29 08:01:18.932736,8,DN,DELAYED
TR-12972,12972,2026-09-29,SEC-C01,Bhusawal–Jalgaon,FREIGHT,2026-09-29 09:32:13.852650,2026-09-29 10:12:13.852650,9,DN,SCHEDULED
TR-12973,12973,2026-09-29,SEC-C01,Bhusawal–Jalgaon,PASSENGER,2026-09-29 11:59:31.197164,2026-09-29 12:39:31.197164,3,UP,RUNNING
TR-12974,12974,2026-09-29,SEC-C01,Bhusawal–Jalgaon,PASSENGER,2026-09-29 14:15:44.685317,2026-09-29 14:45:44.685317,1,DN,DELAYED
TR-12975,12975,2026-09-29,SEC-C01,Bhusawal–Jalgaon,FREIGHT,2026-09-29 16:56:20.425848,2026-09-29 17:21:20.425848,15,DN,RUNNING
TR-12976,12976,2026-09-29,SEC-C01,Bhusawal–Jalgaon,EXPRESS,2026-09-29 19:10:46.779081,2026-09-29 19:35:46.779081,10,UP,SCHEDULED
TR-12977,12977,2026-09-29,SEC-C01,Bhusawal–Jalgaon,FREIGHT,2026-09-29 21:31:54.408596,2026-09-29 21:56:54.408596,2,UP,RUNNING
TR-12978,12978,2026-09-30,SEC-A01,Nagpur–Wardha,FREIGHT,2026-09-30 00:00:13.349704,2026-09-30 00:35:13.349704,10,UP,SCHEDULED
TR-12979,12979,2026-09-30,SEC-A01,Nagpur–Wardha,PASSENGER,2026-09-30 01:03:51.211860,2026-09-30 01:48:51.211860,0,DN,SCHEDULED
TR-12980,12980,2026-09-30,SEC-A01,Nagpur–Wardha,PASSENGER,2026-09-30 02:16:36.003724,2026-09-30 02:46:36.003724,0,DN,SCHEDULED
TR-12981,12981,2026-09-30,SEC-A01,Nagpur–Wardha,PASSENGER,2026-09-30 03:02:34.237208,2026-09-30 03:47:34.237208,0,DN,SCHEDULED
TR-12982,12982,2026-09-30,SEC-A01,Nagpur–Wardha,EXPRESS,2026-09-30 04:29:06.689718,2026-09-30 04:54:06.689718,10,UP,DELAYED
TR-12983,12983,2026-09-30,SEC-A01,Nagpur–Wardha,PASSENGER,2026-09-30 05:21:21.333175,2026-09-30 05:51:21.333175,10,DN,RUNNING
TR-12984,12984,2026-09-30,SEC-A01,Nagpur–Wardha,PASSENGER,2026-09-30 06:20:40.522785,2026-09-30 06:45:40.522785,7,UP,SCHEDULED
TR-12985,12985,2026-09-30,SEC-A01,Nagpur–Wardha,PASSENGER,2026-09-30 07:37:31.847372,2026-09-30 08:17:31.847372,9,UP,SCHEDULED
TR-12986,12986,2026-09-30,SEC-A01,Nagpur–Wardha,FREIGHT,2026-09-30 08:44:54.445719,2026-09-30 09:14:54.445719,11,DN,DELAYED
TR-12987,12987,2026-09-30,SEC-A01,Nagpur–Wardha,EXPRESS,2026-09-30 09:34:22.739003,2026-09-30 10:14:22.739003,0,UP,RUNNING
TR-12988,12988,2026-09-30,SEC-A01,Nagpur–Wardha,FREIGHT,2026-09-30 11:02:52.039828,2026-09-30 11:32:52.039828,11,DN,SCHEDULED
TR-12989,12989,2026-09-30,SEC-A01,Nagpur–Wardha,FREIGHT,2026-09-30 11:52:33.146000,2026-09-30 12:32:33.146000,13,DN,SCHEDULED
TR-12990,12990,2026-09-30,SEC-A01,Nagpur–Wardha,FREIGHT,2026-09-30 13:00:18.823646,2026-09-30 13:40:18.823646,13,DN,RUNNING
TR-12991,12991,2026-09-30,SEC-A01,Nagpur–Wardha,PASSENGER,2026-09-30 14:21:55.615195,2026-09-30 14:51:55.615195,12,DN,RUNNING
TR-12992,12992,2026-09-30,SEC-A01,Nagpur–Wardha,FREIGHT,2026-09-30 15:04:42.464287,2026-09-30 15:34:42.464287,12,DN,DELAYED
TR-12993,12993,2026-09-30,SEC-A01,Nagpur–Wardha,PASSENGER,2026-09-30 16:20:56.002301,2026-09-30 16:50:56.002301,6,DN,RUNNING
TR-12994,12994,2026-09-30,SEC-A01,Nagpur–Wardha,PASSENGER,2026-09-30 17:15:06.585994,2026-09-30 17:55:06.585994,11,UP,SCHEDULED
TR-12995,12995,2026-09-30,SEC-A01,Nagpur–Wardha,PASSENGER,2026-09-30 18:41:05.461592,2026-09-30 19:11:05.461592,3,DN,RUNNING
TR-12996,12996,2026-09-30,SEC-A01,Nagpur–Wardha,PASSENGER,2026-09-30 19:46:10.466022,2026-09-30 20:26:10.466022,0,DN,DELAYED
TR-12997,12997,2026-09-30,SEC-A01,Nagpur–Wardha,PASSENGER,2026-09-30 20:34:56.707286,2026-09-30 21:04:56.707286,2,UP,RUNNING
TR-12998,12998,2026-09-30,SEC-A01,Nagpur–Wardha,FREIGHT,2026-09-30 21:57:39.914575,2026-09-30 22:27:39.914575,2,UP,RUNNING
TR-12999,12999,2026-09-30,SEC-A01,Nagpur–Wardha,FREIGHT,2026-09-30 23:08:14.799841,2026-09-30 23:48:14.799841,3,DN,RUNNING
TR-13000,13000,2026-09-30,SEC-A02,Wardha–Badnera,FREIGHT,2026-09-30 23:51:51.702480,2026-10-01 00:26:51.702480,6,DN,RUNNING
TR-13001,13001,2026-09-30,SEC-A02,Wardha–Badnera,EXPRESS,2026-09-30 00:54:48.248477,2026-09-30 01:29:48.248477,0,DN,RUNNING
TR-13002,13002,2026-09-30,SEC-A02,Wardha–Badnera,FREIGHT,2026-09-30 02:05:08.975847,2026-09-30 02:50:08.975847,5,DN,SCHEDULED
TR-13003,13003,2026-09-30,SEC-A02,Wardha–Badnera,PASSENGER,2026-09-30 03:24:13.819121,2026-09-30 04:04:13.819121,0,DN,RUNNING
TR-13004,13004,2026-09-30,SEC-A02,Wardha–Badnera,SPECIAL,2026-09-30 04:26:11.517794,2026-09-30 04:56:11.517794,5,DN,SCHEDULED
TR-13005,13005,2026-09-30,SEC-A02,Wardha–Badnera,PASSENGER,2026-09-30 05:36:49.723159,2026-09-30 06:06:49.723159,4,DN,RUNNING
TR-13006,13006,2026-09-30,SEC-A02,Wardha–Badnera,PASSENGER,2026-09-30 06:42:42.229487,2026-09-30 07:07:42.229487,0,DN,RUNNING
TR-13007,13007,2026-09-30,SEC-A02,Wardha–Badnera,EXPRESS,2026-09-30 07:39:55.431793,2026-09-30 08:09:55.431793,8,DN,RUNNING
TR-13008,13008,2026-09-30,SEC-A02,Wardha–Badnera,PASSENGER,2026-09-30 08:31:50.484055,2026-09-30 09:01:50.484055,10,DN,DELAYED
TR-13009,13009,2026-09-30,SEC-A02,Wardha–Badnera,EXPRESS,2026-09-30 09:48:11.223712,2026-09-30 10:13:11.223712,0,DN,RUNNING
TR-13010,13010,2026-09-30,SEC-A02,Wardha–Badnera,FREIGHT,2026-09-30 10:47:02.450298,2026-09-30 11:32:02.450298,2,UP,SCHEDULED
TR-13011,13011,2026-09-30,SEC-A02,Wardha–Badnera,PASSENGER,2026-09-30 11:46:41.006220,2026-09-30 12:21:41.006220,0,DN,RUNNING
TR-13012,13012,2026-09-30,SEC-A02,Wardha–Badnera,FREIGHT,2026-09-30 13:18:09.763694,2026-09-30 13:43:09.763694,1,UP,RUNNING
TR-13013,13013,2026-09-30,SEC-A02,Wardha–Badnera,EXPRESS,2026-09-30 14:25:13.467219,2026-09-30 15:05:13.467219,9,UP,DELAYED
TR-13014,13014,2026-09-30,SEC-A02,Wardha–Badnera,FREIGHT,2026-09-30 15:10:19.758315,2026-09-30 15:40:19.758315,6,DN,SCHEDULED
TR-13015,13015,2026-09-30,SEC-A02,Wardha–Badnera,EXPRESS,2026-09-30 16:16:39.206713,2026-09-30 17:01:39.206713,2,DN,DELAYED
TR-13016,13016,2026-09-30,SEC-A02,Wardha–Badnera,FREIGHT,2026-09-30 17:28:12.213100,2026-09-30 18:03:12.213100,0,UP,SCHEDULED
TR-13017,13017,2026-09-30,SEC-A02,Wardha–Badnera,SPECIAL,2026-09-30 18:43:50.941948,2026-09-30 19:18:50.941948,8,DN,RUNNING
TR-13018,13018,2026-09-30,SEC-A02,Wardha–Badnera,PASSENGER,2026-09-30 19:45:36.000848,2026-09-30 20:15:36.000848,0,DN,SCHEDULED
TR-13019,13019,2026-09-30,SEC-A02,Wardha–Badnera,PASSENGER,2026-09-30 20:42:27.628461,2026-09-30 21:17:27.628461,4,DN,RUNNING
TR-13020,13020,2026-09-30,SEC-A02,Wardha–Badnera,PASSENGER,2026-09-30 21:52:11.964950,2026-09-30 22:17:11.964950,5,DN,RUNNING
TR-13021,13021,2026-09-30,SEC-A02,Wardha–Badnera,EXPRESS,2026-09-30 22:51:26.081639,2026-09-30 23:31:26.081639,13,UP,DELAYED
TR-13022,13022,2026-09-30,SEC-B01,Badnera–Akola,FREIGHT,2026-09-30 23:56:12.253847,2026-10-01 00:41:12.253847,0,UP,DELAYED
TR-13023,13023,2026-09-30,SEC-B01,Badnera–Akola,EXPRESS,2026-09-30 01:41:11.545594,2026-09-30 02:16:11.545594,0,DN,RUNNING
TR-13024,13024,2026-09-30,SEC-B01,Badnera–Akola,EXPRESS,2026-09-30 03:02:14.667845,2026-09-30 03:27:14.667845,5,UP,DELAYED
TR-13025,13025,2026-09-30,SEC-B01,Badnera–Akola,PASSENGER,2026-09-30 04:38:25.058779,2026-09-30 05:23:25.058779,16,UP,DELAYED
TR-13026,13026,2026-09-30,SEC-B01,Badnera–Akola,FREIGHT,2026-09-30 06:12:40.494386,2026-09-30 06:57:40.494386,16,UP,SCHEDULED
TR-13027,13027,2026-09-30,SEC-B01,Badnera–Akola,EXPRESS,2026-09-30 07:38:00.807513,2026-09-30 08:18:00.807513,5,DN,RUNNING
TR-13028,13028,2026-09-30,SEC-B01,Badnera–Akola,FREIGHT,2026-09-30 09:11:40.840413,2026-09-30 09:41:40.840413,4,UP,SCHEDULED
TR-13029,13029,2026-09-30,SEC-B01,Badnera–Akola,FREIGHT,2026-09-30 10:34:26.111754,2026-09-30 11:09:26.111754,13,DN,SCHEDULED
TR-13030,13030,2026-09-30,SEC-B01,Badnera–Akola,PASSENGER,2026-09-30 11:57:02.638923,2026-09-30 12:32:02.638923,0,DN,SCHEDULED
TR-13031,13031,2026-09-30,SEC-B01,Badnera–Akola,FREIGHT,2026-09-30 13:15:15.368229,2026-09-30 13:50:15.368229,11,DN,SCHEDULED
TR-13032,13032,2026-09-30,SEC-B01,Badnera–Akola,FREIGHT,2026-09-30 15:02:31.877667,2026-09-30 15:37:31.877667,11,UP,DELAYED
TR-13033,13033,2026-09-30,SEC-B01,Badnera–Akola,PASSENGER,2026-09-30 16:42:45.641785,2026-09-30 17:27:45.641785,11,UP,SCHEDULED
TR-13034,13034,2026-09-30,SEC-B01,Badnera–Akola,PASSENGER,2026-09-30 17:54:15.266997,2026-09-30 18:19:15.266997,23,UP,SCHEDULED
TR-13035,13035,2026-09-30,SEC-B01,Badnera–Akola,PASSENGER,2026-09-30 19:31:12.137252,2026-09-30 19:56:12.137252,6,DN,SCHEDULED
TR-13036,13036,2026-09-30,SEC-B01,Badnera–Akola,PASSENGER,2026-09-30 21:04:44.700678,2026-09-30 21:34:44.700678,0,DN,RUNNING
TR-13037,13037,2026-09-30,SEC-B01,Badnera–Akola,EXPRESS,2026-09-30 22:21:59.361930,2026-09-30 22:51:59.361930,3,UP,SCHEDULED
TR-13038,13038,2026-09-30,SEC-B02,Akola–Bhusawal,PASSENGER,2026-09-30 00:11:19.747670,2026-09-30 00:51:19.747670,0,DN,SCHEDULED
TR-13039,13039,2026-09-30,SEC-B02,Akola–Bhusawal,FREIGHT,2026-09-30 01:28:19.114433,2026-09-30 01:58:19.114433,3,DN,RUNNING
TR-13040,13040,2026-09-30,SEC-B02,Akola–Bhusawal,EXPRESS,2026-09-30 02:56:58.520762,2026-09-30 03:26:58.520762,1,UP,SCHEDULED
TR-13041,13041,2026-09-30,SEC-B02,Akola–Bhusawal,EXPRESS,2026-09-30 04:44:04.638806,2026-09-30 05:29:04.638806,0,UP,SCHEDULED
TR-13042,13042,2026-09-30,SEC-B02,Akola–Bhusawal,EXPRESS,2026-09-30 06:07:41.891442,2026-09-30 06:32:41.891442,5,DN,RUNNING
TR-13043,13043,2026-09-30,SEC-B02,Akola–Bhusawal,SPECIAL,2026-09-30 07:27:27.230161,2026-09-30 07:57:27.230161,0,DN,RUNNING
TR-13044,13044,2026-09-30,SEC-B02,Akola–Bhusawal,EXPRESS,2026-09-30 08:52:39.512166,2026-09-30 09:17:39.512166,11,UP,SCHEDULED
TR-13045,13045,2026-09-30,SEC-B02,Akola–Bhusawal,FREIGHT,2026-09-30 10:26:24.052439,2026-09-30 11:06:24.052439,8,UP,RUNNING
TR-13046,13046,2026-09-30,SEC-B02,Akola–Bhusawal,EXPRESS,2026-09-30 11:55:48.706398,2026-09-30 12:30:48.706398,3,DN,RUNNING
TR-13047,13047,2026-09-30,SEC-B02,Akola–Bhusawal,FREIGHT,2026-09-30 13:21:52.845907,2026-09-30 13:46:52.845907,5,DN,RUNNING
TR-13048,13048,2026-09-30,SEC-B02,Akola–Bhusawal,EXPRESS,2026-09-30 14:45:28.530053,2026-09-30 15:20:28.530053,5,DN,SCHEDULED
TR-13049,13049,2026-09-30,SEC-B02,Akola–Bhusawal,PASSENGER,2026-09-30 16:19:13.324474,2026-09-30 16:49:13.324474,9,UP,SCHEDULED
TR-13050,13050,2026-09-30,SEC-B02,Akola–Bhusawal,FREIGHT,2026-09-30 18:00:33.519635,2026-09-30 18:30:33.519635,1,UP,SCHEDULED
TR-13051,13051,2026-09-30,SEC-B02,Akola–Bhusawal,EXPRESS,2026-09-30 19:32:53.168078,2026-09-30 20:02:53.168078,0,DN,RUNNING
TR-13052,13052,2026-09-30,SEC-B02,Akola–Bhusawal,FREIGHT,2026-09-30 21:03:31.599059,2026-09-30 21:33:31.599059,5,UP,DELAYED
TR-13053,13053,2026-09-30,SEC-B02,Akola–Bhusawal,FREIGHT,2026-09-30 22:43:57.540339,2026-09-30 23:13:57.540339,0,UP,SCHEDULED
TR-13054,13054,2026-09-30,SEC-C01,Bhusawal–Jalgaon,PASSENGER,2026-09-30 23:45:53.964228,2026-10-01 00:15:53.964228,0,DN,RUNNING
TR-13055,13055,2026-09-30,SEC-C01,Bhusawal–Jalgaon,EXPRESS,2026-09-30 02:27:39.444425,2026-09-30 02:52:39.444425,0,DN,SCHEDULED
TR-13056,13056,2026-09-30,SEC-C01,Bhusawal–Jalgaon,EXPRESS,2026-09-30 04:59:39.876811,2026-09-30 05:24:39.876811,10,UP,RUNNING
TR-13057,13057,2026-09-30,SEC-C01,Bhusawal–Jalgaon,EXPRESS,2026-09-30 06:58:23.699010,2026-09-30 07:38:23.699010,5,UP,SCHEDULED
TR-13058,13058,2026-09-30,SEC-C01,Bhusawal–Jalgaon,EXPRESS,2026-09-30 09:24:00.207445,2026-09-30 09:59:00.207445,5,UP,RUNNING
TR-13059,13059,2026-09-30,SEC-C01,Bhusawal–Jalgaon,SPECIAL,2026-09-30 12:14:38.744715,2026-09-30 12:39:38.744715,9,DN,RUNNING
TR-13060,13060,2026-09-30,SEC-C01,Bhusawal–Jalgaon,FREIGHT,2026-09-30 14:34:41.052768,2026-09-30 15:19:41.052768,7,UP,RUNNING
TR-13061,13061,2026-09-30,SEC-C01,Bhusawal–Jalgaon,PASSENGER,2026-09-30 16:47:17.238245,2026-09-30 17:22:17.238245,6,DN,DELAYED
TR-13062,13062,2026-09-30,SEC-C01,Bhusawal–Jalgaon,FREIGHT,2026-09-30 19:17:03.177511,2026-09-30 19:42:03.177511,7,UP,SCHEDULED
TR-13063,13063,2026-09-30,SEC-C01,Bhusawal–Jalgaon,EXPRESS,2026-09-30 21:27:34.760033,2026-09-30 21:57:34.760033,5,UP,SCHEDULED
TR-13064,13064,2026-10-01,SEC-A01,Nagpur–Wardha,EXPRESS,2026-10-01 00:04:46.577874,2026-10-01 00:29:46.577874,0,DN,DELAYED
TR-13065,13065,2026-10-01,SEC-A01,Nagpur–Wardha,PASSENGER,2026-10-01 00:53:36.683505,2026-10-01 01:23:36.683505,0,DN,RUNNING
TR-13066,13066,2026-10-01,SEC-A01,Nagpur–Wardha,FREIGHT,2026-10-01 02:17:13.374299,2026-10-01 02:57:13.374299,7,DN,SCHEDULED
TR-13067,13067,2026-10-01,SEC-A01,Nagpur–Wardha,FREIGHT,2026-10-01 03:11:12.117406,2026-10-01 03:46:12.117406,17,UP,RUNNING
TR-13068,13068,2026-10-01,SEC-A01,Nagpur–Wardha,SPECIAL,2026-10-01 04:25:46.475312,2026-10-01 04:55:46.475312,10,UP,SCHEDULED
TR-13069,13069,2026-10-01,SEC-A01,Nagpur–Wardha,PASSENGER,2026-10-01 05:31:18.698807,2026-10-01 06:01:18.698807,10,DN,SCHEDULED
TR-13070,13070,2026-10-01,SEC-A01,Nagpur–Wardha,EXPRESS,2026-10-01 06:34:53.392482,2026-10-01 07:14:53.392482,12,UP,DELAYED
TR-13071,13071,2026-10-01,SEC-A01,Nagpur–Wardha,FREIGHT,2026-10-01 07:35:21.091430,2026-10-01 08:05:21.091430,8,DN,DELAYED
TR-13072,13072,2026-10-01,SEC-A01,Nagpur–Wardha,FREIGHT,2026-10-01 08:41:49.935213,2026-10-01 09:16:49.935213,9,DN,RUNNING
TR-13073,13073,2026-10-01,SEC-A01,Nagpur–Wardha,PASSENGER,2026-10-01 10:03:59.488815,2026-10-01 10:33:59.488815,0,DN,DELAYED
TR-13074,13074,2026-10-01,SEC-A01,Nagpur–Wardha,FREIGHT,2026-10-01 10:53:14.096085,2026-10-01 11:18:14.096085,5,DN,DELAYED
TR-13075,13075,2026-10-01,SEC-A01,Nagpur–Wardha,FREIGHT,2026-10-01 11:52:53.154023,2026-10-01 12:27:53.154023,12,UP,DELAYED
TR-13076,13076,2026-10-01,SEC-A01,Nagpur–Wardha,SPECIAL,2026-10-01 12:54:14.483432,2026-10-01 13:24:14.483432,12,UP,SCHEDULED
TR-13077,13077,2026-10-01,SEC-A01,Nagpur–Wardha,PASSENGER,2026-10-01 14:12:25.382040,2026-10-01 14:47:25.382040,3,DN,RUNNING
TR-13078,13078,2026-10-01,SEC-A01,Nagpur–Wardha,SPECIAL,2026-10-01 15:14:56.434865,2026-10-01 15:59:56.434865,0,UP,DELAYED
TR-13079,13079,2026-10-01,SEC-A01,Nagpur–Wardha,PASSENGER,2026-10-01 16:12:17.793188,2026-10-01 16:57:17.793188,4,UP,SCHEDULED
TR-13080,13080,2026-10-01,SEC-A01,Nagpur–Wardha,FREIGHT,2026-10-01 17:18:13.982453,2026-10-01 17:53:13.982453,12,UP,DELAYED
TR-13081,13081,2026-10-01,SEC-A01,Nagpur–Wardha,PASSENGER,2026-10-01 18:43:31.503520,2026-10-01 19:28:31.503520,0,DN,DELAYED
TR-13082,13082,2026-10-01,SEC-A01,Nagpur–Wardha,PASSENGER,2026-10-01 19:30:05.671472,2026-10-01 20:15:05.671472,0,UP,SCHEDULED
TR-13083,13083,2026-10-01,SEC-A01,Nagpur–Wardha,PASSENGER,2026-10-01 20:49:02.896240,2026-10-01 21:34:02.896240,0,UP,DELAYED
TR-13084,13084,2026-10-01,SEC-A01,Nagpur–Wardha,FREIGHT,2026-10-01 22:02:21.400124,2026-10-01 22:47:21.400124,0,UP,RUNNING
TR-13085,13085,2026-10-01,SEC-A01,Nagpur–Wardha,PASSENGER,2026-10-01 22:41:00.769201,2026-10-01 23:21:00.769201,0,DN,RUNNING
TR-13086,13086,2026-10-01,SEC-A02,Wardha–Badnera,EXPRESS,2026-10-01 23:59:02.407465,2026-10-02 00:29:02.407465,2,DN,SCHEDULED
TR-13087,13087,2026-10-01,SEC-A02,Wardha–Badnera,FREIGHT,2026-10-01 00:52:42.039598,2026-10-01 01:37:42.039598,4,UP,DELAYED
TR-13088,13088,2026-10-01,SEC-A02,Wardha–Badnera,PASSENGER,2026-10-01 02:13:43.718331,2026-10-01 02:38:43.718331,14,DN,SCHEDULED
TR-13089,13089,2026-10-01,SEC-A02,Wardha–Badnera,EXPRESS,2026-10-01 03:05:40.643003,2026-10-01 03:35:40.643003,6,UP,RUNNING
TR-13090,13090,2026-10-01,SEC-A02,Wardha–Badnera,FREIGHT,2026-10-01 04:30:24.454038,2026-10-01 05:10:24.454038,10,UP,SCHEDULED
TR-13091,13091,2026-10-01,SEC-A02,Wardha–Badnera,PASSENGER,2026-10-01 05:37:18.155884,2026-10-01 06:02:18.155884,8,DN,SCHEDULED
TR-13092,13092,2026-10-01,SEC-A02,Wardha–Badnera,EXPRESS,2026-10-01 06:44:30.385664,2026-10-01 07:09:30.385664,0,UP,SCHEDULED
TR-13093,13093,2026-10-01,SEC-A02,Wardha–Badnera,EXPRESS,2026-10-01 07:36:28.995530,2026-10-01 08:11:28.995530,11,UP,SCHEDULED
TR-13094,13094,2026-10-01,SEC-A02,Wardha–Badnera,PASSENGER,2026-10-01 08:44:15.298325,2026-10-01 09:29:15.298325,3,DN,SCHEDULED
TR-13095,13095,2026-10-01,SEC-A02,Wardha–Badnera,EXPRESS,2026-10-01 09:53:54.213127,2026-10-01 10:28:54.213127,8,DN,SCHEDULED
TR-13096,13096,2026-10-01,SEC-A02,Wardha–Badnera,EXPRESS,2026-10-01 10:41:39.452192,2026-10-01 11:16:39.452192,0,UP,RUNNING
TR-13097,13097,2026-10-01,SEC-A02,Wardha–Badnera,PASSENGER,2026-10-01 12:10:08.359402,2026-10-01 12:45:08.359402,0,DN,RUNNING
TR-13098,13098,2026-10-01,SEC-A02,Wardha–Badnera,EXPRESS,2026-10-01 13:08:00.234161,2026-10-01 13:48:00.234161,9,UP,DELAYED
TR-13099,13099,2026-10-01,SEC-A02,Wardha–Badnera,SPECIAL,2026-10-01 13:59:00.035753,2026-10-01 14:44:00.035753,6,DN,SCHEDULED
TR-13100,13100,2026-10-01,SEC-A02,Wardha–Badnera,EXPRESS,2026-10-01 15:27:26.668500,2026-10-01 16:07:26.668500,0,DN,RUNNING
TR-13101,13101,2026-10-01,SEC-A02,Wardha–Badnera,EXPRESS,2026-10-01 16:08:31.065447,2026-10-01 16:33:31.065447,0,DN,RUNNING
TR-13102,13102,2026-10-01,SEC-A02,Wardha–Badnera,PASSENGER,2026-10-01 17:39:24.880080,2026-10-01 18:24:24.880080,11,DN,RUNNING
TR-13103,13103,2026-10-01,SEC-A02,Wardha–Badnera,EXPRESS,2026-10-01 18:20:13.204412,2026-10-01 18:45:13.204412,0,DN,SCHEDULED
TR-13104,13104,2026-10-01,SEC-A02,Wardha–Badnera,FREIGHT,2026-10-01 19:40:45.320504,2026-10-01 20:10:45.320504,19,DN,SCHEDULED
TR-13105,13105,2026-10-01,SEC-A02,Wardha–Badnera,FREIGHT,2026-10-01 20:58:33.326387,2026-10-01 21:38:33.326387,1,DN,DELAYED
TR-13106,13106,2026-10-01,SEC-A02,Wardha–Badnera,PASSENGER,2026-10-01 21:49:39.594760,2026-10-01 22:29:39.594760,8,UP,DELAYED
TR-13107,13107,2026-10-01,SEC-A02,Wardha–Badnera,FREIGHT,2026-10-01 23:04:41.497441,2026-10-01 23:29:41.497441,5,UP,SCHEDULED
TR-13108,13108,2026-10-01,SEC-B01,Badnera–Akola,FREIGHT,2026-10-01 23:55:49.261490,2026-10-02 00:40:49.261490,12,DN,SCHEDULED
TR-13109,13109,2026-10-01,SEC-B01,Badnera–Akola,EXPRESS,2026-10-01 01:25:25.148016,2026-10-01 02:05:25.148016,0,UP,RUNNING
TR-13110,13110,2026-10-01,SEC-B01,Badnera–Akola,FREIGHT,2026-10-01 03:09:23.689208,2026-10-01 03:49:23.689208,6,UP,SCHEDULED
TR-13111,13111,2026-10-01,SEC-B01,Badnera–Akola,FREIGHT,2026-10-01 04:32:00.473995,2026-10-01 04:57:00.473995,8,DN,SCHEDULED
TR-13112,13112,2026-10-01,SEC-B01,Badnera–Akola,EXPRESS,2026-10-01 05:53:46.098319,2026-10-01 06:33:46.098319,0,DN,RUNNING
TR-13113,13113,2026-10-01,SEC-B01,Badnera–Akola,FREIGHT,2026-10-01 07:25:45.460079,2026-10-01 08:00:45.460079,13,UP,RUNNING
TR-13114,13114,2026-10-01,SEC-B01,Badnera–Akola,PASSENGER,2026-10-01 08:58:22.812581,2026-10-01 09:23:22.812581,0,DN,SCHEDULED
TR-13115,13115,2026-10-01,SEC-B01,Badnera–Akola,FREIGHT,2026-10-01 10:21:16.885833,2026-10-01 11:06:16.885833,6,DN,RUNNING
TR-13116,13116,2026-10-01,SEC-B01,Badnera–Akola,EXPRESS,2026-10-01 12:08:25.742805,2026-10-01 12:38:25.742805,0,UP,RUNNING
TR-13117,13117,2026-10-01,SEC-B01,Badnera–Akola,EXPRESS,2026-10-01 13:25:33.248461,2026-10-01 14:10:33.248461,0,UP,RUNNING
TR-13118,13118,2026-10-01,SEC-B01,Badnera–Akola,EXPRESS,2026-10-01 15:09:51.629599,2026-10-01 15:34:51.629599,2,UP,RUNNING
TR-13119,13119,2026-10-01,SEC-B01,Badnera–Akola,FREIGHT,2026-10-01 16:24:23.263821,2026-10-01 17:04:23.263821,24,DN,SCHEDULED
TR-13120,13120,2026-10-01,SEC-B01,Badnera–Akola,FREIGHT,2026-10-01 17:52:56.424706,2026-10-01 18:32:56.424706,13,DN,RUNNING
TR-13121,13121,2026-10-01,SEC-B01,Badnera–Akola,PASSENGER,2026-10-01 19:37:38.587523,2026-10-01 20:07:38.587523,3,UP,SCHEDULED
TR-13122,13122,2026-10-01,SEC-B01,Badnera–Akola,EXPRESS,2026-10-01 21:02:27.324304,2026-10-01 21:47:27.324304,2,DN,DELAYED
TR-13123,13123,2026-10-01,SEC-B01,Badnera–Akola,FREIGHT,2026-10-01 22:31:08.857847,2026-10-01 23:11:08.857847,8,UP,SCHEDULED
TR-13124,13124,2026-10-01,SEC-B02,Akola–Bhusawal,EXPRESS,2026-10-01 23:47:48.054612,2026-10-02 00:32:48.054612,7,DN,RUNNING
TR-13125,13125,2026-10-01,SEC-B02,Akola–Bhusawal,FREIGHT,2026-10-01 01:19:22.377799,2026-10-01 01:54:22.377799,0,DN,SCHEDULED
TR-13126,13126,2026-10-01,SEC-B02,Akola–Bhusawal,EXPRESS,2026-10-01 03:12:38.264986,2026-10-01 03:37:38.264986,11,DN,DELAYED
TR-13127,13127,2026-10-01,SEC-B02,Akola–Bhusawal,PASSENGER,2026-10-01 04:32:06.192207,2026-10-01 04:57:06.192207,9,UP,RUNNING
TR-13128,13128,2026-10-01,SEC-B02,Akola–Bhusawal,FREIGHT,2026-10-01 06:09:47.041261,2026-10-01 06:39:47.041261,13,DN,SCHEDULED
TR-13129,13129,2026-10-01,SEC-B02,Akola–Bhusawal,PASSENGER,2026-10-01 07:29:50.087269,2026-10-01 07:59:50.087269,7,UP,RUNNING
TR-13130,13130,2026-10-01,SEC-B02,Akola–Bhusawal,PASSENGER,2026-10-01 09:04:26.211093,2026-10-01 09:34:26.211093,4,DN,SCHEDULED
TR-13131,13131,2026-10-01,SEC-B02,Akola–Bhusawal,FREIGHT,2026-10-01 10:43:56.262869,2026-10-01 11:28:56.262869,12,DN,RUNNING
TR-13132,13132,2026-10-01,SEC-B02,Akola–Bhusawal,PASSENGER,2026-10-01 12:01:41.380226,2026-10-01 12:46:41.380226,8,UP,DELAYED
TR-13133,13133,2026-10-01,SEC-B02,Akola–Bhusawal,EXPRESS,2026-10-01 13:32:25.612104,2026-10-01 14:17:25.612104,1,DN,RUNNING
TR-13134,13134,2026-10-01,SEC-B02,Akola–Bhusawal,EXPRESS,2026-10-01 15:06:12.142671,2026-10-01 15:41:12.142671,0,DN,RUNNING
TR-13135,13135,2026-10-01,SEC-B02,Akola–Bhusawal,PASSENGER,2026-10-01 16:26:06.411303,2026-10-01 16:56:06.411303,4,DN,SCHEDULED
TR-13136,13136,2026-10-01,SEC-B02,Akola–Bhusawal,PASSENGER,2026-10-01 18:13:44.563967,2026-10-01 18:43:44.563967,14,UP,DELAYED
TR-13137,13137,2026-10-01,SEC-B02,Akola–Bhusawal,SPECIAL,2026-10-01 19:32:22.125242,2026-10-01 19:57:22.125242,0,DN,DELAYED
TR-13138,13138,2026-10-01,SEC-B02,Akola–Bhusawal,PASSENGER,2026-10-01 20:54:24.272606,2026-10-01 21:39:24.272606,0,DN,DELAYED
TR-13139,13139,2026-10-01,SEC-B02,Akola–Bhusawal,FREIGHT,2026-10-01 22:39:37.939559,2026-10-01 23:09:37.939559,9,UP,RUNNING
TR-13140,13140,2026-10-01,SEC-C01,Bhusawal–Jalgaon,FREIGHT,2026-10-01 00:03:33.850693,2026-10-01 00:43:33.850693,8,UP,SCHEDULED
TR-13141,13141,2026-10-01,SEC-C01,Bhusawal–Jalgaon,FREIGHT,2026-10-01 02:09:39.807329,2026-10-01 02:49:39.807329,9,UP,RUNNING
TR-13142,13142,2026-10-01,SEC-C01,Bhusawal–Jalgaon,PASSENGER,2026-10-01 04:47:17.927605,2026-10-01 05:17:17.927605,5,DN,SCHEDULED
TR-13143,13143,2026-10-01,SEC-C01,Bhusawal–Jalgaon,FREIGHT,2026-10-01 07:25:38.521648,2026-10-01 08:00:38.521648,6,UP,DELAYED
TR-13144,13144,2026-10-01,SEC-C01,Bhusawal–Jalgaon,SPECIAL,2026-10-01 09:35:43.457669,2026-10-01 10:05:43.457669,14,UP,RUNNING
TR-13145,13145,2026-10-01,SEC-C01,Bhusawal–Jalgaon,PASSENGER,2026-10-01 11:54:17.685496,2026-10-01 12:29:17.685496,0,DN,SCHEDULED
TR-13146,13146,2026-10-01,SEC-C01,Bhusawal–Jalgaon,PASSENGER,2026-10-01 14:31:59.340450,2026-10-01 15:16:59.340450,0,UP,DELAYED
TR-13147,13147,2026-10-01,SEC-C01,Bhusawal–Jalgaon,FREIGHT,2026-10-01 16:34:35.347658,2026-10-01 17:09:35.347658,7,UP,DELAYED
TR-13148,13148,2026-10-01,SEC-C01,Bhusawal–Jalgaon,EXPRESS,2026-10-01 18:58:54.531727,2026-10-01 19:38:54.531727,0,UP,SCHEDULED
TR-13149,13149,2026-10-01,SEC-C01,Bhusawal–Jalgaon,EXPRESS,2026-10-01 21:50:23.607515,2026-10-01 22:20:23.607515,2,UP,RUNNING
TR-13150,13150,2026-10-02,SEC-A01,Nagpur–Wardha,PASSENGER,2026-10-02 00:06:51.600813,2026-10-02 00:41:51.600813,15,DN,DELAYED
TR-13151,13151,2026-10-02,SEC-A01,Nagpur–Wardha,EXPRESS,2026-10-02 01:11:28.944218,2026-10-02 01:51:28.944218,4,DN,RUNNING
TR-13152,13152,2026-10-02,SEC-A01,Nagpur–Wardha,PASSENGER,2026-10-02 02:00:03.862561,2026-10-02 02:35:03.862561,5,DN,RUNNING
TR-13153,13153,2026-10-02,SEC-A01,Nagpur–Wardha,EXPRESS,2026-10-02 03:06:41.157893,2026-10-02 03:46:41.157893,0,DN,SCHEDULED
TR-13154,13154,2026-10-02,SEC-A01,Nagpur–Wardha,PASSENGER,2026-10-02 04:12:21.310394,2026-10-02 04:52:21.310394,0,DN,SCHEDULED
TR-13155,13155,2026-10-02,SEC-A01,Nagpur–Wardha,FREIGHT,2026-10-02 05:22:27.859943,2026-10-02 05:47:27.859943,5,UP,DELAYED
TR-13156,13156,2026-10-02,SEC-A01,Nagpur–Wardha,PASSENGER,2026-10-02 06:19:33.257964,2026-10-02 07:04:33.257964,1,DN,SCHEDULED
TR-13157,13157,2026-10-02,SEC-A01,Nagpur–Wardha,PASSENGER,2026-10-02 07:28:14.232692,2026-10-02 08:13:14.232692,12,DN,RUNNING
TR-13158,13158,2026-10-02,SEC-A01,Nagpur–Wardha,FREIGHT,2026-10-02 08:37:49.456814,2026-10-02 09:22:49.456814,11,UP,SCHEDULED
TR-13159,13159,2026-10-02,SEC-A01,Nagpur–Wardha,FREIGHT,2026-10-02 09:39:44.722317,2026-10-02 10:24:44.722317,0,UP,RUNNING
TR-13160,13160,2026-10-02,SEC-A01,Nagpur–Wardha,FREIGHT,2026-10-02 10:42:27.265679,2026-10-02 11:12:27.265679,9,UP,RUNNING
TR-13161,13161,2026-10-02,SEC-A01,Nagpur–Wardha,FREIGHT,2026-10-02 12:06:11.461619,2026-10-02 12:36:11.461619,11,DN,SCHEDULED
TR-13162,13162,2026-10-02,SEC-A01,Nagpur–Wardha,EXPRESS,2026-10-02 13:09:07.021432,2026-10-02 13:54:07.021432,11,UP,RUNNING
TR-13163,13163,2026-10-02,SEC-A01,Nagpur–Wardha,PASSENGER,2026-10-02 14:23:57.603975,2026-10-02 14:48:57.603975,15,UP,DELAYED
TR-13164,13164,2026-10-02,SEC-A01,Nagpur–Wardha,FREIGHT,2026-10-02 15:16:55.098108,2026-10-02 15:41:55.098108,0,UP,DELAYED
TR-13165,13165,2026-10-02,SEC-A01,Nagpur–Wardha,EXPRESS,2026-10-02 16:34:25.089361,2026-10-02 17:14:25.089361,0,DN,RUNNING
TR-13166,13166,2026-10-02,SEC-A01,Nagpur–Wardha,PASSENGER,2026-10-02 17:40:35.583617,2026-10-02 18:25:35.583617,0,UP,RUNNING
TR-13167,13167,2026-10-02,SEC-A01,Nagpur–Wardha,PASSENGER,2026-10-02 18:21:58.122843,2026-10-02 19:01:58.122843,2,DN,SCHEDULED
TR-13168,13168,2026-10-02,SEC-A01,Nagpur–Wardha,EXPRESS,2026-10-02 19:33:55.887622,2026-10-02 20:13:55.887622,7,UP,DELAYED
TR-13169,13169,2026-10-02,SEC-A01,Nagpur–Wardha,EXPRESS,2026-10-02 20:31:21.898072,2026-10-02 21:06:21.898072,10,DN,DELAYED
TR-13170,13170,2026-10-02,SEC-A01,Nagpur–Wardha,PASSENGER,2026-10-02 21:53:23.211857,2026-10-02 22:28:23.211857,3,DN,SCHEDULED
TR-13171,13171,2026-10-02,SEC-A01,Nagpur–Wardha,FREIGHT,2026-10-02 22:48:20.053749,2026-10-02 23:28:20.053749,5,DN,SCHEDULED
TR-13172,13172,2026-10-02,SEC-A02,Wardha–Badnera,PASSENGER,2026-10-02 23:59:42.837618,2026-10-03 00:39:42.837618,5,DN,DELAYED
TR-13173,13173,2026-10-02,SEC-A02,Wardha–Badnera,SPECIAL,2026-10-02 01:02:07.128306,2026-10-02 01:42:07.128306,0,DN,SCHEDULED
TR-13174,13174,2026-10-02,SEC-A02,Wardha–Badnera,PASSENGER,2026-10-02 02:11:44.135688,2026-10-02 02:36:44.135688,18,UP,RUNNING
TR-13175,13175,2026-10-02,SEC-A02,Wardha–Badnera,FREIGHT,2026-10-02 03:28:07.584750,2026-10-02 04:13:07.584750,0,DN,SCHEDULED
TR-13176,13176,2026-10-02,SEC-A02,Wardha–Badnera,SPECIAL,2026-10-02 04:22:50.816746,2026-10-02 04:47:50.816746,5,DN,SCHEDULED
TR-13177,13177,2026-10-02,SEC-A02,Wardha–Badnera,PASSENGER,2026-10-02 05:22:49.541734,2026-10-02 06:07:49.541734,18,DN,DELAYED
TR-13178,13178,2026-10-02,SEC-A02,Wardha–Badnera,FREIGHT,2026-10-02 06:33:26.808353,2026-10-02 07:03:26.808353,8,UP,SCHEDULED
TR-13179,13179,2026-10-02,SEC-A02,Wardha–Badnera,EXPRESS,2026-10-02 07:26:08.480413,2026-10-02 07:56:08.480413,2,DN,SCHEDULED
TR-13180,13180,2026-10-02,SEC-A02,Wardha–Badnera,PASSENGER,2026-10-02 08:50:03.444051,2026-10-02 09:30:03.444051,1,UP,SCHEDULED
TR-13181,13181,2026-10-02,SEC-A02,Wardha–Badnera,EXPRESS,2026-10-02 10:01:45.209955,2026-10-02 10:31:45.209955,2,UP,RUNNING
TR-13182,13182,2026-10-02,SEC-A02,Wardha–Badnera,FREIGHT,2026-10-02 10:39:41.257085,2026-10-02 11:09:41.257085,17,DN,SCHEDULED
TR-13183,13183,2026-10-02,SEC-A02,Wardha–Badnera,FREIGHT,2026-10-02 12:14:36.753890,2026-10-02 12:44:36.753890,0,DN,SCHEDULED
TR-13184,13184,2026-10-02,SEC-A02,Wardha–Badnera,PASSENGER,2026-10-02 12:55:07.944914,2026-10-02 13:40:07.944914,14,DN,RUNNING
TR-13185,13185,2026-10-02,SEC-A02,Wardha–Badnera,PASSENGER,2026-10-02 14:16:19.257749,2026-10-02 14:51:19.257749,0,DN,RUNNING
TR-13186,13186,2026-10-02,SEC-A02,Wardha–Badnera,EXPRESS,2026-10-02 15:22:04.324445,2026-10-02 16:02:04.324445,2,DN,RUNNING
TR-13187,13187,2026-10-02,SEC-A02,Wardha–Badnera,EXPRESS,2026-10-02 16:32:05.832550,2026-10-02 17:02:05.832550,0,DN,RUNNING
TR-13188,13188,2026-10-02,SEC-A02,Wardha–Badnera,PASSENGER,2026-10-02 17:30:16.596965,2026-10-02 18:10:16.596965,8,DN,SCHEDULED
TR-13189,13189,2026-10-02,SEC-A02,Wardha–Badnera,PASSENGER,2026-10-02 18:37:36.969818,2026-10-02 19:07:36.969818,0,UP,SCHEDULED
TR-13190,13190,2026-10-02,SEC-A02,Wardha–Badnera,PASSENGER,2026-10-02 19:27:56.971992,2026-10-02 20:07:56.971992,7,DN,SCHEDULED
TR-13191,13191,2026-10-02,SEC-A02,Wardha–Badnera,SPECIAL,2026-10-02 20:56:56.487442,2026-10-02 21:31:56.487442,18,DN,RUNNING
TR-13192,13192,2026-10-02,SEC-A02,Wardha–Badnera,EXPRESS,2026-10-02 21:50:10.722699,2026-10-02 22:25:10.722699,0,DN,SCHEDULED
TR-13193,13193,2026-10-02,SEC-A02,Wardha–Badnera,EXPRESS,2026-10-02 23:02:22.507989,2026-10-02 23:42:22.507989,5,UP,SCHEDULED
TR-13194,13194,2026-10-02,SEC-B01,Badnera–Akola,PASSENGER,2026-10-02 00:01:38.549976,2026-10-02 00:41:38.549976,0,UP,RUNNING
TR-13195,13195,2026-10-02,SEC-B01,Badnera–Akola,PASSENGER,2026-10-02 01:29:21.875619,2026-10-02 01:54:21.875619,6,DN,SCHEDULED
TR-13196,13196,2026-10-02,SEC-B01,Badnera–Akola,PASSENGER,2026-10-02 02:47:30.494453,2026-10-02 03:12:30.494453,4,DN,RUNNING
TR-13197,13197,2026-10-02,SEC-B01,Badnera–Akola,FREIGHT,2026-10-02 04:37:09.023397,2026-10-02 05:17:09.023397,3,UP,DELAYED
TR-13198,13198,2026-10-02,SEC-B01,Badnera–Akola,EXPRESS,2026-10-02 06:08:00.222326,2026-10-02 06:38:00.222326,7,DN,SCHEDULED
TR-13199,13199,2026-10-02,SEC-B01,Badnera–Akola,PASSENGER,2026-10-02 07:32:03.842432,2026-10-02 08:02:03.842432,16,DN,SCHEDULED
TR-13200,13200,2026-10-02,SEC-B01,Badnera–Akola,EXPRESS,2026-10-02 08:55:30.210991,2026-10-02 09:25:30.210991,2,UP,RUNNING
TR-13201,13201,2026-10-02,SEC-B01,Badnera–Akola,FREIGHT,2026-10-02 10:26:24.061818,2026-10-02 11:01:24.061818,13,UP,SCHEDULED
TR-13202,13202,2026-10-02,SEC-B01,Badnera–Akola,FREIGHT,2026-10-02 12:03:48.984531,2026-10-02 12:38:48.984531,0,DN,SCHEDULED
TR-13203,13203,2026-10-02,SEC-B01,Badnera–Akola,EXPRESS,2026-10-02 13:41:08.407163,2026-10-02 14:06:08.407163,0,DN,DELAYED
TR-13204,13204,2026-10-02,SEC-B01,Badnera–Akola,SPECIAL,2026-10-02 14:49:49.976395,2026-10-02 15:34:49.976395,7,UP,SCHEDULED
TR-13205,13205,2026-10-02,SEC-B01,Badnera–Akola,FREIGHT,2026-10-02 16:35:32.573091,2026-10-02 17:15:32.573091,18,UP,DELAYED
TR-13206,13206,2026-10-02,SEC-B01,Badnera–Akola,FREIGHT,2026-10-02 18:06:36.868432,2026-10-02 18:41:36.868432,10,UP,SCHEDULED
TR-13207,13207,2026-10-02,SEC-B01,Badnera–Akola,FREIGHT,2026-10-02 19:35:31.769893,2026-10-02 20:00:31.769893,5,UP,RUNNING
TR-13208,13208,2026-10-02,SEC-B01,Badnera–Akola,EXPRESS,2026-10-02 21:08:03.651780,2026-10-02 21:33:03.651780,3,UP,DELAYED
TR-13209,13209,2026-10-02,SEC-B01,Badnera–Akola,FREIGHT,2026-10-02 22:31:22.048560,2026-10-02 22:56:22.048560,0,DN,DELAYED
TR-13210,13210,2026-10-02,SEC-B02,Akola–Bhusawal,FREIGHT,2026-10-02 00:04:20.622276,2026-10-02 00:39:20.622276,12,DN,RUNNING
TR-13211,13211,2026-10-02,SEC-B02,Akola–Bhusawal,FREIGHT,2026-10-02 01:42:18.433945,2026-10-02 02:12:18.433945,14,DN,RUNNING
TR-13212,13212,2026-10-02,SEC-B02,Akola–Bhusawal,FREIGHT,2026-10-02 03:14:24.235988,2026-10-02 03:54:24.235988,4,UP,RUNNING
TR-13213,13213,2026-10-02,SEC-B02,Akola–Bhusawal,PASSENGER,2026-10-02 04:31:05.618418,2026-10-02 05:06:05.618418,0,DN,SCHEDULED
TR-13214,13214,2026-10-02,SEC-B02,Akola–Bhusawal,SPECIAL,2026-10-02 06:13:53.471439,2026-10-02 06:53:53.471439,5,UP,RUNNING
TR-13215,13215,2026-10-02,SEC-B02,Akola–Bhusawal,EXPRESS,2026-10-02 07:37:12.010035,2026-10-02 08:17:12.010035,0,UP,SCHEDULED
TR-13216,13216,2026-10-02,SEC-B02,Akola–Bhusawal,EXPRESS,2026-10-02 08:58:47.877725,2026-10-02 09:43:47.877725,3,DN,SCHEDULED
TR-13217,13217,2026-10-02,SEC-B02,Akola–Bhusawal,PASSENGER,2026-10-02 10:40:12.243626,2026-10-02 11:15:12.243626,18,DN,RUNNING
TR-13218,13218,2026-10-02,SEC-B02,Akola–Bhusawal,EXPRESS,2026-10-02 12:11:30.519227,2026-10-02 12:51:30.519227,2,DN,RUNNING
TR-13219,13219,2026-10-02,SEC-B02,Akola–Bhusawal,PASSENGER,2026-10-02 13:28:54.330878,2026-10-02 14:03:54.330878,1,DN,SCHEDULED
TR-13220,13220,2026-10-02,SEC-B02,Akola–Bhusawal,PASSENGER,2026-10-02 15:06:41.953879,2026-10-02 15:36:41.953879,0,UP,DELAYED
TR-13221,13221,2026-10-02,SEC-B02,Akola–Bhusawal,FREIGHT,2026-10-02 16:20:50.283488,2026-10-02 17:05:50.283488,13,DN,DELAYED
TR-13222,13222,2026-10-02,SEC-B02,Akola–Bhusawal,FREIGHT,2026-10-02 18:10:52.389632,2026-10-02 18:50:52.389632,6,DN,SCHEDULED
TR-13223,13223,2026-10-02,SEC-B02,Akola–Bhusawal,PASSENGER,2026-10-02 19:26:47.093209,2026-10-02 20:06:47.093209,0,DN,RUNNING
TR-13224,13224,2026-10-02,SEC-B02,Akola–Bhusawal,FREIGHT,2026-10-02 21:12:08.416914,2026-10-02 21:57:08.416914,17,UP,SCHEDULED
TR-13225,13225,2026-10-02,SEC-B02,Akola–Bhusawal,FREIGHT,2026-10-02 22:25:07.829675,2026-10-02 22:55:07.829675,17,DN,SCHEDULED
TR-13226,13226,2026-10-02,SEC-C01,Bhusawal–Jalgaon,FREIGHT,2026-10-02 00:13:17.758704,2026-10-02 00:38:17.758704,3,DN,DELAYED
TR-13227,13227,2026-10-02,SEC-C01,Bhusawal–Jalgaon,SPECIAL,2026-10-02 02:29:00.588367,2026-10-02 03:04:00.588367,0,UP,RUNNING
TR-13228,13228,2026-10-02,SEC-C01,Bhusawal–Jalgaon,PASSENGER,2026-10-02 04:50:15.124457,2026-10-02 05:20:15.124457,11,DN,RUNNING
TR-13229,13229,2026-10-02,SEC-C01,Bhusawal–Jalgaon,EXPRESS,2026-10-02 07:04:22.257265,2026-10-02 07:34:22.257265,0,DN,RUNNING
TR-13230,13230,2026-10-02,SEC-C01,Bhusawal–Jalgaon,FREIGHT,2026-10-02 09:39:18.644479,2026-10-02 10:24:18.644479,13,UP,SCHEDULED
TR-13231,13231,2026-10-02,SEC-C01,Bhusawal–Jalgaon,PASSENGER,2026-10-02 12:08:36.532061,2026-10-02 12:33:36.532061,0,UP,RUNNING
TR-13232,13232,2026-10-02,SEC-C01,Bhusawal–Jalgaon,EXPRESS,2026-10-02 14:34:34.681666,2026-10-02 15:09:34.681666,10,DN,SCHEDULED
TR-13233,13233,2026-10-02,SEC-C01,Bhusawal–Jalgaon,PASSENGER,2026-10-02 16:55:18.451751,2026-10-02 17:25:18.451751,0,UP,RUNNING
TR-13234,13234,2026-10-02,SEC-C01,Bhusawal–Jalgaon,FREIGHT,2026-10-02 19:15:41.817035,2026-10-02 19:50:41.817035,13,DN,RUNNING
TR-13235,13235,2026-10-02,SEC-C01,Bhusawal–Jalgaon,PASSENGER,2026-10-02 21:31:09.517390,2026-10-02 22:01:09.517390,4,UP,DELAYED
TR-13236,13236,2026-10-03,SEC-A01,Nagpur–Wardha,PASSENGER,2026-10-03 23:49:47.662329,2026-10-04 00:19:47.662329,0,UP,DELAYED
TR-13237,13237,2026-10-03,SEC-A01,Nagpur–Wardha,PASSENGER,2026-10-03 01:17:45.689410,2026-10-03 01:57:45.689410,1,DN,RUNNING
TR-13238,13238,2026-10-03,SEC-A01,Nagpur–Wardha,SPECIAL,2026-10-03 02:16:36.480136,2026-10-03 02:46:36.480136,8,UP,RUNNING
TR-13239,13239,2026-10-03,SEC-A01,Nagpur–Wardha,PASSENGER,2026-10-03 03:04:16.542263,2026-10-03 03:29:16.542263,4,DN,RUNNING
TR-13240,13240,2026-10-03,SEC-A01,Nagpur–Wardha,EXPRESS,2026-10-03 04:18:11.956467,2026-10-03 04:48:11.956467,8,DN,RUNNING
TR-13241,13241,2026-10-03,SEC-A01,Nagpur–Wardha,FREIGHT,2026-10-03 05:29:49.167804,2026-10-03 05:59:49.167804,21,UP,RUNNING
TR-13242,13242,2026-10-03,SEC-A01,Nagpur–Wardha,PASSENGER,2026-10-03 06:46:07.523704,2026-10-03 07:31:07.523704,0,DN,SCHEDULED
TR-13243,13243,2026-10-03,SEC-A01,Nagpur–Wardha,PASSENGER,2026-10-03 07:49:46.592361,2026-10-03 08:14:46.592361,15,DN,RUNNING
TR-13244,13244,2026-10-03,SEC-A01,Nagpur–Wardha,SPECIAL,2026-10-03 08:56:08.357031,2026-10-03 09:21:08.357031,4,UP,RUNNING
TR-13245,13245,2026-10-03,SEC-A01,Nagpur–Wardha,FREIGHT,2026-10-03 09:42:51.683579,2026-10-03 10:07:51.683579,1,DN,SCHEDULED
TR-13246,13246,2026-10-03,SEC-A01,Nagpur–Wardha,FREIGHT,2026-10-03 10:58:12.079223,2026-10-03 11:43:12.079223,0,UP,RUNNING
TR-13247,13247,2026-10-03,SEC-A01,Nagpur–Wardha,FREIGHT,2026-10-03 12:10:32.255087,2026-10-03 12:40:32.255087,6,UP,RUNNING
TR-13248,13248,2026-10-03,SEC-A01,Nagpur–Wardha,PASSENGER,2026-10-03 13:00:00.694319,2026-10-03 13:30:00.694319,10,UP,RUNNING
TR-13249,13249,2026-10-03,SEC-A01,Nagpur–Wardha,PASSENGER,2026-10-03 14:03:48.149557,2026-10-03 14:43:48.149557,3,DN,RUNNING
TR-13250,13250,2026-10-03,SEC-A01,Nagpur–Wardha,FREIGHT,2026-10-03 15:21:08.757121,2026-10-03 15:56:08.757121,18,UP,DELAYED
TR-13251,13251,2026-10-03,SEC-A01,Nagpur–Wardha,PASSENGER,2026-10-03 16:07:08.311092,2026-10-03 16:52:08.311092,0,DN,SCHEDULED
TR-13252,13252,2026-10-03,SEC-A01,Nagpur–Wardha,FREIGHT,2026-10-03 17:39:24.526313,2026-10-03 18:19:24.526313,7,DN,RUNNING
TR-13253,13253,2026-10-03,SEC-A01,Nagpur–Wardha,EXPRESS,2026-10-03 18:27:47.779206,2026-10-03 19:12:47.779206,0,DN,RUNNING
TR-13254,13254,2026-10-03,SEC-A01,Nagpur–Wardha,EXPRESS,2026-10-03 19:44:24.014025,2026-10-03 20:14:24.014025,6,DN,DELAYED
TR-13255,13255,2026-10-03,SEC-A01,Nagpur–Wardha,PASSENGER,2026-10-03 20:34:25.407997,2026-10-03 21:09:25.407997,10,DN,SCHEDULED
TR-13256,13256,2026-10-03,SEC-A01,Nagpur–Wardha,EXPRESS,2026-10-03 21:58:15.309857,2026-10-03 22:33:15.309857,1,UP,SCHEDULED
TR-13257,13257,2026-10-03,SEC-A01,Nagpur–Wardha,PASSENGER,2026-10-03 23:03:52.086421,2026-10-03 23:28:52.086421,0,UP,RUNNING
TR-13258,13258,2026-10-03,SEC-A02,Wardha–Badnera,EXPRESS,2026-10-03 23:46:56.926505,2026-10-04 00:31:56.926505,5,UP,SCHEDULED
TR-13259,13259,2026-10-03,SEC-A02,Wardha–Badnera,EXPRESS,2026-10-03 00:50:44.634166,2026-10-03 01:15:44.634166,7,DN,DELAYED
TR-13260,13260,2026-10-03,SEC-A02,Wardha–Badnera,FREIGHT,2026-10-03 01:58:01.234450,2026-10-03 02:43:01.234450,10,DN,RUNNING
TR-13261,13261,2026-10-03,SEC-A02,Wardha–Badnera,FREIGHT,2026-10-03 03:24:56.855121,2026-10-03 03:49:56.855121,16,UP,SCHEDULED
TR-13262,13262,2026-10-03,SEC-A02,Wardha–Badnera,PASSENGER,2026-10-03 04:12:48.229267,2026-10-03 04:37:48.229267,0,UP,SCHEDULED
TR-13263,13263,2026-10-03,SEC-A02,Wardha–Badnera,PASSENGER,2026-10-03 05:25:15.708498,2026-10-03 05:55:15.708498,8,UP,RUNNING
TR-13264,13264,2026-10-03,SEC-A02,Wardha–Badnera,PASSENGER,2026-10-03 06:27:20.365276,2026-10-03 07:12:20.365276,12,UP,RUNNING
TR-13265,13265,2026-10-03,SEC-A02,Wardha–Badnera,FREIGHT,2026-10-03 07:41:20.733176,2026-10-03 08:11:20.733176,0,UP,RUNNING
TR-13266,13266,2026-10-03,SEC-A02,Wardha–Badnera,PASSENGER,2026-10-03 08:34:11.051943,2026-10-03 08:59:11.051943,6,UP,RUNNING
TR-13267,13267,2026-10-03,SEC-A02,Wardha–Badnera,FREIGHT,2026-10-03 09:38:24.461534,2026-10-03 10:23:24.461534,4,UP,SCHEDULED
TR-13268,13268,2026-10-03,SEC-A02,Wardha–Badnera,PASSENGER,2026-10-03 11:00:37.889843,2026-10-03 11:25:37.889843,3,DN,SCHEDULED
TR-13269,13269,2026-10-03,SEC-A02,Wardha–Badnera,PASSENGER,2026-10-03 11:49:52.362437,2026-10-03 12:34:52.362437,6,DN,DELAYED
TR-13270,13270,2026-10-03,SEC-A02,Wardha–Badnera,FREIGHT,2026-10-03 13:09:40.343685,2026-10-03 13:39:40.343685,4,DN,SCHEDULED
TR-13271,13271,2026-10-03,SEC-A02,Wardha–Badnera,PASSENGER,2026-10-03 14:11:49.536976,2026-10-03 14:46:49.536976,0,UP,SCHEDULED
TR-13272,13272,2026-10-03,SEC-A02,Wardha–Badnera,PASSENGER,2026-10-03 15:03:12.733413,2026-10-03 15:43:12.733413,4,UP,DELAYED
TR-13273,13273,2026-10-03,SEC-A02,Wardha–Badnera,PASSENGER,2026-10-03 16:29:29.261132,2026-10-03 17:09:29.261132,0,DN,SCHEDULED
TR-13274,13274,2026-10-03,SEC-A02,Wardha–Badnera,PASSENGER,2026-10-03 17:41:35.265432,2026-10-03 18:06:35.265432,0,DN,DELAYED
TR-13275,13275,2026-10-03,SEC-A02,Wardha–Badnera,FREIGHT,2026-10-03 18:38:04.388355,2026-10-03 19:03:04.388355,12,DN,RUNNING
TR-13276,13276,2026-10-03,SEC-A02,Wardha–Badnera,FREIGHT,2026-10-03 19:33:55.511640,2026-10-03 20:13:55.511640,0,DN,RUNNING
TR-13277,13277,2026-10-03,SEC-A02,Wardha–Badnera,PASSENGER,2026-10-03 20:38:02.436232,2026-10-03 21:08:02.436232,8,UP,SCHEDULED
TR-13278,13278,2026-10-03,SEC-A02,Wardha–Badnera,FREIGHT,2026-10-03 21:54:49.010857,2026-10-03 22:34:49.010857,11,DN,RUNNING
TR-13279,13279,2026-10-03,SEC-A02,Wardha–Badnera,FREIGHT,2026-10-03 23:07:14.930110,2026-10-03 23:47:14.930110,0,DN,RUNNING
TR-13280,13280,2026-10-03,SEC-B01,Badnera–Akola,FREIGHT,2026-10-03 23:49:34.832723,2026-10-04 00:29:34.832723,3,UP,SCHEDULED
TR-13281,13281,2026-10-03,SEC-B01,Badnera–Akola,SPECIAL,2026-10-03 01:38:38.877549,2026-10-03 02:18:38.877549,12,UP,RUNNING
TR-13282,13282,2026-10-03,SEC-B01,Badnera–Akola,EXPRESS,2026-10-03 02:55:58.278090,2026-10-03 03:35:58.278090,0,UP,SCHEDULED
TR-13283,13283,2026-10-03,SEC-B01,Badnera–Akola,PASSENGER,2026-10-03 04:32:47.286894,2026-10-03 05:02:47.286894,0,UP,RUNNING
TR-13284,13284,2026-10-03,SEC-B01,Badnera–Akola,PASSENGER,2026-10-03 05:59:10.118800,2026-10-03 06:34:10.118800,7,UP,RUNNING
TR-13285,13285,2026-10-03,SEC-B01,Badnera–Akola,EXPRESS,2026-10-03 07:26:46.017416,2026-10-03 08:01:46.017416,9,DN,SCHEDULED
TR-13286,13286,2026-10-03,SEC-B01,Badnera–Akola,EXPRESS,2026-10-03 08:50:41.902906,2026-10-03 09:35:41.902906,2,DN,RUNNING
TR-13287,13287,2026-10-03,SEC-B01,Badnera–Akola,FREIGHT,2026-10-03 10:43:25.195604,2026-10-03 11:13:25.195604,3,UP,RUNNING
TR-13288,13288,2026-10-03,SEC-B01,Badnera–Akola,SPECIAL,2026-10-03 12:13:50.590950,2026-10-03 12:38:50.590950,13,DN,DELAYED
TR-13289,13289,2026-10-03,SEC-B01,Badnera–Akola,FREIGHT,2026-10-03 13:23:40.779340,2026-10-03 13:53:40.779340,20,DN,SCHEDULED
TR-13290,13290,2026-10-03,SEC-B01,Badnera–Akola,SPECIAL,2026-10-03 14:57:29.421745,2026-10-03 15:22:29.421745,10,UP,RUNNING
TR-13291,13291,2026-10-03,SEC-B01,Badnera–Akola,FREIGHT,2026-10-03 16:33:54.826263,2026-10-03 17:18:54.826263,8,UP,DELAYED
TR-13292,13292,2026-10-03,SEC-B01,Badnera–Akola,PASSENGER,2026-10-03 17:48:52.970540,2026-10-03 18:23:52.970540,0,DN,SCHEDULED
TR-13293,13293,2026-10-03,SEC-B01,Badnera–Akola,PASSENGER,2026-10-03 19:26:05.221572,2026-10-03 20:06:05.221572,0,DN,RUNNING
TR-13294,13294,2026-10-03,SEC-B01,Badnera–Akola,EXPRESS,2026-10-03 20:57:30.601042,2026-10-03 21:27:30.601042,7,UP,RUNNING
TR-13295,13295,2026-10-03,SEC-B01,Badnera–Akola,EXPRESS,2026-10-03 22:34:00.968570,2026-10-03 23:14:00.968570,6,DN,DELAYED
TR-13296,13296,2026-10-03,SEC-B02,Akola–Bhusawal,EXPRESS,2026-10-03 00:08:48.872426,2026-10-03 00:38:48.872426,13,DN,DELAYED
TR-13297,13297,2026-10-03,SEC-B02,Akola–Bhusawal,EXPRESS,2026-10-03 01:44:08.044229,2026-10-03 02:14:08.044229,8,UP,SCHEDULED
TR-13298,13298,2026-10-03,SEC-B02,Akola–Bhusawal,EXPRESS,2026-10-03 02:59:39.458256,2026-10-03 03:39:39.458256,0,DN,DELAYED
TR-13299,13299,2026-10-03,SEC-B02,Akola–Bhusawal,EXPRESS,2026-10-03 04:41:25.310694,2026-10-03 05:21:25.310694,11,DN,SCHEDULED
TR-13300,13300,2026-10-03,SEC-B02,Akola–Bhusawal,FREIGHT,2026-10-03 06:00:52.624009,2026-10-03 06:40:52.624009,1,DN,SCHEDULED
TR-13301,13301,2026-10-03,SEC-B02,Akola–Bhusawal,EXPRESS,2026-10-03 07:28:29.072865,2026-10-03 07:58:29.072865,1,DN,SCHEDULED
TR-13302,13302,2026-10-03,SEC-B02,Akola–Bhusawal,FREIGHT,2026-10-03 08:55:54.808422,2026-10-03 09:20:54.808422,9,UP,SCHEDULED
TR-13303,13303,2026-10-03,SEC-B02,Akola–Bhusawal,FREIGHT,2026-10-03 10:24:48.985880,2026-10-03 11:09:48.985880,21,UP,RUNNING
TR-13304,13304,2026-10-03,SEC-B02,Akola–Bhusawal,SPECIAL,2026-10-03 12:13:42.001728,2026-10-03 12:53:42.001728,25,UP,SCHEDULED
TR-13305,13305,2026-10-03,SEC-B02,Akola–Bhusawal,FREIGHT,2026-10-03 13:43:43.906252,2026-10-03 14:28:43.906252,12,DN,SCHEDULED
TR-13306,13306,2026-10-03,SEC-B02,Akola–Bhusawal,FREIGHT,2026-10-03 15:07:03.890786,2026-10-03 15:37:03.890786,6,DN,SCHEDULED
TR-13307,13307,2026-10-03,SEC-B02,Akola–Bhusawal,EXPRESS,2026-10-03 16:38:43.276748,2026-10-03 17:18:43.276748,7,UP,RUNNING
TR-13308,13308,2026-10-03,SEC-B02,Akola–Bhusawal,PASSENGER,2026-10-03 17:52:49.778183,2026-10-03 18:22:49.778183,10,UP,RUNNING
TR-13309,13309,2026-10-03,SEC-B02,Akola–Bhusawal,EXPRESS,2026-10-03 19:17:21.677410,2026-10-03 19:57:21.677410,1,UP,RUNNING
TR-13310,13310,2026-10-03,SEC-B02,Akola–Bhusawal,PASSENGER,2026-10-03 21:03:46.601767,2026-10-03 21:48:46.601767,16,DN,RUNNING
TR-13311,13311,2026-10-03,SEC-B02,Akola–Bhusawal,FREIGHT,2026-10-03 22:18:13.940770,2026-10-03 22:53:13.940770,9,UP,DELAYED
TR-13312,13312,2026-10-03,SEC-C01,Bhusawal–Jalgaon,FREIGHT,2026-10-03 23:58:36.000272,2026-10-04 00:28:36.000272,11,DN,SCHEDULED
TR-13313,13313,2026-10-03,SEC-C01,Bhusawal–Jalgaon,FREIGHT,2026-10-03 02:12:43.046897,2026-10-03 02:47:43.046897,12,DN,SCHEDULED
TR-13314,13314,2026-10-03,SEC-C01,Bhusawal–Jalgaon,FREIGHT,2026-10-03 04:42:27.483716,2026-10-03 05:22:27.483716,10,DN,RUNNING
TR-13315,13315,2026-10-03,SEC-C01,Bhusawal–Jalgaon,FREIGHT,2026-10-03 07:08:51.967857,2026-10-03 07:43:51.967857,13,UP,RUNNING
TR-13316,13316,2026-10-03,SEC-C01,Bhusawal–Jalgaon,PASSENGER,2026-10-03 09:30:43.225490,2026-10-03 10:15:43.225490,0,UP,SCHEDULED
TR-13317,13317,2026-10-03,SEC-C01,Bhusawal–Jalgaon,PASSENGER,2026-10-03 11:59:54.017897,2026-10-03 12:24:54.017897,0,UP,DELAYED
TR-13318,13318,2026-10-03,SEC-C01,Bhusawal–Jalgaon,PASSENGER,2026-10-03 14:13:54.087119,2026-10-03 14:43:54.087119,0,DN,RUNNING
TR-13319,13319,2026-10-03,SEC-C01,Bhusawal–Jalgaon,PASSENGER,2026-10-03 16:43:08.684489,2026-10-03 17:23:08.684489,7,UP,RUNNING
TR-13320,13320,2026-10-03,SEC-C01,Bhusawal–Jalgaon,FREIGHT,2026-10-03 19:09:01.007778,2026-10-03 19:34:01.007778,13,DN,SCHEDULED
TR-13321,13321,2026-10-03,SEC-C01,Bhusawal–Jalgaon,EXPRESS,2026-10-03 21:37:26.575536,2026-10-03 22:02:26.575536,7,DN,SCHEDULED
TR-13322,13322,2026-10-04,SEC-A01,Nagpur–Wardha,PASSENGER,2026-10-04 23:48:27.448466,2026-10-05 00:23:27.448466,15,UP,DELAYED
TR-13323,13323,2026-10-04,SEC-A01,Nagpur–Wardha,FREIGHT,2026-10-04 00:51:10.878084,2026-10-04 01:21:10.878084,7,UP,SCHEDULED
TR-13324,13324,2026-10-04,SEC-A01,Nagpur–Wardha,SPECIAL,2026-10-04 02:18:39.895391,2026-10-04 02:48:39.895391,8,UP,DELAYED
TR-13325,13325,2026-10-04,SEC-A01,Nagpur–Wardha,EXPRESS,2026-10-04 03:10:56.844411,2026-10-04 03:50:56.844411,0,DN,SCHEDULED
TR-13326,13326,2026-10-04,SEC-A01,Nagpur–Wardha,FREIGHT,2026-10-04 04:22:07.535411,2026-10-04 04:57:07.535411,5,DN,DELAYED
TR-13327,13327,2026-10-04,SEC-A01,Nagpur–Wardha,FREIGHT,2026-10-04 05:14:18.694402,2026-10-04 05:44:18.694402,12,UP,SCHEDULED
TR-13328,13328,2026-10-04,SEC-A01,Nagpur–Wardha,PASSENGER,2026-10-04 06:35:12.566897,2026-10-04 07:00:12.566897,9,UP,DELAYED
TR-13329,13329,2026-10-04,SEC-A01,Nagpur–Wardha,EXPRESS,2026-10-04 07:49:37.873612,2026-10-04 08:34:37.873612,1,UP,RUNNING
TR-13330,13330,2026-10-04,SEC-A01,Nagpur–Wardha,PASSENGER,2026-10-04 08:35:01.182814,2026-10-04 09:20:01.182814,3,DN,RUNNING
TR-13331,13331,2026-10-04,SEC-A01,Nagpur–Wardha,FREIGHT,2026-10-04 09:50:46.727440,2026-10-04 10:35:46.727440,0,UP,DELAYED
TR-13332,13332,2026-10-04,SEC-A01,Nagpur–Wardha,PASSENGER,2026-10-04 10:47:14.028081,2026-10-04 11:17:14.028081,1,DN,RUNNING
TR-13333,13333,2026-10-04,SEC-A01,Nagpur–Wardha,FREIGHT,2026-10-04 11:48:34.501789,2026-10-04 12:23:34.501789,14,DN,DELAYED
TR-13334,13334,2026-10-04,SEC-A01,Nagpur–Wardha,EXPRESS,2026-10-04 13:19:29.195320,2026-10-04 14:04:29.195320,8,UP,SCHEDULED
TR-13335,13335,2026-10-04,SEC-A01,Nagpur–Wardha,EXPRESS,2026-10-04 13:59:17.393735,2026-10-04 14:39:17.393735,7,UP,SCHEDULED
TR-13336,13336,2026-10-04,SEC-A01,Nagpur–Wardha,EXPRESS,2026-10-04 15:24:09.384888,2026-10-04 15:59:09.384888,4,UP,DELAYED
TR-13337,13337,2026-10-04,SEC-A01,Nagpur–Wardha,FREIGHT,2026-10-04 16:31:21.239436,2026-10-04 17:06:21.239436,8,UP,DELAYED
TR-13338,13338,2026-10-04,SEC-A01,Nagpur–Wardha,PASSENGER,2026-10-04 17:38:58.735363,2026-10-04 18:13:58.735363,0,UP,RUNNING
TR-13339,13339,2026-10-04,SEC-A01,Nagpur–Wardha,EXPRESS,2026-10-04 18:18:05.884968,2026-10-04 18:48:05.884968,8,UP,RUNNING
TR-13340,13340,2026-10-04,SEC-A01,Nagpur–Wardha,EXPRESS,2026-10-04 19:51:35.140224,2026-10-04 20:31:35.140224,6,DN,RUNNING
TR-13341,13341,2026-10-04,SEC-A01,Nagpur–Wardha,EXPRESS,2026-10-04 20:46:41.445181,2026-10-04 21:16:41.445181,7,DN,DELAYED
TR-13342,13342,2026-10-04,SEC-A01,Nagpur–Wardha,PASSENGER,2026-10-04 21:51:59.587220,2026-10-04 22:21:59.587220,0,UP,SCHEDULED
TR-13343,13343,2026-10-04,SEC-A01,Nagpur–Wardha,PASSENGER,2026-10-04 23:05:07.553790,2026-10-04 23:50:07.553790,0,UP,RUNNING
TR-13344,13344,2026-10-04,SEC-A02,Wardha–Badnera,FREIGHT,2026-10-04 00:12:54.286969,2026-10-04 00:47:54.286969,15,UP,SCHEDULED
TR-13345,13345,2026-10-04,SEC-A02,Wardha–Badnera,FREIGHT,2026-10-04 00:52:03.640841,2026-10-04 01:22:03.640841,4,DN,RUNNING
TR-13346,13346,2026-10-04,SEC-A02,Wardha–Badnera,FREIGHT,2026-10-04 01:58:11.524558,2026-10-04 02:38:11.524558,1,DN,SCHEDULED
TR-13347,13347,2026-10-04,SEC-A02,Wardha–Badnera,PASSENGER,2026-10-04 03:28:19.157242,2026-10-04 04:03:19.157242,8,DN,SCHEDULED
TR-13348,13348,2026-10-04,SEC-A02,Wardha–Badnera,EXPRESS,2026-10-04 04:10:25.675947,2026-10-04 04:35:25.675947,1,DN,SCHEDULED
TR-13349,13349,2026-10-04,SEC-A02,Wardha–Badnera,EXPRESS,2026-10-04 05:12:42.182904,2026-10-04 05:37:42.182904,11,DN,DELAYED
TR-13350,13350,2026-10-04,SEC-A02,Wardha–Badnera,PASSENGER,2026-10-04 06:38:34.489802,2026-10-04 07:13:34.489802,8,DN,SCHEDULED
TR-13351,13351,2026-10-04,SEC-A02,Wardha–Badnera,PASSENGER,2026-10-04 07:45:07.490332,2026-10-04 08:15:07.490332,8,DN,RUNNING
TR-13352,13352,2026-10-04,SEC-A02,Wardha–Badnera,FREIGHT,2026-10-04 08:29:31.998425,2026-10-04 09:09:31.998425,0,DN,RUNNING
TR-13353,13353,2026-10-04,SEC-A02,Wardha–Badnera,FREIGHT,2026-10-04 09:39:20.495752,2026-10-04 10:04:20.495752,16,UP,SCHEDULED
TR-13354,13354,2026-10-04,SEC-A02,Wardha–Badnera,EXPRESS,2026-10-04 11:08:19.699261,2026-10-04 11:43:19.699261,5,DN,SCHEDULED
TR-13355,13355,2026-10-04,SEC-A02,Wardha–Badnera,FREIGHT,2026-10-04 12:09:03.493830,2026-10-04 12:34:03.493830,5,UP,SCHEDULED
TR-13356,13356,2026-10-04,SEC-A02,Wardha–Badnera,SPECIAL,2026-10-04 13:11:08.688088,2026-10-04 13:36:08.688088,5,UP,DELAYED
TR-13357,13357,2026-10-04,SEC-A02,Wardha–Badnera,FREIGHT,2026-10-04 14:20:58.251921,2026-10-04 15:00:58.251921,0,DN,SCHEDULED
TR-13358,13358,2026-10-04,SEC-A02,Wardha–Badnera,PASSENGER,2026-10-04 15:22:49.842964,2026-10-04 15:47:49.842964,6,UP,DELAYED
TR-13359,13359,2026-10-04,SEC-A02,Wardha–Badnera,FREIGHT,2026-10-04 16:17:50.225786,2026-10-04 16:57:50.225786,0,DN,RUNNING
TR-13360,13360,2026-10-04,SEC-A02,Wardha–Badnera,PASSENGER,2026-10-04 17:34:03.521121,2026-10-04 18:19:03.521121,0,DN,RUNNING
TR-13361,13361,2026-10-04,SEC-A02,Wardha–Badnera,FREIGHT,2026-10-04 18:22:56.769280,2026-10-04 19:02:56.769280,0,DN,RUNNING
TR-13362,13362,2026-10-04,SEC-A02,Wardha–Badnera,FREIGHT,2026-10-04 19:27:36.648826,2026-10-04 20:07:36.648826,15,DN,RUNNING
TR-13363,13363,2026-10-04,SEC-A02,Wardha–Badnera,FREIGHT,2026-10-04 20:57:28.677366,2026-10-04 21:22:28.677366,3,UP,RUNNING
TR-13364,13364,2026-10-04,SEC-A02,Wardha–Badnera,FREIGHT,2026-10-04 22:01:49.948881,2026-10-04 22:41:49.948881,18,UP,SCHEDULED
TR-13365,13365,2026-10-04,SEC-A02,Wardha–Badnera,FREIGHT,2026-10-04 22:49:50.944043,2026-10-04 23:19:50.944043,4,UP,DELAYED
TR-13366,13366,2026-10-04,SEC-B01,Badnera–Akola,EXPRESS,2026-10-04 23:49:11.138341,2026-10-05 00:19:11.138341,0,DN,SCHEDULED
TR-13367,13367,2026-10-04,SEC-B01,Badnera–Akola,SPECIAL,2026-10-04 01:39:42.198068,2026-10-04 02:04:42.198068,0,UP,DELAYED
TR-13368,13368,2026-10-04,SEC-B01,Badnera–Akola,PASSENGER,2026-10-04 02:48:06.867565,2026-10-04 03:13:06.867565,12,UP,SCHEDULED
TR-13369,13369,2026-10-04,SEC-B01,Badnera–Akola,FREIGHT,2026-10-04 04:35:31.219242,2026-10-04 05:10:31.219242,6,DN,RUNNING
TR-13370,13370,2026-10-04,SEC-B01,Badnera–Akola,FREIGHT,2026-10-04 06:01:27.211274,2026-10-04 06:41:27.211274,4,DN,SCHEDULED
TR-13371,13371,2026-10-04,SEC-B01,Badnera–Akola,FREIGHT,2026-10-04 07:32:18.634980,2026-10-04 08:12:18.634980,9,UP,SCHEDULED
TR-13372,13372,2026-10-04,SEC-B01,Badnera–Akola,PASSENGER,2026-10-04 09:04:12.844825,2026-10-04 09:44:12.844825,7,UP,SCHEDULED
TR-13373,13373,2026-10-04,SEC-B01,Badnera–Akola,EXPRESS,2026-10-04 10:41:47.730364,2026-10-04 11:26:47.730364,11,DN,SCHEDULED
TR-13374,13374,2026-10-04,SEC-B01,Badnera–Akola,PASSENGER,2026-10-04 12:12:28.518653,2026-10-04 12:47:28.518653,14,DN,RUNNING
TR-13375,13375,2026-10-04,SEC-B01,Badnera–Akola,FREIGHT,2026-10-04 13:39:45.417521,2026-10-04 14:24:45.417521,5,UP,SCHEDULED
TR-13376,13376,2026-10-04,SEC-B01,Badnera–Akola,PASSENGER,2026-10-04 14:45:29.195993,2026-10-04 15:20:29.195993,0,UP,SCHEDULED
TR-13377,13377,2026-10-04,SEC-B01,Badnera–Akola,SPECIAL,2026-10-04 16:17:00.639328,2026-10-04 16:57:00.639328,1,DN,RUNNING
TR-13378,13378,2026-10-04,SEC-B01,Badnera–Akola,FREIGHT,2026-10-04 18:04:50.853092,2026-10-04 18:29:50.853092,9,DN,RUNNING
TR-13379,13379,2026-10-04,SEC-B01,Badnera–Akola,PASSENGER,2026-10-04 19:26:37.945163,2026-10-04 19:56:37.945163,0,DN,DELAYED
TR-13380,13380,2026-10-04,SEC-B01,Badnera–Akola,SPECIAL,2026-10-04 21:02:48.005138,2026-10-04 21:42:48.005138,0,DN,RUNNING
TR-13381,13381,2026-10-04,SEC-B01,Badnera–Akola,EXPRESS,2026-10-04 22:25:32.694523,2026-10-04 23:00:32.694523,6,DN,DELAYED
TR-13382,13382,2026-10-04,SEC-B02,Akola–Bhusawal,FREIGHT,2026-10-04 00:08:05.617310,2026-10-04 00:48:05.617310,7,DN,RUNNING
TR-13383,13383,2026-10-04,SEC-B02,Akola–Bhusawal,PASSENGER,2026-10-04 01:44:50.348970,2026-10-04 02:24:50.348970,4,DN,SCHEDULED
TR-13384,13384,2026-10-04,SEC-B02,Akola–Bhusawal,PASSENGER,2026-10-04 02:59:14.769215,2026-10-04 03:44:14.769215,0,UP,SCHEDULED
TR-13385,13385,2026-10-04,SEC-B02,Akola–Bhusawal,PASSENGER,2026-10-04 04:28:38.435155,2026-10-04 05:03:38.435155,2,DN,SCHEDULED
TR-13386,13386,2026-10-04,SEC-B02,Akola–Bhusawal,EXPRESS,2026-10-04 05:54:41.170512,2026-10-04 06:39:41.170512,0,DN,SCHEDULED
TR-13387,13387,2026-10-04,SEC-B02,Akola–Bhusawal,PASSENGER,2026-10-04 07:33:24.691056,2026-10-04 07:58:24.691056,10,UP,DELAYED
TR-13388,13388,2026-10-04,SEC-B02,Akola–Bhusawal,EXPRESS,2026-10-04 09:10:52.890037,2026-10-04 09:35:52.890037,11,DN,SCHEDULED
TR-13389,13389,2026-10-04,SEC-B02,Akola–Bhusawal,PASSENGER,2026-10-04 10:30:03.730700,2026-10-04 11:10:03.730700,0,DN,DELAYED
TR-13390,13390,2026-10-04,SEC-B02,Akola–Bhusawal,PASSENGER,2026-10-04 12:04:36.664170,2026-10-04 12:29:36.664170,0,UP,DELAYED
TR-13391,13391,2026-10-04,SEC-B02,Akola–Bhusawal,PASSENGER,2026-10-04 13:29:43.978202,2026-10-04 14:09:43.978202,0,UP,SCHEDULED
TR-13392,13392,2026-10-04,SEC-B02,Akola–Bhusawal,FREIGHT,2026-10-04 14:53:42.515983,2026-10-04 15:28:42.515983,3,UP,SCHEDULED
TR-13393,13393,2026-10-04,SEC-B02,Akola–Bhusawal,PASSENGER,2026-10-04 16:20:58.421545,2026-10-04 17:00:58.421545,3,DN,SCHEDULED
TR-13394,13394,2026-10-04,SEC-B02,Akola–Bhusawal,PASSENGER,2026-10-04 18:08:10.432804,2026-10-04 18:33:10.432804,0,UP,RUNNING
TR-13395,13395,2026-10-04,SEC-B02,Akola–Bhusawal,EXPRESS,2026-10-04 19:40:58.018059,2026-10-04 20:25:58.018059,0,UP,RUNNING
TR-13396,13396,2026-10-04,SEC-B02,Akola–Bhusawal,PASSENGER,2026-10-04 21:09:15.153318,2026-10-04 21:34:15.153318,0,UP,SCHEDULED
TR-13397,13397,2026-10-04,SEC-B02,Akola–Bhusawal,FREIGHT,2026-10-04 22:37:12.641507,2026-10-04 23:22:12.641507,9,DN,RUNNING
TR-13398,13398,2026-10-04,SEC-C01,Bhusawal–Jalgaon,PASSENGER,2026-10-04 23:56:00.016158,2026-10-05 00:36:00.016158,4,DN,DELAYED
TR-13399,13399,2026-10-04,SEC-C01,Bhusawal–Jalgaon,PASSENGER,2026-10-04 02:12:11.390599,2026-10-04 02:52:11.390599,0,DN,DELAYED
TR-13400,13400,2026-10-04,SEC-C01,Bhusawal–Jalgaon,PASSENGER,2026-10-04 04:54:03.685970,2026-10-04 05:19:03.685970,5,DN,RUNNING
TR-13401,13401,2026-10-04,SEC-C01,Bhusawal–Jalgaon,EXPRESS,2026-10-04 07:11:14.325929,2026-10-04 07:56:14.325929,0,UP,SCHEDULED
TR-13402,13402,2026-10-04,SEC-C01,Bhusawal–Jalgaon,FREIGHT,2026-10-04 09:21:43.396696,2026-10-04 09:46:43.396696,6,UP,RUNNING
TR-13403,13403,2026-10-04,SEC-C01,Bhusawal–Jalgaon,FREIGHT,2026-10-04 12:04:47.751540,2026-10-04 12:49:47.751540,19,DN,RUNNING
TR-13404,13404,2026-10-04,SEC-C01,Bhusawal–Jalgaon,FREIGHT,2026-10-04 14:11:00.273994,2026-10-04 14:41:00.273994,17,UP,DELAYED
TR-13405,13405,2026-10-04,SEC-C01,Bhusawal–Jalgaon,PASSENGER,2026-10-04 16:34:11.560374,2026-10-04 17:04:11.560374,0,UP,RUNNING
TR-13406,13406,2026-10-04,SEC-C01,Bhusawal–Jalgaon,FREIGHT,2026-10-04 18:57:20.148518,2026-10-04 19:22:20.148518,13,UP,SCHEDULED
TR-13407,13407,2026-10-04,SEC-C01,Bhusawal–Jalgaon,FREIGHT,2026-10-04 21:36:44.213623,2026-10-04 22:11:44.213623,13,UP,RUNNING
